{"type":"FeatureCollection","name":"Frascarelli service areas — ISTAT 2026 generalized boundaries","source":"ISTAT, Confini delle unità amministrative a fini statistici, 1 January 2026","features":[{"type":"Feature","properties":{"province":"alessandria","geometryId":"uts:6","adminLevel":"province","name":"Alessandria"},"geometry":{"type":"MultiPolygon","coordinates":[[[[8.409892,45.202082],[8.414727,45.198223],[8.422692,45.197943],[8.432185,45.195057],[8.43298,45.194862],[8.436671,45.1952],[8.439144,45.1955],[8.440915,45.195819],[8.442646,45.19676],[8.445621,45.198605],[8.454766,45.202318],[8.466976,45.203757],[8.471263,45.204461],[8.472206,45.204245],[8.479915,45.202378],[8.484965,45.198308],[8.49074,45.196727],[8.492278,45.197369],[8.493878,45.197961],[8.494804,45.198185],[8.495901,45.198384],[8.495997,45.198398],[8.496063,45.198398],[8.496213,45.198399],[8.496301,45.198381],[8.496417,45.198355],[8.49694,45.198114],[8.497053,45.19806],[8.497121,45.198002],[8.497149,45.197964],[8.497166,45.197939],[8.497572,45.197356],[8.49762,45.197239],[8.497676,45.19709],[8.498451,45.192903],[8.498458,45.191162],[8.504958,45.178624],[8.506912,45.175617],[8.509985,45.173618],[8.516267,45.171017],[8.516777,45.171027],[8.523215,45.17322],[8.525037,45.174686],[8.533871,45.175636],[8.536487,45.175517],[8.540799,45.172713],[8.543435,45.170143],[8.546113,45.168052],[8.547782,45.168151],[8.553541,45.166986],[8.555466,45.164697],[8.556691,45.157702],[8.577294,45.153027],[8.577701,45.153019],[8.580001,45.152699],[8.580648,45.152279],[8.580674,45.152258],[8.585099,45.148127],[8.58647,45.146716],[8.586785,45.145542],[8.586827,45.14534],[8.587128,45.143756],[8.587158,45.143593],[8.587299,45.142801],[8.587555,45.141355],[8.587934,45.138436],[8.587947,45.138339],[8.588013,45.137803],[8.588161,45.136601],[8.594543,45.130828],[8.601443,45.129466],[8.610851,45.127642],[8.611942,45.124081],[8.608848,45.10967],[8.608584,45.109147],[8.608475,45.108346],[8.608671,45.107608],[8.609095,45.106889],[8.609967,45.105731],[8.611489,45.104179],[8.612147,45.103524],[8.61223,45.103441],[8.612462,45.10321],[8.613254,45.102565],[8.613522,45.102413],[8.620676,45.098602],[8.622432,45.092288],[8.630321,45.088201],[8.636562,45.083787],[8.639918,45.077119],[8.642338,45.072],[8.641141,45.064083],[8.643552,45.062389],[8.643795,45.062153],[8.64419,45.061771],[8.644536,45.061259],[8.64469,45.060935],[8.646951,45.055541],[8.646977,45.055244],[8.646995,45.054987],[8.646949,45.054686],[8.646798,45.054316],[8.646616,45.053938],[8.646353,45.053563],[8.646082,45.053214],[8.645395,45.052534],[8.645034,45.052249],[8.64477,45.052069],[8.643215,45.051263],[8.634738,45.040962],[8.644247,45.035639],[8.65259,45.034314],[8.656949,45.029401],[8.657027,45.028431],[8.656966,45.0279],[8.656791,45.027535],[8.656576,45.027185],[8.656346,45.02687],[8.65601,45.02652],[8.655307,45.02587],[8.65493,45.025571],[8.65449,45.025251],[8.653189,45.02437],[8.65258,45.024028],[8.65196,45.023689],[8.652502,45.022899],[8.656813,45.019303],[8.658386,45.018333],[8.659068,45.017975],[8.659238,45.017924],[8.659319,45.017942],[8.665144,45.019984],[8.665408,45.020118],[8.665624,45.020269],[8.665822,45.020427],[8.665888,45.020482],[8.665999,45.020608],[8.666437,45.021208],[8.666676,45.021697],[8.666928,45.022445],[8.667006,45.022731],[8.667028,45.023078],[8.667001,45.023501],[8.666917,45.024095],[8.666842,45.02446],[8.672932,45.02792],[8.68169,45.028842],[8.685747,45.027074],[8.689604,45.024861],[8.695044,45.023226],[8.700814,45.026518],[8.701847,45.028229],[8.701104,45.030275],[8.701045,45.030567],[8.701005,45.031823],[8.701323,45.032598],[8.702007,45.03377],[8.70251,45.034489],[8.702981,45.034976],[8.704996,45.037052],[8.705525,45.037332],[8.706063,45.037559],[8.706641,45.037794],[8.707556,45.038042],[8.708092,45.038157],[8.710059,45.038291],[8.710643,45.038221],[8.710999,45.03815],[8.711393,45.03807],[8.711762,45.03798],[8.712143,45.037846],[8.712512,45.037703],[8.712869,45.037551],[8.712929,45.037523],[8.713211,45.03739],[8.713937,45.036969],[8.714346,45.036546],[8.714704,45.036025],[8.714998,45.035567],[8.720575,45.026796],[8.728016,45.022848],[8.733928,45.023415],[8.739278,45.023601],[8.743814,45.023672],[8.749802,45.021165],[8.750054,45.021023],[8.750145,45.020967],[8.75054,45.020725],[8.75096,45.020384],[8.751279,45.019953],[8.753463,45.016582],[8.754111,45.015327],[8.754077,45.015312],[8.753784,45.015186],[8.75366,45.015132],[8.752328,45.014869],[8.751986,45.014823],[8.751631,45.014795],[8.748211,45.013248],[8.747726,45.009294],[8.74788,45.009147],[8.748736,45.009163],[8.749661,45.009336],[8.751081,45.009645],[8.761729,45.012098],[8.767024,45.010274],[8.766953,45.010083],[8.766815,45.009705],[8.766767,45.009526],[8.766702,45.009273],[8.76664,45.008886],[8.766616,45.008526],[8.766706,45.008121],[8.766741,45.008048],[8.766804,45.007916],[8.766937,45.007634],[8.767214,45.007325],[8.767242,45.007294],[8.767321,45.007245],[8.767649,45.007043],[8.768055,45.006854],[8.768678,45.006694],[8.769198,45.006659],[8.770721,45.006689],[8.771279,45.006726],[8.771748,45.006781],[8.772282,45.006893],[8.772699,45.007008],[8.773282,45.007198],[8.775233,45.007949],[8.775524,45.008174],[8.775659,45.008383],[8.775764,45.008544],[8.778677,45.013249],[8.776385,45.018717],[8.775732,45.020156],[8.775994,45.021372],[8.777699,45.023734],[8.778523,45.023853],[8.779069,45.023854],[8.779564,45.023819],[8.780263,45.023766],[8.780948,45.023686],[8.781329,45.023616],[8.781431,45.023597],[8.782434,45.023338],[8.786029,45.022364],[8.788508,45.021216],[8.789055,45.020875],[8.789475,45.020633],[8.790949,45.020014],[8.791469,45.019898],[8.792104,45.019818],[8.792955,45.019793],[8.794542,45.019867],[8.794712,45.019881],[8.795199,45.019922],[8.795771,45.020041],[8.796431,45.020276],[8.79695,45.020466],[8.79804,45.020972],[8.799079,45.021469],[8.799522,45.021767],[8.799952,45.022119],[8.80037,45.02248],[8.800749,45.022858],[8.801015,45.023192],[8.801242,45.023489],[8.801697,45.024363],[8.801911,45.024813],[8.802213,45.025588],[8.802713,45.027265],[8.801261,45.029331],[8.800904,45.029826],[8.800409,45.029735],[8.799839,45.029518],[8.799243,45.029409],[8.79871,45.029372],[8.798075,45.029542],[8.797817,45.029648],[8.797754,45.029674],[8.797554,45.029757],[8.796854,45.030143],[8.796345,45.030592],[8.795873,45.031041],[8.795478,45.031419],[8.79437,45.032623],[8.794242,45.032911],[8.794153,45.033199],[8.794378,45.03409],[8.794643,45.034487],[8.795364,45.03528],[8.795642,45.035524],[8.796213,45.035813],[8.797303,45.036121],[8.7979,45.03623],[8.798852,45.036286],[8.799537,45.036287],[8.800311,45.036207],[8.804452,45.035683],[8.80992,45.034283],[8.82178,45.039654],[8.82536,45.044008],[8.830911,45.042702],[8.837991,45.044233],[8.840522,45.047469],[8.848882,45.049676],[8.858605,45.05076],[8.86373,45.04817],[8.869356,45.052366],[8.879271,45.059038],[8.884127,45.056271],[8.882973,45.055748],[8.881996,45.055126],[8.881299,45.054477],[8.881059,45.05408],[8.885721,45.050613],[8.889447,45.050245],[8.892749,45.050023],[8.900045,45.043986],[8.902521,45.037141],[8.904169,45.030499],[8.904374,45.029572],[8.904657,45.02662],[8.903525,45.020147],[8.90349,45.019995],[8.903311,45.019219],[8.903071,45.018364],[8.902755,45.017463],[8.902579,45.017004],[8.901419,45.012642],[8.901319,45.011822],[8.901243,45.011039],[8.90112,45.00905],[8.901159,45.008185],[8.901251,45.007847],[8.901274,45.007763],[8.908423,44.998285],[8.910571,44.995479],[8.916861,44.988119],[8.927788,44.98233],[8.938161,44.982012],[8.943612,44.984499],[8.944498,44.987137],[8.951954,44.988221],[8.958505,44.987485],[8.961276,44.985365],[8.96687,44.979886],[8.97253,44.973361],[8.97763,44.96601],[8.978325,44.956839],[8.975981,44.953472],[8.974941,44.953652],[8.973026,44.953867],[8.971721,44.953921],[8.971404,44.953291],[8.97124,44.952525],[8.969989,44.944639],[8.97061,44.943245],[8.97288,44.941958],[8.981894,44.935613],[8.988206,44.930852],[8.991287,44.92474],[8.995546,44.918619],[8.998307,44.917881],[9.000575,44.911715],[9.001347,44.908195],[9.005249,44.904405],[9.006173,44.903739],[9.006341,44.903671],[9.008048,44.902982],[9.014199,44.901419],[9.018398,44.900803],[9.019079,44.900694],[9.019991,44.900199],[9.025423,44.895391],[9.028777,44.892294],[9.029511,44.891348],[9.029632,44.89108],[9.029875,44.890538],[9.040854,44.885052],[9.04217,44.884467],[9.042268,44.884452],[9.043048,44.884354],[9.046731,44.886877],[9.047415,44.887408],[9.048668,44.887713],[9.055224,44.888925],[9.055621,44.888161],[9.059514,44.880651],[9.061517,44.876023],[9.067971,44.868989],[9.068628,44.868547],[9.068811,44.868339],[9.069235,44.867853],[9.069261,44.867812],[9.069677,44.867133],[9.069771,44.866895],[9.070104,44.866038],[9.070067,44.864684],[9.069851,44.864153],[9.06805,44.860535],[9.067581,44.860094],[9.066745,44.859654],[9.065958,44.859474],[9.065721,44.859419],[9.065568,44.859384],[9.065091,44.859322],[9.056703,44.854438],[9.049687,44.850103],[9.053377,44.844223],[9.064493,44.833104],[9.067015,44.831072],[9.067888,44.83109],[9.069305,44.830891],[9.070418,44.830683],[9.071001,44.83022],[9.071062,44.83017],[9.072907,44.828035],[9.073424,44.827044],[9.075012,44.822956],[9.07372,44.820977],[9.07272,44.820248],[9.071985,44.819178],[9.071807,44.818331],[9.071932,44.817863],[9.072147,44.817593],[9.072257,44.817477],[9.07264,44.817089],[9.073297,44.816728],[9.076697,44.814943],[9.077001,44.81479],[9.079896,44.814203],[9.080806,44.814283],[9.081616,44.814463],[9.082679,44.815011],[9.083843,44.815596],[9.08394,44.815629],[9.085337,44.816108],[9.086842,44.81662],[9.094194,44.818819],[9.094434,44.818871],[9.095145,44.819026],[9.095745,44.81874],[9.095901,44.818665],[9.103167,44.814536],[9.106828,44.811354],[9.115799,44.807304],[9.126116,44.806185],[9.146726,44.80904],[9.150039,44.81073],[9.155527,44.814953],[9.157126,44.812359],[9.156075,44.81172],[9.155403,44.811199],[9.15512,44.809408],[9.15566,44.808906],[9.164887,44.802089],[9.170031,44.798667],[9.173505,44.796149],[9.17409,44.788667],[9.173835,44.783851],[9.172121,44.781126],[9.1715,44.780578],[9.171387,44.780433],[9.170967,44.779885],[9.170724,44.779021],[9.170695,44.778878],[9.170532,44.778049],[9.170505,44.777843],[9.170493,44.777753],[9.170477,44.777626],[9.170449,44.777399],[9.170428,44.777221],[9.170337,44.776356],[9.17036,44.775484],[9.171437,44.772278],[9.171726,44.771683],[9.173088,44.770565],[9.173374,44.770353],[9.173819,44.770024],[9.189076,44.759449],[9.194158,44.756839],[9.19926,44.756083],[9.209283,44.753553],[9.21355,44.752348],[9.214041,44.74546],[9.210982,44.734456],[9.206233,44.728217],[9.203799,44.724693],[9.203418,44.724001],[9.203112,44.723146],[9.20283,44.722057],[9.204206,44.714817],[9.205362,44.709539],[9.206213,44.707341],[9.207229,44.70553],[9.206359,44.699144],[9.203012,44.691053],[9.20032,44.686405],[9.200052,44.686116],[9.19982,44.685864],[9.199464,44.685018],[9.199196,44.68411],[9.199142,44.683129],[9.199392,44.6786],[9.199789,44.676655],[9.200125,44.675367],[9.200613,44.674223],[9.201021,44.67335],[9.201041,44.673307],[9.20109,44.673204],[9.201783,44.671839],[9.202105,44.671353],[9.202633,44.671019],[9.204342,44.668756],[9.206386,44.66079],[9.206435,44.660205],[9.206331,44.659593],[9.20605,44.658531],[9.205783,44.658018],[9.204235,44.655275],[9.20298,44.653324],[9.200551,44.651348],[9.198969,44.645985],[9.19859,44.638635],[9.19891,44.633548],[9.200558,44.626167],[9.200237,44.616342],[9.200312,44.615934],[9.200422,44.615333],[9.202973,44.613494],[9.203119,44.611678],[9.203178,44.610944],[9.203526,44.608815],[9.204243,44.605541],[9.205012,44.602211],[9.205245,44.600542],[9.205225,44.600277],[9.205191,44.599817],[9.205165,44.59948],[9.204947,44.598536],[9.204829,44.598293],[9.204592,44.597807],[9.202624,44.594436],[9.199359,44.592919],[9.198312,44.592534],[9.197152,44.592329],[9.194708,44.592],[9.193297,44.59193],[9.183165,44.591312],[9.17512,44.587751],[9.168611,44.584259],[9.16446,44.580921],[9.157964,44.577041],[9.15403,44.574849],[9.152555,44.574221],[9.151214,44.574118],[9.15083,44.574088],[9.143022,44.573657],[9.141095,44.573552],[9.139434,44.573644],[9.137672,44.573934],[9.135192,44.574477],[9.133984,44.574875],[9.133867,44.57497],[9.128051,44.577583],[9.121783,44.580335],[9.114329,44.581144],[9.109856,44.583916],[9.10361,44.591052],[9.10238,44.592854],[9.102155,44.594114],[9.102182,44.595105],[9.102467,44.599174],[9.102569,44.600083],[9.103432,44.602999],[9.103663,44.603647],[9.103724,44.603818],[9.104166,44.6047],[9.104382,44.60551],[9.104485,44.606612],[9.104196,44.607405],[9.103582,44.608855],[9.102714,44.609922],[9.097826,44.61384],[9.092313,44.613775],[9.08461,44.616454],[9.080127,44.620959],[9.073333,44.62434],[9.05803,44.62181],[9.047046,44.614665],[9.044772,44.620825],[9.041767,44.630991],[9.039042,44.636587],[9.035486,44.641877],[9.027495,44.648415],[9.023229,44.655153],[9.023224,44.655194],[9.022935,44.657067],[9.022821,44.657769],[9.022565,44.658264],[9.02165,44.660029],[9.021108,44.660857],[9.020516,44.661506],[9.015586,44.665494],[9.014691,44.666071],[9.013517,44.666629],[9.013153,44.666792],[9.012161,44.667072],[9.011025,44.667378],[9.007302,44.668187],[9.000122,44.667523],[9.000087,44.667505],[8.999889,44.667406],[8.999739,44.66732],[8.999231,44.667029],[8.998106,44.666383],[8.997874,44.666243],[8.997832,44.666213],[8.997076,44.665671],[8.996957,44.665585],[8.99645,44.665207],[8.996137,44.664973],[8.984875,44.663514],[8.973639,44.663152],[8.972515,44.66335],[8.970169,44.664492],[8.969438,44.664879],[8.966554,44.669524],[8.966478,44.670181],[8.966264,44.670838],[8.966244,44.670891],[8.966023,44.671477],[8.965695,44.672125],[8.96384,44.673592],[8.963044,44.674051],[8.959523,44.676021],[8.958337,44.676264],[8.954438,44.676208],[8.95233,44.67555],[8.937949,44.675813],[8.936965,44.676154],[8.935981,44.676442],[8.934543,44.676423],[8.933055,44.676305],[8.931933,44.676193],[8.931031,44.67597],[8.924201,44.674121],[8.923577,44.673691],[8.922071,44.672617],[8.921773,44.672303],[8.9218,44.671968],[8.922327,44.67077],[8.922345,44.670731],[8.922579,44.670303],[8.922907,44.669925],[8.921883,44.663574],[8.912176,44.65176],[8.908824,44.647645],[8.901739,44.644759],[8.894541,44.641972],[8.887582,44.640823],[8.882694,44.639021],[8.882621,44.638747],[8.882447,44.637001],[8.882687,44.636551],[8.884517,44.633234],[8.892158,44.627125],[8.897298,44.624107],[8.90442,44.62063],[8.907051,44.61415],[8.906221,44.611536],[8.905865,44.602857],[8.908925,44.596879],[8.911942,44.583395],[8.911565,44.582818],[8.911541,44.582224],[8.911613,44.581235],[8.911893,44.580033],[8.915156,44.575274],[8.918597,44.572017],[8.919429,44.571055],[8.921395,44.568674],[8.921644,44.568224],[8.921772,44.567988],[8.921646,44.567017],[8.921404,44.566275],[8.917503,44.561055],[8.916987,44.560605],[8.916957,44.560589],[8.916132,44.560163],[8.915113,44.559649],[8.913854,44.559108],[8.909048,44.557452],[8.907274,44.556847],[8.9055,44.55627],[8.902418,44.555565],[8.891336,44.550631],[8.890343,44.550647],[8.889702,44.550714],[8.889575,44.550727],[8.888606,44.550871],[8.885406,44.551804],[8.884284,44.552325],[8.884241,44.552356],[8.884186,44.552395],[8.88407,44.552478],[8.883302,44.553026],[8.880001,44.55542],[8.878874,44.557343],[8.877822,44.559328],[8.875418,44.561688],[8.873519,44.563194],[8.869703,44.56584],[8.868608,44.566244],[8.867675,44.56627],[8.865837,44.566196],[8.865007,44.565871],[8.864669,44.564943],[8.864522,44.564396],[8.864465,44.564188],[8.86432,44.563646],[8.863958,44.562557],[8.863394,44.561161],[8.862905,44.56061],[8.854384,44.560078],[8.849624,44.560333],[8.843228,44.562391],[8.834296,44.563125],[8.826556,44.561554],[8.823875,44.557528],[8.823186,44.556474],[8.822222,44.551231],[8.822213,44.550249],[8.822366,44.549603],[8.822417,44.549395],[8.822531,44.549258],[8.822747,44.548997],[8.822983,44.548713],[8.823007,44.548693],[8.82342,44.548364],[8.824121,44.547807],[8.824282,44.54768],[8.825469,44.547207],[8.826246,44.546797],[8.827361,44.546071],[8.828108,44.545554],[8.828685,44.54486],[8.828989,44.544219],[8.829042,44.543634],[8.828768,44.543067],[8.828316,44.542409],[8.827967,44.542023],[8.826057,44.540136],[8.824864,44.539057],[8.8244,44.538639],[8.824335,44.538598],[8.824136,44.538475],[8.823735,44.538224],[8.823504,44.538161],[8.823241,44.53809],[8.823203,44.538081],[8.822876,44.538014],[8.822677,44.537973],[8.822587,44.537954],[8.821946,44.537953],[8.820832,44.53803],[8.815401,44.53702],[8.80811,44.535284],[8.807217,44.534986],[8.806389,44.534597],[8.804514,44.533513],[8.802256,44.532168],[8.801176,44.531491],[8.799078,44.530147],[8.794916,44.52255],[8.795093,44.518778],[8.797097,44.509163],[8.798995,44.503444],[8.798792,44.500094],[8.792725,44.497568],[8.791895,44.497292],[8.788599,44.496447],[8.787359,44.489675],[8.782421,44.488393],[8.769744,44.489381],[8.768962,44.489659],[8.768318,44.490269],[8.766941,44.49195],[8.766674,44.492733],[8.766949,44.493319],[8.769964,44.497169],[8.771534,44.507756],[8.767639,44.519283],[8.7679,44.52013],[8.768055,44.521841],[8.768025,44.523146],[8.76792,44.52401],[8.767564,44.524964],[8.766996,44.525854],[8.766591,44.52633],[8.765694,44.527046],[8.764934,44.52764],[8.763537,44.52853],[8.760472,44.530243],[8.759389,44.530223],[8.758661,44.52996],[8.758444,44.529779],[8.757896,44.529319],[8.755752,44.530611],[8.756736,44.536123],[8.750543,44.54504],[8.742843,44.550199],[8.739785,44.555369],[8.738696,44.559724],[8.734687,44.566291],[8.722844,44.578393],[8.722115,44.579111],[8.721959,44.579264],[8.720999,44.579865],[8.719939,44.580303],[8.718764,44.580742],[8.718401,44.580833],[8.717907,44.580956],[8.715072,44.581327],[8.714076,44.58145],[8.713093,44.581466],[8.705714,44.581258],[8.68809,44.580356],[8.686826,44.578895],[8.6865,44.57857],[8.685421,44.577738],[8.682209,44.57547],[8.68019,44.575699],[8.678305,44.576731],[8.676944,44.578075],[8.67478,44.580103],[8.667601,44.582328],[8.653894,44.581058],[8.64019,44.579144],[8.632475,44.580461],[8.63243,44.580479],[8.631554,44.580854],[8.627351,44.583375],[8.625236,44.584795],[8.620825,44.580477],[8.616097,44.575474],[8.611004,44.57055],[8.610945,44.570578],[8.610688,44.5707],[8.610512,44.570783],[8.609756,44.570816],[8.605795,44.570055],[8.604858,44.569868],[8.60465,44.569826],[8.601714,44.568484],[8.601211,44.568239],[8.60118,44.568198],[8.600887,44.567824],[8.598859,44.558724],[8.605497,44.552418],[8.612339,44.547562],[8.612908,44.547123],[8.613142,44.546899],[8.613336,44.546714],[8.613453,44.546603],[8.613733,44.546109],[8.613537,44.545514],[8.612401,44.543844],[8.611427,44.542653],[8.607898,44.539598],[8.605908,44.538088],[8.603399,44.538763],[8.601875,44.538929],[8.600704,44.53888],[8.600121,44.538762],[8.599574,44.538651],[8.598318,44.538295],[8.595782,44.53735],[8.592802,44.535178],[8.588763,44.531446],[8.589668,44.529766],[8.590127,44.528876],[8.590321,44.528067],[8.590161,44.527616],[8.589736,44.527137],[8.587364,44.524653],[8.586688,44.524191],[8.582876,44.523543],[8.580119,44.52338],[8.578184,44.525518],[8.577434,44.525314],[8.573757,44.523325],[8.573222,44.522441],[8.572806,44.521372],[8.573616,44.514943],[8.575139,44.511384],[8.576162,44.509226],[8.570015,44.507894],[8.562903,44.506008],[8.558798,44.50347],[8.551829,44.503516],[8.550293,44.503834],[8.549537,44.503993],[8.548817,44.50435],[8.547591,44.505111],[8.547132,44.505802],[8.547153,44.506379],[8.547034,44.507089],[8.546333,44.508275],[8.544246,44.511408],[8.543926,44.511733],[8.543878,44.511781],[8.543663,44.511999],[8.543221,44.512205],[8.536785,44.51299],[8.515944,44.50977],[8.498868,44.509823],[8.481796,44.510835],[8.47443,44.516375],[8.474685,44.516664],[8.475195,44.517405],[8.474975,44.518016],[8.473729,44.519603],[8.471531,44.521843],[8.470658,44.522478],[8.47042,44.522415],[8.458639,44.516024],[8.453147,44.509875],[8.45245,44.508429],[8.451885,44.505331],[8.451008,44.50078],[8.450842,44.500396],[8.449499,44.497388],[8.448793,44.497578],[8.448678,44.497609],[8.44653,44.498768],[8.445075,44.499638],[8.445047,44.499655],[8.444612,44.499991],[8.444038,44.500434],[8.444012,44.500454],[8.442097,44.502997],[8.433588,44.502799],[8.428627,44.502534],[8.426195,44.504456],[8.420312,44.511864],[8.416129,44.512364],[8.409794,44.510091],[8.40369,44.507448],[8.399984,44.502216],[8.397874,44.49107],[8.391375,44.483283],[8.388449,44.477043],[8.382615,44.476463],[8.375299,44.474311],[8.372385,44.47019],[8.367138,44.467414],[8.36546,44.466728],[8.364849,44.466515],[8.363771,44.466144],[8.362419,44.465773],[8.359534,44.464996],[8.358491,44.464936],[8.35842,44.464971],[8.358276,44.465042],[8.358017,44.465169],[8.357986,44.465185],[8.353082,44.474632],[8.351819,44.479699],[8.350985,44.482413],[8.350454,44.483832],[8.350361,44.484057],[8.350053,44.484811],[8.349228,44.48551],[8.349178,44.485553],[8.347775,44.485867],[8.335592,44.488266],[8.328845,44.488206],[8.320279,44.489157],[8.318567,44.491541],[8.314731,44.496353],[8.3113,44.498988],[8.304795,44.503468],[8.302083,44.503217],[8.289329,44.503247],[8.276257,44.506685],[8.269771,44.510506],[8.262406,44.517975],[8.261575,44.519443],[8.262767,44.521025],[8.266625,44.52449],[8.272116,44.52902],[8.278494,44.532131],[8.278513,44.531796],[8.278518,44.531721],[8.278679,44.531543],[8.278842,44.531366],[8.278863,44.531345],[8.279188,44.531028],[8.279762,44.530981],[8.28065,44.531068],[8.280845,44.5312],[8.28124,44.532179],[8.282356,44.535596],[8.280759,44.541867],[8.279645,44.542658],[8.279236,44.543023],[8.279087,44.543201],[8.278957,44.543506],[8.279214,44.544564],[8.279845,44.546967],[8.280337,44.548155],[8.280403,44.548314],[8.28052,44.548595],[8.280613,44.54882],[8.283608,44.554957],[8.297774,44.563099],[8.306809,44.56271],[8.316622,44.558323],[8.317601,44.558352],[8.321284,44.558522],[8.321473,44.558559],[8.327813,44.560123],[8.331961,44.561651],[8.332221,44.562441],[8.333185,44.563531],[8.334283,44.564627],[8.334326,44.564668],[8.335599,44.565863],[8.336098,44.566307],[8.337265,44.567196],[8.33771,44.567509],[8.348377,44.571559],[8.354955,44.572158],[8.361352,44.571046],[8.368667,44.575186],[8.366958,44.57761],[8.363388,44.580579],[8.358227,44.583061],[8.356205,44.583851],[8.351726,44.590248],[8.351618,44.59029],[8.350573,44.590692],[8.349649,44.591038],[8.347316,44.591758],[8.346751,44.591847],[8.344001,44.592195],[8.342396,44.592267],[8.342325,44.592262],[8.341172,44.592174],[8.33889,44.591675],[8.338522,44.591479],[8.338452,44.591006],[8.338767,44.589802],[8.338786,44.589729],[8.338813,44.589634],[8.33885,44.589533],[8.33846,44.588085],[8.334425,44.587803],[8.333346,44.58815],[8.329424,44.58944],[8.319143,44.594363],[8.316444,44.595842],[8.315801,44.597359],[8.314404,44.60097],[8.314413,44.603779],[8.316184,44.608042],[8.317758,44.610037],[8.325938,44.618489],[8.332336,44.620435],[8.335204,44.621262],[8.339632,44.623039],[8.347334,44.62945],[8.35164,44.633361],[8.353223,44.6348],[8.355429,44.638377],[8.354229,44.648357],[8.352642,44.6587],[8.353185,44.669467],[8.355087,44.674148],[8.355578,44.675834],[8.354568,44.677364],[8.350005,44.6839],[8.346816,44.689183],[8.346392,44.690407],[8.346856,44.692592],[8.34702,44.692885],[8.347299,44.693175],[8.347779,44.69352],[8.348363,44.693744],[8.360749,44.695497],[8.361122,44.695531],[8.367551,44.696107],[8.368351,44.696138],[8.370512,44.695984],[8.374819,44.693899],[8.380494,44.690326],[8.382756,44.688988],[8.389809,44.687689],[8.394653,44.6875],[8.404053,44.688179],[8.408357,44.688727],[8.4177,44.691135],[8.418171,44.691327],[8.420551,44.692306],[8.420348,44.69428],[8.419742,44.694844],[8.418294,44.695013],[8.417833,44.695001],[8.415876,44.694609],[8.41526,44.69441],[8.410805,44.698752],[8.408803,44.705061],[8.408734,44.705308],[8.408867,44.706376],[8.409012,44.706956],[8.409685,44.707624],[8.409954,44.707773],[8.417556,44.709372],[8.424162,44.71],[8.430007,44.711538],[8.427605,44.717894],[8.42497,44.726203],[8.427506,44.734093],[8.442721,44.738089],[8.450387,44.739403],[8.453334,44.746404],[8.453289,44.748047],[8.460196,44.752491],[8.463425,44.754487],[8.464022,44.754814],[8.464199,44.754909],[8.464575,44.755046],[8.465257,44.75508],[8.465462,44.755055],[8.465635,44.755033],[8.466011,44.754967],[8.466695,44.754786],[8.471596,44.753485],[8.475228,44.752034],[8.477873,44.74998],[8.480477,44.747188],[8.48139,44.746486],[8.481777,44.746249],[8.482112,44.746156],[8.482457,44.746162],[8.487675,44.746478],[8.487881,44.746511],[8.488121,44.746565],[8.488943,44.747279],[8.489065,44.749784],[8.489102,44.752663],[8.488468,44.753007],[8.484161,44.754443],[8.488241,44.759642],[8.494411,44.767126],[8.496409,44.76832],[8.501324,44.771925],[8.499889,44.773746],[8.498689,44.77522],[8.49557,44.774375],[8.495237,44.774189],[8.494623,44.773529],[8.492456,44.771106],[8.491527,44.769685],[8.49081,44.76893],[8.48746,44.766773],[8.486996,44.767785],[8.486946,44.767896],[8.487387,44.771599],[8.487985,44.77251],[8.496465,44.780959],[8.497447,44.781851],[8.498102,44.782208],[8.499018,44.782681],[8.502163,44.783785],[8.506242,44.784996],[8.505251,44.786926],[8.502273,44.785837],[8.502026,44.785751],[8.500181,44.786895],[8.499211,44.787501],[8.495433,44.789881],[8.486478,44.795611],[8.486127,44.795902],[8.486073,44.795947],[8.486768,44.797373],[8.487047,44.79781],[8.488921,44.799097],[8.490022,44.799629],[8.489959,44.799729],[8.489922,44.79978],[8.489765,44.799893],[8.489059,44.800398],[8.481824,44.805561],[8.481665,44.805673],[8.480791,44.806262],[8.47934,44.807211],[8.47916,44.807247],[8.470192,44.80667],[8.46429,44.806091],[8.462542,44.805323],[8.438974,44.812128],[8.423518,44.818069],[8.423435,44.818105],[8.423349,44.818167],[8.420622,44.820209],[8.421825,44.825024],[8.423706,44.830011],[8.426353,44.832463],[8.427148,44.833732],[8.427769,44.838165],[8.423333,44.847639],[8.419479,44.848593],[8.41562,44.846623],[8.410226,44.844039],[8.407622,44.843257],[8.403297,44.841958],[8.402944,44.841886],[8.40282,44.841881],[8.399744,44.841833],[8.398452,44.841994],[8.39811,44.842037],[8.397869,44.84213],[8.397661,44.842232],[8.396919,44.842652],[8.383602,44.84551],[8.381305,44.84499],[8.377334,44.846147],[8.37629,44.846707],[8.376231,44.846739],[8.376195,44.846802],[8.37617,44.84698],[8.376065,44.848264],[8.376069,44.848831],[8.376205,44.84953],[8.376405,44.850485],[8.379083,44.860973],[8.382382,44.868423],[8.38491,44.869216],[8.385525,44.869449],[8.386665,44.869918],[8.387613,44.870387],[8.388014,44.870587],[8.388754,44.871086],[8.389738,44.871879],[8.39045,44.872657],[8.390909,44.873294],[8.391378,44.873963],[8.39179,44.874762],[8.390706,44.875274],[8.390272,44.875438],[8.388436,44.876063],[8.387956,44.876119],[8.387506,44.876139],[8.387291,44.876124],[8.387138,44.876083],[8.387026,44.876024],[8.383021,44.877235],[8.379626,44.881398],[8.371909,44.891523],[8.366381,44.898793],[8.361585,44.91038],[8.360529,44.917422],[8.360787,44.922186],[8.366844,44.926954],[8.367184,44.926647],[8.367511,44.92636],[8.368148,44.925855],[8.368501,44.925632],[8.368674,44.925543],[8.369387,44.925245],[8.370735,44.92469],[8.371621,44.924474],[8.374789,44.923727],[8.374943,44.923705],[8.375271,44.923666],[8.375896,44.923607],[8.376636,44.923543],[8.377067,44.923532],[8.377382,44.923525],[8.378056,44.92351],[8.378382,44.923509],[8.378488,44.923509],[8.378674,44.923509],[8.379588,44.923805],[8.380093,44.923975],[8.380199,44.924025],[8.380314,44.92408],[8.380537,44.924252],[8.381791,44.932456],[8.380744,44.938806],[8.376517,44.945876],[8.378501,44.949438],[8.378499,44.957242],[8.385157,44.966591],[8.385075,44.97286],[8.380501,44.983579],[8.378898,44.984534],[8.377024,44.984821],[8.373879,44.985104],[8.371543,44.984871],[8.371461,44.984817],[8.369792,44.984237],[8.36906,44.98419],[8.368857,44.984178],[8.368098,44.984349],[8.367305,44.984547],[8.366582,44.984786],[8.360697,44.986756],[8.353813,44.993784],[8.352248,44.995841],[8.352211,44.995908],[8.352125,44.996101],[8.352089,44.996191],[8.352029,44.996392],[8.351662,44.997732],[8.352316,45.000518],[8.353725,45.005117],[8.358013,45.00984],[8.359464,45.016581],[8.359789,45.025405],[8.356376,45.027992],[8.345434,45.033488],[8.335453,45.034574],[8.328708,45.036019],[8.321954,45.048282],[8.318861,45.053189],[8.315757,45.053994],[8.311343,45.056145],[8.308813,45.057465],[8.305241,45.059552],[8.305705,45.060236],[8.30731,45.062461],[8.311335,45.07074],[8.303357,45.075828],[8.300282,45.075687],[8.294781,45.074311],[8.287867,45.068093],[8.276368,45.062183],[8.260948,45.061068],[8.24862,45.06218],[8.245585,45.062862],[8.244096,45.063099],[8.241546,45.063443],[8.24001,45.062474],[8.237943,45.060587],[8.236515,45.058891],[8.228383,45.049065],[8.227527,45.047608],[8.227564,45.047453],[8.227605,45.047296],[8.227756,45.046728],[8.227841,45.046441],[8.229501,45.041776],[8.234281,45.035245],[8.229359,45.023873],[8.228904,45.022895],[8.227959,45.021295],[8.225847,45.018228],[8.222779,45.014773],[8.217582,45.009914],[8.215807,45.010789],[8.215781,45.011091],[8.215853,45.011972],[8.215911,45.012639],[8.215941,45.012855],[8.215968,45.012888],[8.216056,45.012996],[8.216172,45.013118],[8.216504,45.013309],[8.216738,45.013428],[8.216906,45.013429],[8.217178,45.013261],[8.217612,45.013267],[8.218816,45.014027],[8.21863,45.014498],[8.217567,45.016323],[8.216229,45.017892],[8.213246,45.020965],[8.2084,45.025869],[8.203345,45.030443],[8.198913,45.032608],[8.190216,45.038857],[8.185906,45.040505],[8.178223,45.037178],[8.171498,45.033313],[8.158929,45.029314],[8.148187,45.039186],[8.149891,45.048035],[8.150173,45.049208],[8.150403,45.050509],[8.150408,45.050761],[8.150393,45.05113],[8.15022,45.053515],[8.149982,45.053536],[8.147168,45.053748],[8.146566,45.053788],[8.144406,45.053768],[8.14393,45.053746],[8.14331,45.053656],[8.142629,45.053547],[8.142366,45.053194],[8.142144,45.052765],[8.142109,45.052369],[8.141913,45.051679],[8.140259,45.051549],[8.139784,45.051604],[8.137326,45.052274],[8.13712,45.052336],[8.136869,45.052433],[8.13668,45.052507],[8.135387,45.053128],[8.1352,45.053235],[8.132141,45.056065],[8.132139,45.058329],[8.132868,45.061881],[8.133685,45.065206],[8.126001,45.069345],[8.118433,45.07174],[8.119249,45.079469],[8.121609,45.083949],[8.120372,45.089471],[8.120331,45.089632],[8.115639,45.091711],[8.113887,45.092076],[8.110094,45.094492],[8.10944,45.098689],[8.110375,45.1016],[8.111747,45.105494],[8.112802,45.106956],[8.117025,45.10712],[8.118434,45.107036],[8.119365,45.106962],[8.119552,45.106941],[8.119761,45.106906],[8.119836,45.106894],[8.12053,45.106735],[8.123766,45.108931],[8.128169,45.115221],[8.129377,45.118503],[8.129841,45.120594],[8.129148,45.122691],[8.128973,45.123003],[8.129747,45.123546],[8.130061,45.123769],[8.13056,45.124151],[8.130694,45.12426],[8.1311,45.12461],[8.135925,45.12877],[8.13612,45.129028],[8.135871,45.130439],[8.135092,45.133921],[8.136629,45.139707],[8.138328,45.141057],[8.138366,45.141084],[8.138438,45.141134],[8.138539,45.141198],[8.141093,45.142653],[8.143889,45.14383],[8.143894,45.143912],[8.143898,45.144001],[8.143895,45.1441],[8.143304,45.146981],[8.142921,45.148527],[8.142003,45.149987],[8.139855,45.15255],[8.139217,45.157672],[8.139408,45.159784],[8.142988,45.163061],[8.148096,45.166508],[8.151852,45.168541],[8.15945,45.169624],[8.172477,45.170394],[8.172661,45.164404],[8.172634,45.164301],[8.172627,45.164274],[8.172215,45.160961],[8.172142,45.160354],[8.172077,45.159715],[8.17207,45.159584],[8.1731,45.159528],[8.173258,45.159521],[8.173416,45.159535],[8.176258,45.159799],[8.176763,45.16004],[8.18557,45.16433],[8.186018,45.164659],[8.190277,45.169922],[8.189884,45.172436],[8.189715,45.17356],[8.191267,45.174498],[8.19656,45.177457],[8.198106,45.17803],[8.198953,45.178284],[8.200359,45.178334],[8.201622,45.178158],[8.202327,45.178019],[8.203677,45.177376],[8.204216,45.177119],[8.205312,45.176461],[8.207084,45.175397],[8.211994,45.17224],[8.21265,45.171497],[8.213366,45.170525],[8.213848,45.169614],[8.214032,45.169035],[8.214149,45.168011],[8.214231,45.167286],[8.214311,45.165734],[8.214438,45.164988],[8.214649,45.164616],[8.215065,45.164164],[8.215419,45.164],[8.225574,45.165104],[8.22736,45.165301],[8.229303,45.165661],[8.230065,45.165841],[8.230707,45.166006],[8.23194,45.166327],[8.235653,45.167315],[8.23611,45.167453],[8.236326,45.167535],[8.236915,45.167782],[8.237546,45.168065],[8.240415,45.169552],[8.242063,45.170899],[8.242349,45.171293],[8.24325,45.172177],[8.24432,45.172827],[8.248765,45.175192],[8.249097,45.175366],[8.250001,45.175822],[8.250074,45.175855],[8.250342,45.175976],[8.251009,45.176269],[8.251152,45.17633],[8.251406,45.176439],[8.251688,45.176544],[8.252194,45.176732],[8.253024,45.177007],[8.259238,45.179055],[8.264036,45.180315],[8.264778,45.180477],[8.266331,45.18069],[8.26723,45.180812],[8.267938,45.180907],[8.269646,45.181093],[8.281581,45.178519],[8.293557,45.173786],[8.297978,45.174064],[8.305298,45.176999],[8.306894,45.177864],[8.31148,45.176915],[8.312908,45.176564],[8.321929,45.17379],[8.323596,45.17264],[8.32563,45.170381],[8.327906,45.169312],[8.32822,45.169185],[8.328265,45.169171],[8.328312,45.169157],[8.328355,45.169161],[8.328407,45.169165],[8.328487,45.169172],[8.328538,45.169177],[8.330174,45.169404],[8.33044,45.169444],[8.336911,45.170463],[8.337315,45.170528],[8.337695,45.170612],[8.341716,45.172445],[8.345805,45.176775],[8.352722,45.184943],[8.355974,45.186905],[8.361089,45.190539],[8.361503,45.191555],[8.360394,45.193794],[8.359215,45.195354],[8.363512,45.197601],[8.369676,45.199589],[8.373383,45.200667],[8.374026,45.200823],[8.375157,45.201082],[8.37528,45.201109],[8.375441,45.20111],[8.375534,45.201102],[8.378967,45.200756],[8.382461,45.199888],[8.384471,45.200076],[8.387821,45.200592],[8.390223,45.201096],[8.394936,45.202764],[8.394902,45.202831],[8.394676,45.203203],[8.394564,45.203387],[8.394387,45.203674],[8.397735,45.204804],[8.401658,45.205418],[8.40212,45.205425],[8.403105,45.205322],[8.403341,45.205297],[8.403385,45.205292],[8.403565,45.20527],[8.404161,45.205179],[8.404473,45.205131],[8.404694,45.205088],[8.404745,45.205078],[8.404784,45.20507],[8.409892,45.202082]],[[8.705602,45.013084],[8.706123,45.012905],[8.706386,45.013563],[8.706407,45.013858],[8.706445,45.014418],[8.70649,45.015696],[8.7065,45.016156],[8.706524,45.018982],[8.706508,45.019675],[8.70645,45.021412],[8.706279,45.022618],[8.706148,45.023491],[8.706095,45.023797],[8.706062,45.02393],[8.706017,45.024103],[8.705684,45.024543],[8.705428,45.024483],[8.705088,45.024402],[8.704722,45.024079],[8.704699,45.023638],[8.704872,45.022243],[8.704043,45.017526],[8.703969,45.017337],[8.703745,45.016409],[8.703348,45.01468],[8.703349,45.014464],[8.703503,45.014131],[8.705602,45.013084]],[[8.816692,45.021944],[8.816417,45.022305],[8.811014,45.019702],[8.810979,45.019682],[8.81047,45.019384],[8.810382,45.019332],[8.810013,45.019074],[8.810513,45.017595],[8.810569,45.017532],[8.810653,45.017435],[8.810742,45.017335],[8.811263,45.017281],[8.812037,45.017238],[8.812951,45.017194],[8.81351,45.017231],[8.814271,45.017394],[8.816258,45.018388],[8.816765,45.018812],[8.816903,45.0191],[8.816979,45.019433],[8.816991,45.019685],[8.816925,45.020567],[8.816795,45.021611],[8.816692,45.021944]]]]}},{"type":"Feature","properties":{"province":"cagliari","geometryId":"uts:318","adminLevel":"province","name":"Cagliari"},"geometry":{"type":"MultiPolygon","coordinates":[[[[8.865766,38.881955],[8.865611,38.881436],[8.86525,38.88126],[8.86486,38.881267],[8.864069,38.881418],[8.863648,38.881922],[8.863784,38.882601],[8.864228,38.882884],[8.865219,38.882572],[8.865639,38.88226],[8.865766,38.881955]]],[[[8.891318,38.897581],[8.891223,38.897203],[8.891059,38.89699],[8.890996,38.896923],[8.890908,38.896855],[8.890739,38.896796],[8.890513,38.896773],[8.89042,38.896854],[8.890276,38.896979],[8.8901,38.897217],[8.890039,38.89735],[8.889843,38.898237],[8.890085,38.898469],[8.890423,38.898485],[8.890735,38.898243],[8.891228,38.897792],[8.891318,38.897581]]],[[[8.791406,38.937622],[8.794315,38.937186],[8.796756,38.934784],[8.796891,38.919789],[8.79522,38.91538],[8.794498,38.913594],[8.792933,38.912447],[8.792518,38.912239],[8.786088,38.906487],[8.784434,38.900645],[8.783466,38.898171],[8.782672,38.89914],[8.778574,38.90374],[8.778432,38.907331],[8.778627,38.908922],[8.781811,38.911617],[8.774827,38.915378],[8.773806,38.920909],[8.770263,38.928607],[8.77059,38.930654],[8.772285,38.934721],[8.772676,38.935037],[8.773401,38.935588],[8.773594,38.935715],[8.773758,38.935823],[8.773827,38.935836],[8.774369,38.935933],[8.791406,38.937622]]],[[[9.024377,38.984697],[9.023789,38.984518],[9.022896,38.984644],[9.022407,38.984727],[9.022063,38.984912],[9.022268,38.985072],[9.022644,38.985174],[9.023209,38.98515],[9.023698,38.985025],[9.02424,38.984799],[9.024377,38.984697]]],[[[9.03173,39.002472],[9.031671,39.002472],[9.031433,39.002546],[9.031369,39.002695],[9.031274,39.002931],[9.031322,39.003711],[9.031465,39.004021],[9.03191,39.004306],[9.032053,39.00438],[9.032307,39.004504],[9.032497,39.004516],[9.032688,39.004454],[9.03288,39.004355],[9.033005,39.004243],[9.033053,39.004132],[9.033082,39.003965],[9.033116,39.003773],[9.033073,39.003515],[9.033069,39.003488],[9.032798,39.002881],[9.032624,39.002682],[9.032068,39.002509],[9.031877,39.002472],[9.03173,39.002472]]],[[[9.536968,39.080924],[9.536955,39.080807],[9.536562,39.080818],[9.536204,39.080828],[9.535901,39.080987],[9.535726,39.081144],[9.535664,39.081299],[9.535724,39.081587],[9.535748,39.081704],[9.535853,39.081857],[9.535935,39.081974],[9.536244,39.081936],[9.536316,39.081927],[9.536516,39.081777],[9.536569,39.081737],[9.536779,39.081555],[9.537002,39.081111],[9.536968,39.080924]]],[[[9.5402,39.083288],[9.540441,39.083115],[9.540018,39.082144],[9.539533,39.082237],[9.539522,39.082372],[9.539307,39.082921],[9.539089,39.083221],[9.539519,39.083435],[9.539716,39.083524],[9.539904,39.08346],[9.540004,39.083424],[9.540094,39.083363],[9.5402,39.083288]]],[[[9.541644,39.08331],[9.541374,39.083134],[9.541066,39.083206],[9.540651,39.083305],[9.540564,39.083367],[9.540023,39.083757],[9.540225,39.083924],[9.540494,39.084028],[9.540657,39.08409],[9.541285,39.083878],[9.541343,39.083814],[9.541459,39.083689],[9.541623,39.08336],[9.541644,39.08331]]],[[[9.536744,39.08498],[9.536884,39.084969],[9.537187,39.08467],[9.537257,39.084592],[9.537273,39.084499],[9.537171,39.08439],[9.537038,39.084391],[9.536604,39.084421],[9.536267,39.084649],[9.536038,39.084875],[9.536316,39.084932],[9.536385,39.084945],[9.536453,39.084954],[9.536547,39.084963],[9.536744,39.08498]]],[[[9.530052,39.089961],[9.531389,39.089933],[9.531694,39.089904],[9.532805,39.089757],[9.534223,39.089452],[9.534486,39.08918],[9.534907,39.088554],[9.535082,39.088268],[9.535136,39.08814],[9.535149,39.088104],[9.535215,39.087901],[9.535317,39.084425],[9.533705,39.082329],[9.527652,39.084373],[9.526888,39.084642],[9.526987,39.08516],[9.527649,39.087157],[9.528163,39.088199],[9.528906,39.088766],[9.529149,39.089863],[9.529283,39.090083],[9.529313,39.090132],[9.530052,39.089961]]],[[[9.606899,39.144268],[9.606945,39.144251],[9.607006,39.144227],[9.607111,39.144184],[9.607189,39.144152],[9.607457,39.14378],[9.608264,39.142606],[9.607997,39.138931],[9.607883,39.137868],[9.606417,39.134212],[9.604785,39.13368],[9.604063,39.134527],[9.604039,39.134585],[9.604011,39.134684],[9.603978,39.134806],[9.603645,39.138926],[9.603877,39.140155],[9.60466,39.143743],[9.605553,39.144625],[9.606525,39.144446],[9.606899,39.144268]]],[[[9.603543,39.146725],[9.603463,39.146729],[9.603273,39.146738],[9.602886,39.146848],[9.602853,39.146857],[9.602676,39.147151],[9.602558,39.147397],[9.602441,39.147831],[9.602654,39.148192],[9.603214,39.148658],[9.603919,39.14863],[9.604533,39.148374],[9.605091,39.147929],[9.604872,39.147549],[9.604386,39.14706],[9.604161,39.146933],[9.603543,39.146725]]],[[[9.605922,39.149241],[9.605934,39.148971],[9.605661,39.148517],[9.605178,39.148261],[9.604879,39.148415],[9.60487,39.148832],[9.604995,39.14976],[9.60572,39.150143],[9.605806,39.150023],[9.605972,39.14979],[9.606001,39.149591],[9.605922,39.149241]]],[[[9.605452,39.151244],[9.605443,39.151036],[9.605247,39.150786],[9.604782,39.150851],[9.604494,39.150906],[9.6044,39.150925],[9.603955,39.151576],[9.603936,39.151603],[9.603932,39.151648],[9.603908,39.15199],[9.603971,39.152076],[9.604174,39.152205],[9.604222,39.152219],[9.60429,39.152236],[9.604521,39.152294],[9.604601,39.15223],[9.604784,39.152085],[9.605452,39.151244]]],[[[9.627607,39.308491],[9.628038,39.308322],[9.628073,39.308261],[9.628081,39.308223],[9.628035,39.308153],[9.627846,39.307994],[9.627512,39.307736],[9.62742,39.307731],[9.627342,39.307752],[9.62721,39.307848],[9.627193,39.307891],[9.627342,39.308285],[9.627382,39.308379],[9.627421,39.308456],[9.627468,39.308479],[9.627607,39.308491]]],[[[9.658685,39.52436],[9.658655,39.524302],[9.658622,39.524274],[9.658559,39.524248],[9.658504,39.52424],[9.658078,39.524341],[9.658011,39.524369],[9.657974,39.524427],[9.657982,39.524472],[9.657996,39.524554],[9.657995,39.524995],[9.657981,39.525049],[9.657995,39.525085],[9.658033,39.525103],[9.658076,39.525103],[9.658179,39.525039],[9.658298,39.524953],[9.658403,39.524862],[9.658529,39.524695],[9.658661,39.524487],[9.658685,39.52436]]],[[[9.659654,39.524616],[9.659719,39.524566],[9.659749,39.524485],[9.659765,39.52444],[9.659765,39.524368],[9.659742,39.524327],[9.659343,39.524172],[9.659269,39.524154],[9.659158,39.524168],[9.659023,39.524271],[9.658498,39.52479],[9.658477,39.524812],[9.658465,39.524907],[9.658481,39.524945],[9.658536,39.524965],[9.658927,39.525102],[9.65898,39.525098],[9.659038,39.525075],[9.659654,39.524616]]],[[[9.270623,39.851436],[9.272865,39.850782],[9.280262,39.84153],[9.288444,39.833347],[9.290592,39.830874],[9.292209,39.828129],[9.292916,39.82419],[9.292972,39.823559],[9.293102,39.821126],[9.29286,39.816424],[9.292679,39.814976],[9.292404,39.813533],[9.292286,39.813218],[9.292038,39.812615],[9.291544,39.811814],[9.290838,39.810816],[9.292891,39.807242],[9.295395,39.808029],[9.295839,39.808082],[9.296236,39.808126],[9.296785,39.808161],[9.297428,39.808195],[9.298011,39.808049],[9.29862,39.807815],[9.298758,39.807759],[9.299136,39.807479],[9.299247,39.807397],[9.299676,39.807076],[9.299887,39.806918],[9.300365,39.806494],[9.306888,39.800382],[9.316252,39.796162],[9.328124,39.792264],[9.339519,39.7866],[9.353732,39.775259],[9.354285,39.773833],[9.354858,39.77175],[9.356171,39.763763],[9.35937,39.754725],[9.359543,39.754364],[9.35981,39.754066],[9.360566,39.753541],[9.365928,39.749884],[9.36742,39.749429],[9.375035,39.748116],[9.382133,39.744183],[9.39263,39.738733],[9.394808,39.737924],[9.396762,39.736854],[9.397286,39.736555],[9.397471,39.73632],[9.397586,39.735932],[9.397643,39.735688],[9.397524,39.735391],[9.395526,39.732957],[9.392278,39.730102],[9.39175,39.729726],[9.391422,39.72952],[9.391036,39.729305],[9.390674,39.729162],[9.388411,39.727241],[9.3862,39.72512],[9.385599,39.723734],[9.385051,39.71262],[9.378328,39.710056],[9.360165,39.705347],[9.349056,39.702244],[9.351914,39.691101],[9.352063,39.690623],[9.352455,39.689702],[9.353404,39.688195],[9.362174,39.688247],[9.362256,39.688249],[9.362354,39.688252],[9.362527,39.68826],[9.362839,39.688274],[9.363261,39.688669],[9.365371,39.690816],[9.372466,39.693704],[9.373097,39.6939],[9.375386,39.694577],[9.375749,39.694675],[9.38057,39.695497],[9.381445,39.695539],[9.38253,39.695518],[9.382898,39.695501],[9.383252,39.695479],[9.383824,39.695442],[9.384441,39.695268],[9.398717,39.687192],[9.402426,39.683323],[9.402475,39.677592],[9.401742,39.673811],[9.400315,39.671112],[9.397394,39.667897],[9.397032,39.663771],[9.397035,39.660284],[9.39808,39.653433],[9.405522,39.640288],[9.412307,39.632876],[9.418609,39.622825],[9.424063,39.623139],[9.430125,39.62554],[9.436681,39.634682],[9.440851,39.641304],[9.455448,39.641726],[9.457634,39.641365],[9.470514,39.634808],[9.471489,39.634246],[9.472057,39.633865],[9.472567,39.63343],[9.472903,39.633069],[9.48452,39.619686],[9.484495,39.619406],[9.485299,39.617736],[9.485656,39.617194],[9.485935,39.616986],[9.486283,39.616876],[9.489601,39.616439],[9.489985,39.616446],[9.490347,39.616526],[9.499824,39.619017],[9.50325,39.620606],[9.504596,39.621483],[9.504889,39.621725],[9.505079,39.622184],[9.50754,39.622561],[9.51071,39.610086],[9.520034,39.602854],[9.523617,39.595679],[9.523776,39.589367],[9.531735,39.588551],[9.542039,39.585048],[9.546432,39.582933],[9.54563,39.57958],[9.548427,39.577091],[9.549708,39.575975],[9.550722,39.575186],[9.553377,39.573836],[9.554359,39.573565],[9.556608,39.573266],[9.557556,39.573194],[9.561147,39.573041],[9.564519,39.573021],[9.566534,39.573114],[9.567824,39.573189],[9.568498,39.573231],[9.573967,39.573706],[9.593353,39.573994],[9.593921,39.573831],[9.601041,39.57176],[9.603721,39.570976],[9.604057,39.570831],[9.610033,39.568237],[9.614437,39.566321],[9.61459,39.566252],[9.615126,39.566004],[9.624174,39.561823],[9.624605,39.561622],[9.628959,39.559607],[9.636103,39.556303],[9.648844,39.550411],[9.651361,39.549248],[9.650638,39.548495],[9.648822,39.546843],[9.646833,39.546381],[9.646256,39.54663],[9.644774,39.546617],[9.643612,39.546165],[9.642457,39.545601],[9.642405,39.545546],[9.641853,39.544946],[9.641606,39.544653],[9.641334,39.544329],[9.641244,39.544202],[9.640897,39.543688],[9.639912,39.541924],[9.639643,39.541318],[9.639397,39.54061],[9.639361,39.540506],[9.638994,39.539256],[9.6388,39.538361],[9.638437,39.536561],[9.638234,39.535487],[9.63772,39.532244],[9.633431,39.517664],[9.632668,39.514517],[9.632452,39.512843],[9.632394,39.512266],[9.632372,39.512047],[9.63224,39.510604],[9.632196,39.510014],[9.632104,39.508743],[9.632066,39.508213],[9.632002,39.507312],[9.631993,39.507187],[9.63192,39.50368],[9.631901,39.501639],[9.632277,39.499591],[9.632851,39.497762],[9.633824,39.496517],[9.636116,39.494636],[9.641593,39.493294],[9.644036,39.486118],[9.642392,39.481449],[9.642428,39.477625],[9.643398,39.472168],[9.644534,39.469237],[9.645489,39.464358],[9.645459,39.461114],[9.640376,39.451924],[9.640717,39.447255],[9.641028,39.444397],[9.639371,39.439134],[9.635034,39.436746],[9.634652,39.436753],[9.634485,39.436706],[9.634088,39.436496],[9.6335,39.436082],[9.631497,39.433877],[9.631172,39.433478],[9.628705,39.428939],[9.625588,39.422923],[9.623624,39.419055],[9.62176,39.415309],[9.620265,39.412149],[9.617254,39.405468],[9.612415,39.397043],[9.611398,39.395059],[9.60783,39.388016],[9.60695,39.385962],[9.606768,39.385536],[9.60446,39.379205],[9.603917,39.37771],[9.602756,39.374112],[9.601822,39.371067],[9.601795,39.370963],[9.601767,39.370829],[9.598736,39.356024],[9.598044,39.35206],[9.597855,39.350515],[9.597708,39.349304],[9.597733,39.344817],[9.598385,39.336552],[9.598438,39.336053],[9.599265,39.331779],[9.599693,39.330061],[9.600288,39.327864],[9.601105,39.325762],[9.603884,39.320483],[9.605267,39.318626],[9.606312,39.317305],[9.608546,39.315229],[9.611739,39.313197],[9.624433,39.306928],[9.625136,39.307101],[9.625735,39.307104],[9.626875,39.307102],[9.627159,39.307042],[9.627285,39.306988],[9.631391,39.304253],[9.632571,39.302279],[9.633927,39.298988],[9.632671,39.296988],[9.631187,39.295562],[9.626367,39.296371],[9.625034,39.296666],[9.624465,39.296853],[9.624075,39.296988],[9.623622,39.297167],[9.623464,39.29724],[9.623228,39.297353],[9.622769,39.297728],[9.622733,39.297969],[9.613892,39.297308],[9.608412,39.294904],[9.607216,39.29434],[9.606808,39.294072],[9.605843,39.293417],[9.603945,39.292109],[9.602617,39.291027],[9.602367,39.290799],[9.60082,39.289313],[9.599344,39.287768],[9.596729,39.284934],[9.595517,39.283586],[9.591191,39.27843],[9.589857,39.276759],[9.589177,39.275864],[9.589007,39.275629],[9.587967,39.274169],[9.58356,39.267433],[9.581955,39.26479],[9.578284,39.257923],[9.573284,39.248024],[9.572082,39.245339],[9.571906,39.244884],[9.571639,39.244064],[9.570687,39.241116],[9.570532,39.240465],[9.570377,39.238243],[9.569061,39.23011],[9.567995,39.224112],[9.56874,39.213775],[9.566986,39.208292],[9.564647,39.205961],[9.563319,39.20131],[9.563257,39.200843],[9.563199,39.200393],[9.563137,39.199912],[9.563088,39.199493],[9.563036,39.199042],[9.563023,39.19893],[9.562988,39.198592],[9.562984,39.1985],[9.562959,39.196208],[9.563058,39.194734],[9.563269,39.19356],[9.563678,39.191842],[9.564472,39.190064],[9.565035,39.189062],[9.566487,39.188269],[9.567355,39.187797],[9.568886,39.186991],[9.569891,39.186538],[9.570142,39.186464],[9.570368,39.186396],[9.571174,39.186475],[9.571383,39.186529],[9.571494,39.186558],[9.571563,39.18658],[9.573121,39.186603],[9.574851,39.186597],[9.576392,39.185609],[9.577857,39.1844],[9.57807,39.183917],[9.57811,39.183826],[9.57815,39.18373],[9.578201,39.183601],[9.578479,39.182757],[9.579112,39.178214],[9.578899,39.175586],[9.575852,39.172745],[9.573989,39.172039],[9.570384,39.167444],[9.5685,39.160254],[9.567498,39.152155],[9.566731,39.148573],[9.563888,39.142818],[9.561982,39.139127],[9.56156,39.138469],[9.556147,39.133378],[9.550014,39.133449],[9.541222,39.132357],[9.534158,39.129894],[9.532365,39.129083],[9.531582,39.128584],[9.529576,39.127122],[9.529159,39.126754],[9.52867,39.126285],[9.525349,39.123058],[9.524684,39.122259],[9.521059,39.11779],[9.52099,39.117698],[9.520949,39.117644],[9.52055,39.117045],[9.520342,39.116731],[9.519829,39.115901],[9.519415,39.115218],[9.519324,39.115057],[9.519132,39.114553],[9.518813,39.113563],[9.518764,39.113293],[9.518854,39.112887],[9.522034,39.099248],[9.523722,39.095528],[9.523735,39.095496],[9.523811,39.0953],[9.523833,39.095156],[9.523857,39.094978],[9.523795,39.094709],[9.523785,39.094672],[9.523416,39.094754],[9.523224,39.094833],[9.523082,39.0949],[9.516344,39.098645],[9.511764,39.10197],[9.502489,39.109841],[9.504894,39.114723],[9.50771,39.117072],[9.508659,39.117744],[9.509495,39.121675],[9.509359,39.124283],[9.50933,39.124441],[9.509292,39.124652],[9.509146,39.124972],[9.508996,39.125291],[9.508939,39.125411],[9.507966,39.126947],[9.507852,39.12707],[9.507806,39.127119],[9.506849,39.128034],[9.506277,39.128513],[9.506201,39.128577],[9.505108,39.129483],[9.503784,39.130565],[9.503,39.131094],[9.502899,39.13116],[9.502717,39.131239],[9.502675,39.131252],[9.502534,39.131297],[9.483834,39.135352],[9.472686,39.132316],[9.471959,39.132097],[9.471193,39.131833],[9.46793,39.130183],[9.467529,39.128804],[9.467817,39.127834],[9.466008,39.126849],[9.46213,39.127025],[9.456301,39.12994],[9.454999,39.130029],[9.454078,39.129925],[9.452675,39.129694],[9.450507,39.1291],[9.443677,39.125678],[9.439848,39.12349],[9.43937,39.122495],[9.438994,39.121974],[9.438918,39.121961],[9.438785,39.121939],[9.43866,39.121921],[9.438452,39.12194],[9.437654,39.122015],[9.437511,39.122076],[9.437315,39.122159],[9.434411,39.125109],[9.434021,39.125534],[9.43393,39.125876],[9.43389,39.126197],[9.433886,39.126237],[9.433819,39.128508],[9.43391,39.130148],[9.423726,39.134757],[9.41724,39.136063],[9.408521,39.143197],[9.403147,39.143946],[9.401457,39.141224],[9.399474,39.141701],[9.393583,39.14391],[9.392406,39.144509],[9.392265,39.144588],[9.39219,39.144679],[9.39206,39.145236],[9.392032,39.14563],[9.392026,39.145844],[9.392132,39.147789],[9.392352,39.149187],[9.39063,39.157559],[9.385263,39.161244],[9.375799,39.168655],[9.372078,39.172711],[9.37202,39.172786],[9.371952,39.172873],[9.371799,39.173062],[9.371673,39.173202],[9.37158,39.173301],[9.371552,39.173332],[9.371349,39.173527],[9.371228,39.173636],[9.371162,39.173689],[9.371056,39.173775],[9.371004,39.173808],[9.370872,39.173891],[9.369917,39.174463],[9.369523,39.174698],[9.368869,39.175055],[9.364771,39.176767],[9.362985,39.177334],[9.356557,39.178716],[9.354331,39.177932],[9.354216,39.177787],[9.354139,39.177694],[9.353933,39.177466],[9.353869,39.177447],[9.353793,39.177431],[9.353397,39.177348],[9.352859,39.17725],[9.351139,39.177991],[9.349612,39.178838],[9.346726,39.18049],[9.342848,39.185111],[9.340575,39.189513],[9.339073,39.192839],[9.338741,39.193418],[9.338158,39.193749],[9.337622,39.193945],[9.328279,39.197317],[9.323184,39.200894],[9.32326,39.201385],[9.323225,39.202887],[9.322703,39.203487],[9.321633,39.204111],[9.320761,39.204429],[9.319733,39.204732],[9.318466,39.205011],[9.318354,39.20503],[9.318277,39.205038],[9.30993,39.205617],[9.306969,39.205329],[9.304669,39.204982],[9.299574,39.211543],[9.299538,39.211601],[9.29939,39.21184],[9.299321,39.211949],[9.298399,39.212528],[9.297357,39.212954],[9.296534,39.213202],[9.295505,39.21337],[9.293814,39.213546],[9.285261,39.213951],[9.281922,39.214051],[9.253523,39.216095],[9.248875,39.21653],[9.246746,39.216797],[9.243948,39.217731],[9.243724,39.217811],[9.243568,39.217876],[9.243412,39.217969],[9.243237,39.218085],[9.243071,39.2182],[9.242915,39.218343],[9.239196,39.222806],[9.238992,39.223247],[9.23858,39.2239],[9.238515,39.224002],[9.238044,39.224587],[9.237771,39.224812],[9.237571,39.22495],[9.237472,39.225018],[9.237287,39.225121],[9.237052,39.225239],[9.232914,39.227208],[9.232404,39.227373],[9.231934,39.227514],[9.231445,39.227656],[9.230948,39.22779],[9.229285,39.227947],[9.225791,39.228165],[9.224063,39.228214],[9.213521,39.227373],[9.212952,39.227327],[9.211171,39.227078],[9.209793,39.226806],[9.209212,39.226667],[9.205479,39.225741],[9.203161,39.225065],[9.199436,39.223791],[9.196489,39.222774],[9.192132,39.221189],[9.190196,39.220417],[9.189379,39.220063],[9.186339,39.218737],[9.185166,39.218154],[9.18202,39.216417],[9.181719,39.216251],[9.177594,39.21382],[9.177526,39.213771],[9.172878,39.210405],[9.16716,39.205836],[9.165332,39.204225],[9.163283,39.202099],[9.162114,39.200853],[9.16191,39.200571],[9.161528,39.200028],[9.161033,39.19927],[9.160688,39.198608],[9.159973,39.196157],[9.159869,39.19558],[9.159832,39.195347],[9.159769,39.194938],[9.159771,39.194896],[9.159828,39.193951],[9.159865,39.193669],[9.160436,39.193314],[9.162269,39.19219],[9.16432,39.191405],[9.167701,39.190926],[9.167874,39.19088],[9.168051,39.190833],[9.168334,39.190685],[9.16941,39.189724],[9.169461,39.189654],[9.169511,39.18957],[9.169524,39.189506],[9.169535,39.189272],[9.169522,39.188828],[9.169451,39.18865],[9.16438,39.183384],[9.160782,39.1818],[9.158679,39.18132],[9.149307,39.184399],[9.139932,39.18898],[9.137482,39.191196],[9.131315,39.196383],[9.1255,39.199867],[9.126886,39.202242],[9.126044,39.203197],[9.12375,39.205656],[9.117264,39.209172],[9.114849,39.210654],[9.11088,39.213571],[9.107479,39.212528],[9.102729,39.21096],[9.098422,39.211034],[9.092411,39.209387],[9.09332,39.20799],[9.082872,39.205683],[9.077404,39.200112],[9.074024,39.200758],[9.073831,39.200781],[9.070291,39.19897],[9.067878,39.197587],[9.064993,39.195585],[9.063344,39.194281],[9.048276,39.18147],[9.042806,39.17671],[9.039252,39.173376],[9.03296,39.166166],[9.032719,39.1659],[9.020485,39.150822],[9.017328,39.142546],[9.016729,39.139908],[9.014494,39.132067],[9.014456,39.131934],[9.014303,39.131428],[9.013935,39.130432],[9.013899,39.130371],[9.013785,39.13018],[9.011972,39.127422],[9.009604,39.124489],[9.009075,39.123742],[9.008859,39.123093],[9.00885,39.122368],[9.009075,39.120908],[9.009529,39.11975],[9.012998,39.113566],[9.015427,39.101501],[9.016169,39.088344],[9.016258,39.087458],[9.016297,39.087301],[9.016354,39.087108],[9.016517,39.086662],[9.016613,39.086553],[9.018309,39.08546],[9.024352,39.082425],[9.030977,39.085224],[9.037373,39.088022],[9.048851,39.088764],[9.053934,39.085224],[9.052335,39.083339],[9.048508,39.087051],[9.038172,39.086366],[9.029492,39.082825],[9.025152,39.081055],[9.026962,39.075801],[9.028029,39.074034],[9.028477,39.073511],[9.02884,39.073088],[9.033681,39.067905],[9.039201,39.062984],[9.04571,39.05597],[9.043485,39.049138],[9.039145,39.040395],[9.029515,39.029432],[9.029214,39.029164],[9.029156,39.029103],[9.029082,39.029014],[9.028975,39.028829],[9.028531,39.028041],[9.025554,39.022515],[9.024663,39.020638],[9.024351,39.019286],[9.02393,39.011627],[9.02483,39.002744],[9.026963,39.000755],[9.026305,38.999793],[9.02313,38.997237],[9.020119,38.996869],[9.018237,38.996712],[9.017565,38.996226],[9.01633,38.994643],[9.015792,38.99389],[9.013958,38.9904],[9.013824,38.989732],[9.013787,38.988139],[9.013982,38.987481],[9.014349,38.987157],[9.013689,38.985736],[9.012626,38.986556],[9.011922,38.986948],[9.007995,38.986821],[9.00043,38.986156],[8.995598,38.981016],[8.994076,38.97574],[8.982821,38.968227],[8.975278,38.961865],[8.96058,38.951756],[8.948921,38.943877],[8.940342,38.935919],[8.927638,38.929528],[8.926727,38.929079],[8.925739,38.928538],[8.924998,38.928099],[8.924406,38.927715],[8.923836,38.927331],[8.922142,38.926078],[8.921393,38.925504],[8.921214,38.925363],[8.920948,38.92515],[8.918646,38.923281],[8.915507,38.920584],[8.912799,38.917754],[8.907664,38.911833],[8.90683,38.909232],[8.906379,38.908412],[8.905908,38.907922],[8.902684,38.905255],[8.896314,38.901465],[8.891551,38.899079],[8.886417,38.897221],[8.874285,38.890574],[8.860833,38.882414],[8.855197,38.875838],[8.845873,38.876365],[8.841043,38.877546],[8.838812,38.880386],[8.839667,38.882612],[8.838429,38.889549],[8.836437,38.893376],[8.834664,38.897293],[8.835728,38.905928],[8.835847,38.914282],[8.832984,38.925299],[8.827301,38.933202],[8.825782,38.936349],[8.825608,38.936714],[8.821186,38.948849],[8.826916,38.953973],[8.827257,38.955154],[8.824383,38.965084],[8.822732,38.979478],[8.822097,38.981408],[8.821499,38.983207],[8.819476,38.989059],[8.817231,38.995886],[8.81526,39.002625],[8.814642,39.004958],[8.815632,39.017986],[8.821693,39.030137],[8.826847,39.038886],[8.8354,39.052983],[8.839741,39.060009],[8.844517,39.067847],[8.846703,39.071592],[8.852507,39.083101],[8.853075,39.08423],[8.853112,39.084531],[8.853026,39.085312],[8.847845,39.096758],[8.844674,39.102972],[8.837383,39.110423],[8.831747,39.111649],[8.824401,39.116658],[8.822999,39.117638],[8.822176,39.118582],[8.820168,39.13015],[8.820177,39.131024],[8.820211,39.131493],[8.821968,39.141164],[8.82359,39.143386],[8.82457,39.144468],[8.824691,39.144565],[8.82595,39.145586],[8.82648,39.146163],[8.826221,39.14828],[8.82579,39.149271],[8.823955,39.151827],[8.814896,39.164086],[8.814386,39.164374],[8.813621,39.164679],[8.812799,39.164876],[8.811467,39.165297],[8.805251,39.167378],[8.802198,39.168427],[8.79363,39.171372],[8.786542,39.173824],[8.770791,39.179408],[8.763889,39.190387],[8.759951,39.197588],[8.758564,39.200234],[8.758214,39.200954],[8.757629,39.202476],[8.750311,39.225015],[8.74831,39.231913],[8.747806,39.234891],[8.745248,39.250954],[8.744407,39.256481],[8.742257,39.270666],[8.736756,39.280871],[8.730842,39.281362],[8.72332,39.283408],[8.721089,39.284799],[8.722131,39.290866],[8.721472,39.29628],[8.716535,39.309991],[8.716359,39.310387],[8.713731,39.312697],[8.711394,39.314615],[8.709573,39.316038],[8.707225,39.317366],[8.700626,39.32226],[8.700848,39.324766],[8.702098,39.336393],[8.704856,39.348132],[8.708392,39.355179],[8.710331,39.362824],[8.71033,39.363085],[8.709917,39.364877],[8.709776,39.365174],[8.705104,39.372038],[8.700816,39.374513],[8.70043,39.374685],[8.700347,39.37472],[8.700275,39.374742],[8.699926,39.374845],[8.699259,39.374965],[8.699452,39.375097],[8.700062,39.375503],[8.703814,39.3779],[8.7065,39.379583],[8.706549,39.379612],[8.725753,39.390785],[8.729694,39.393042],[8.734328,39.39568],[8.735186,39.396105],[8.73696,39.396893],[8.738108,39.397401],[8.739109,39.3978],[8.756791,39.404812],[8.757348,39.404957],[8.762259,39.405517],[8.766602,39.405967],[8.768251,39.406119],[8.769609,39.406244],[8.773592,39.406504],[8.77573,39.406499],[8.777719,39.405638],[8.781461,39.404852],[8.786617,39.405276],[8.790668,39.406058],[8.794277,39.407236],[8.799342,39.407911],[8.801992,39.407914],[8.810445,39.407462],[8.82078,39.407534],[8.826298,39.41285],[8.834711,39.411463],[8.850364,39.406561],[8.864081,39.402707],[8.872375,39.400421],[8.884751,39.398305],[8.890519,39.398258],[8.900369,39.398182],[8.907003,39.398163],[8.908257,39.3982],[8.92923,39.399503],[8.929939,39.399611],[8.931083,39.400097],[8.934399,39.401568],[8.950628,39.408308],[8.956523,39.410241],[8.961824,39.411998],[8.962764,39.412458],[8.968408,39.415379],[8.969245,39.415911],[8.974633,39.419498],[8.978246,39.422085],[8.978443,39.423536],[8.978593,39.424878],[8.97857,39.425852],[8.978465,39.426933],[8.977918,39.429294],[8.977697,39.43014],[8.969265,39.449899],[8.96295,39.457619],[8.959297,39.462529],[8.961471,39.462601],[8.964958,39.46272],[8.965458,39.462774],[8.966085,39.462855],[8.971862,39.463767],[8.985788,39.467464],[8.987659,39.467995],[8.988124,39.468131],[8.988496,39.468302],[8.999203,39.473628],[9.008819,39.479088],[9.010912,39.480403],[9.012005,39.481674],[9.013831,39.48425],[9.014506,39.485683],[9.01482,39.486449],[9.01489,39.486863],[9.015123,39.490612],[9.015066,39.492215],[9.013892,39.496973],[9.012125,39.501758],[9.011532,39.502443],[9.011118,39.502997],[9.009718,39.506047],[9.009474,39.506984],[9.009381,39.507705],[9.009602,39.510895],[9.010208,39.513066],[9.010824,39.51504],[9.011589,39.517191],[9.00818,39.52617],[9.006056,39.527925],[8.998237,39.528015],[8.987392,39.530114],[8.982784,39.531672],[8.9824,39.532456],[8.982819,39.533907],[8.9834,39.535538],[8.983575,39.5358],[8.983604,39.53584],[8.983645,39.535894],[8.983686,39.535947],[8.983726,39.535994],[8.983779,39.536054],[8.98966,39.541738],[8.994757,39.546342],[8.999662,39.553685],[9.001542,39.559119],[9.002123,39.563309],[9.002694,39.568032],[9.006244,39.577177],[9.009868,39.582185],[9.010389,39.582372],[9.010451,39.582401],[9.010951,39.582681],[9.012605,39.584059],[9.014073,39.587411],[9.023269,39.610332],[9.023829,39.613125],[9.024121,39.614278],[9.026355,39.618551],[9.028656,39.622945],[9.028842,39.623161],[9.029099,39.623359],[9.02946,39.62363],[9.029721,39.623746],[9.030171,39.623945],[9.032315,39.624719],[9.032968,39.624926],[9.0331,39.624987],[9.034623,39.625692],[9.034926,39.626016],[9.036441,39.627691],[9.037374,39.628736],[9.037712,39.62916],[9.045829,39.639446],[9.046232,39.641474],[9.047244,39.647678],[9.047281,39.64814],[9.047315,39.648573],[9.047325,39.649265],[9.047328,39.649483],[9.047328,39.649705],[9.048414,39.659873],[9.050672,39.680153],[9.049949,39.680829],[9.04918,39.68164],[9.048423,39.682596],[9.048275,39.683092],[9.048254,39.683167],[9.048233,39.683242],[9.048212,39.683317],[9.048191,39.683392],[9.048171,39.683463],[9.047966,39.68433],[9.0479,39.684614],[9.047634,39.687849],[9.047554,39.689015],[9.04757,39.689326],[9.047588,39.689543],[9.048382,39.691353],[9.049889,39.694416],[9.05052,39.695551],[9.050847,39.695966],[9.051255,39.696353],[9.051664,39.696686],[9.052084,39.696875],[9.052422,39.696902],[9.052958,39.696929],[9.05353,39.696911],[9.056587,39.698504],[9.058034,39.69972],[9.059156,39.701926],[9.059315,39.702259],[9.059332,39.702963],[9.059329,39.703284],[9.059321,39.704143],[9.059217,39.704891],[9.059131,39.705152],[9.059042,39.705413],[9.058763,39.70572],[9.057854,39.707],[9.057085,39.708514],[9.05662,39.709559],[9.056516,39.709987],[9.0565,39.710063],[9.056485,39.710139],[9.056472,39.710211],[9.056464,39.710295],[9.056446,39.710767],[9.056481,39.71128],[9.056586,39.711713],[9.058859,39.716838],[9.06153,39.721459],[9.056085,39.726156],[9.055517,39.731355],[9.068574,39.742422],[9.069029,39.742223],[9.069344,39.742133],[9.069928,39.742079],[9.071376,39.742736],[9.071656,39.74288],[9.071726,39.743168],[9.072055,39.744546],[9.072982,39.749303],[9.070989,39.752593],[9.062005,39.756671],[9.060441,39.757374],[9.052994,39.758297],[9.044752,39.758454],[9.035915,39.75834],[9.027475,39.759578],[9.013723,39.759679],[9.008954,39.759598],[8.997951,39.761119],[8.997434,39.761274],[8.997226,39.761503],[8.997169,39.76157],[8.997136,39.761611],[8.996994,39.761805],[8.996165,39.76313],[8.996091,39.763284],[8.996038,39.763399],[8.996026,39.763921],[8.996293,39.764489],[8.996539,39.764948],[8.996899,39.765419],[8.997045,39.765608],[8.997169,39.765768],[8.99739,39.765984],[8.997442,39.766019],[8.996363,39.768247],[8.978647,39.779733],[8.977258,39.779535],[8.96585,39.777243],[8.953016,39.777969],[8.942001,39.781892],[8.940529,39.78245],[8.939665,39.782693],[8.938654,39.782802],[8.936024,39.780231],[8.93579,39.779861],[8.935826,39.779474],[8.935908,39.778997],[8.936514,39.775876],[8.936612,39.77542],[8.936776,39.77487],[8.937958,39.772087],[8.938308,39.771546],[8.938679,39.77103],[8.939045,39.770565],[8.939571,39.770097],[8.940073,39.76979],[8.940377,39.76961],[8.940723,39.769416],[8.941425,39.758483],[8.941332,39.758024],[8.941294,39.757892],[8.941204,39.757627],[8.940913,39.757294],[8.940668,39.757023],[8.940399,39.756825],[8.940073,39.756618],[8.939723,39.756401],[8.939314,39.756203],[8.938929,39.756022],[8.938688,39.755911],[8.938451,39.755806],[8.937774,39.755526],[8.937109,39.755256],[8.936572,39.755066],[8.935837,39.754876],[8.935207,39.754867],[8.926846,39.756673],[8.924287,39.758391],[8.920669,39.759074],[8.916092,39.763251],[8.912824,39.767431],[8.904038,39.772055],[8.894236,39.773377],[8.891764,39.775288],[8.889431,39.779421],[8.882437,39.792695],[8.889488,39.794585],[8.895143,39.795204],[8.895468,39.795239],[8.903643,39.795742],[8.911341,39.795045],[8.923992,39.793368],[8.930278,39.792346],[8.938491,39.789098],[8.942326,39.784226],[8.950765,39.779144],[8.951073,39.778993],[8.951997,39.77859],[8.95249,39.778473],[8.953086,39.778581],[8.953436,39.778888],[8.953611,39.779347],[8.954159,39.78084],[8.95452,39.781994],[8.954869,39.7834],[8.968168,39.797072],[8.974622,39.802591],[8.976758,39.805637],[8.983826,39.819293],[8.986549,39.825216],[8.986796,39.825582],[8.992223,39.826722],[9.007671,39.827731],[9.009693,39.827758],[9.013607,39.826154],[9.024367,39.819566],[9.031259,39.815293],[9.029669,39.81305],[9.029494,39.812591],[9.029306,39.811167],[9.029388,39.810762],[9.029645,39.810501],[9.030988,39.809599],[9.041721,39.803595],[9.05145,39.802078],[9.054534,39.802283],[9.054593,39.802545],[9.054722,39.802878],[9.055073,39.80349],[9.05533,39.80386],[9.055763,39.804382],[9.056347,39.805076],[9.057119,39.805904],[9.059135,39.808013],[9.061165,39.810092],[9.061597,39.810524],[9.061948,39.810812],[9.062275,39.810974],[9.069882,39.814693],[9.075909,39.81686],[9.081216,39.822874],[9.083206,39.826179],[9.093399,39.828442],[9.09562,39.828728],[9.098899,39.830255],[9.099595,39.830581],[9.100005,39.830806],[9.100414,39.831148],[9.101198,39.831949],[9.10155,39.832363],[9.104361,39.836992],[9.106507,39.841612],[9.106321,39.841964],[9.105844,39.84364],[9.10581,39.84409],[9.105776,39.844793],[9.105953,39.84582],[9.106035,39.846199],[9.106259,39.847018],[9.106528,39.847216],[9.108773,39.848142],[9.109276,39.848349],[9.109674,39.848511],[9.109725,39.84853],[9.111697,39.849158],[9.113522,39.849651],[9.115577,39.848667],[9.116056,39.848414],[9.116663,39.848062],[9.118426,39.846727],[9.119395,39.845861],[9.12753,39.839519],[9.130722,39.840218],[9.132129,39.841609],[9.137532,39.843751],[9.138187,39.843993],[9.138877,39.844164],[9.139871,39.84437],[9.140221,39.844432],[9.145132,39.845138],[9.147796,39.844594],[9.156371,39.837312],[9.162555,39.833258],[9.163361,39.832788],[9.163816,39.832607],[9.164458,39.832408],[9.165078,39.83247],[9.16558,39.832575],[9.175305,39.828464],[9.176706,39.828083],[9.177477,39.82792],[9.1784,39.827748],[9.193365,39.826102],[9.206437,39.822564],[9.207375,39.822336],[9.208814,39.822606],[9.212371,39.824194],[9.213818,39.825469],[9.219967,39.831695],[9.223509,39.835643],[9.22304,39.837324],[9.225301,39.840379],[9.226332,39.841242],[9.22659,39.841404],[9.226988,39.841565],[9.228029,39.841977],[9.231002,39.843062],[9.231598,39.843196],[9.231937,39.84324],[9.235098,39.843347],[9.236648,39.84314],[9.241653,39.843407],[9.246199,39.843661],[9.250398,39.844472],[9.254292,39.846553],[9.258092,39.848321],[9.261932,39.849979],[9.266167,39.850879],[9.270623,39.851436]]]]}},{"type":"Feature","properties":{"province":"catania","geometryId":"uts:287","adminLevel":"province","name":"Catania"},"geometry":{"type":"MultiPolygon","coordinates":[[[[15.165812,37.559358],[15.165785,37.559312],[15.165494,37.559278],[15.165361,37.559315],[15.165201,37.55947],[15.165106,37.559613],[15.165078,37.559873],[15.165068,37.56003],[15.165121,37.560148],[15.165246,37.560196],[15.165312,37.560209],[15.165967,37.559559],[15.16597,37.559467],[15.165921,37.559383],[15.165812,37.559358]]],[[[15.166498,37.560364],[15.166176,37.560353],[15.165833,37.56055],[15.165687,37.560771],[15.165718,37.560879],[15.166047,37.560775],[15.166173,37.560714],[15.16643,37.560561],[15.166562,37.560451],[15.16658,37.560366],[15.166498,37.560364]]],[[[15.166836,37.562007],[15.167027,37.561947],[15.167345,37.561821],[15.167679,37.561525],[15.167685,37.561481],[15.167268,37.560539],[15.166211,37.560824],[15.165981,37.560917],[15.165789,37.561021],[15.165666,37.561112],[15.1656,37.561467],[15.165846,37.562264],[15.166063,37.562359],[15.166405,37.562341],[15.166617,37.562189],[15.166836,37.562007]]],[[[14.939393,37.951639],[14.941428,37.942574],[14.942739,37.939303],[14.946452,37.933916],[14.94996,37.928917],[14.952334,37.924338],[14.953415,37.917874],[14.955663,37.912053],[14.960293,37.910162],[14.97243,37.908003],[14.977992,37.907281],[14.978693,37.907078],[14.978788,37.90705],[14.978857,37.90703],[14.978917,37.906856],[14.979254,37.905866],[14.979406,37.904518],[14.979593,37.902844],[14.979749,37.900099],[14.979453,37.898314],[14.979202,37.8969],[14.978989,37.895685],[14.978975,37.895602],[14.978975,37.895393],[14.978975,37.895112],[14.978982,37.895038],[14.979032,37.894456],[14.979272,37.893908],[14.979647,37.893286],[14.979898,37.893088],[14.97999,37.893051],[14.980275,37.892935],[14.980874,37.892692],[14.98156,37.892421],[14.982376,37.892098],[14.983251,37.891797],[14.984163,37.891548],[14.985118,37.891431],[14.986693,37.891699],[14.986959,37.891747],[14.987542,37.89187],[14.988348,37.892041],[14.993408,37.893123],[14.99458,37.893539],[14.994805,37.893618],[14.995391,37.893881],[14.995524,37.89394],[14.99598,37.894145],[14.996014,37.89416],[14.996267,37.894344],[14.997026,37.894909],[14.997546,37.895455],[14.997582,37.895493],[14.998187,37.896033],[14.998412,37.896234],[14.99859,37.89634],[14.999561,37.896922],[15.000072,37.897117],[15.00052,37.897288],[15.000592,37.897311],[15.001952,37.897732],[15.00228,37.897833],[15.009012,37.899342],[15.012418,37.899165],[15.016952,37.89889],[15.017124,37.898871],[15.018385,37.898731],[15.019352,37.898614],[15.020838,37.898304],[15.020958,37.898279],[15.02663,37.897079],[15.034183,37.894694],[15.042564,37.893739],[15.046069,37.894197],[15.046681,37.894318],[15.047263,37.894433],[15.049175,37.894819],[15.056171,37.897449],[15.074,37.903611],[15.075514,37.902963],[15.080699,37.902271],[15.085373,37.902278],[15.097125,37.902692],[15.099786,37.9038],[15.100627,37.904013],[15.102079,37.904354],[15.103302,37.904628],[15.110187,37.906044],[15.110522,37.906108],[15.110857,37.906167],[15.111711,37.906131],[15.114371,37.9052],[15.127656,37.897554],[15.130628,37.893964],[15.14085,37.893621],[15.142767,37.89459],[15.143848,37.894983],[15.144837,37.895148],[15.145439,37.895248],[15.148457,37.895658],[15.149445,37.895766],[15.149739,37.895798],[15.149969,37.895823],[15.152617,37.895469],[15.153474,37.8951],[15.153606,37.895043],[15.163138,37.888006],[15.169308,37.882747],[15.173936,37.877675],[15.173883,37.877486],[15.173786,37.877134],[15.173764,37.877042],[15.173671,37.87665],[15.17373,37.876594],[15.174192,37.876159],[15.175028,37.875632],[15.175168,37.875545],[15.17541,37.875403],[15.176098,37.875001],[15.176386,37.874833],[15.177225,37.874631],[15.181762,37.87432],[15.181989,37.874341],[15.183003,37.874434],[15.183278,37.874519],[15.185562,37.875222],[15.185776,37.87532],[15.195863,37.867076],[15.200458,37.863239],[15.209866,37.857139],[15.220498,37.850658],[15.227283,37.841892],[15.227971,37.840627],[15.228783,37.838632],[15.229379,37.837083],[15.229886,37.835054],[15.232269,37.830229],[15.244465,37.8193],[15.246186,37.812458],[15.252763,37.808943],[15.25849,37.80699],[15.252599,37.803056],[15.249755,37.800813],[15.248487,37.79975],[15.244912,37.795999],[15.244004,37.795025],[15.242892,37.793819],[15.241596,37.792203],[15.237711,37.78719],[15.233488,37.781577],[15.231161,37.778207],[15.228,37.773825],[15.223695,37.768334],[15.222633,37.767021],[15.220958,37.765005],[15.218579,37.762239],[15.21818,37.761783],[15.216063,37.759363],[15.213823,37.756499],[15.211786,37.753542],[15.211748,37.753475],[15.21004,37.750457],[15.206638,37.743854],[15.206083,37.742645],[15.205342,37.740958],[15.204869,37.739116],[15.204996,37.736979],[15.205218,37.73507],[15.205328,37.734569],[15.205621,37.733664],[15.205725,37.733561],[15.209829,37.728277],[15.217352,37.716623],[15.218505,37.714149],[15.218528,37.714093],[15.219,37.712749],[15.219011,37.712075],[15.218348,37.708373],[15.21665,37.704803],[15.21624,37.704002],[15.215625,37.702875],[15.214731,37.701312],[15.214631,37.701145],[15.2142,37.700428],[15.213963,37.700035],[15.213831,37.699877],[15.213586,37.699584],[15.209579,37.69465],[15.205318,37.688017],[15.205124,37.68768],[15.20339,37.684668],[15.201699,37.681651],[15.199215,37.676744],[15.196451,37.665199],[15.196335,37.664428],[15.196164,37.662745],[15.196447,37.661862],[15.197122,37.660221],[15.198043,37.659326],[15.199801,37.657109],[15.199905,37.656665],[15.199885,37.656459],[15.199744,37.655607],[15.199687,37.655466],[15.199578,37.655202],[15.199187,37.654342],[15.198897,37.653981],[15.194324,37.649119],[15.181596,37.638952],[15.17883,37.6376],[15.176752,37.635566],[15.174719,37.632755],[15.17601,37.628696],[15.174204,37.617972],[15.172697,37.611658],[15.172589,37.611172],[15.172436,37.610123],[15.172525,37.609078],[15.172624,37.608061],[15.173721,37.596911],[15.174035,37.594027],[15.176742,37.585573],[15.177004,37.584879],[15.177266,37.584085],[15.177448,37.580598],[15.177235,37.576568],[15.177142,37.576262],[15.176958,37.575938],[15.176788,37.575779],[15.174617,37.57434],[15.172896,37.574743],[15.170068,37.575133],[15.166344,37.571949],[15.164894,37.569327],[15.163529,37.565293],[15.158812,37.559984],[15.148813,37.554929],[15.144549,37.545121],[15.144269,37.54467],[15.143111,37.543591],[15.130769,37.537214],[15.115402,37.530422],[15.115886,37.529644],[15.116711,37.527477],[15.116816,37.5272],[15.1174,37.524565],[15.117455,37.523465],[15.11707,37.52306],[15.115775,37.522088],[15.1129,37.520108],[15.107164,37.514549],[15.101611,37.505979],[15.098612,37.50121],[15.098996,37.500766],[15.099064,37.500687],[15.099262,37.500452],[15.099279,37.500371],[15.099382,37.499803],[15.099416,37.499596],[15.100298,37.492601],[15.100364,37.489185],[15.099849,37.483901],[15.099616,37.483748],[15.099278,37.483813],[15.099172,37.483991],[15.099045,37.486685],[15.09959,37.491149],[15.099163,37.496081],[15.098847,37.499306],[15.098729,37.500341],[15.097569,37.501548],[15.097297,37.501542],[15.095771,37.501412],[15.091801,37.497232],[15.091104,37.494877],[15.092615,37.492361],[15.091093,37.488362],[15.090323,37.487078],[15.089239,37.48632],[15.088188,37.485573],[15.087498,37.484739],[15.086411,37.482794],[15.086201,37.482209],[15.08566,37.479928],[15.085267,37.47646],[15.085272,37.475953],[15.085342,37.472933],[15.085414,37.471322],[15.085744,37.465425],[15.085929,37.462414],[15.086316,37.45681],[15.086611,37.452988],[15.087569,37.443015],[15.087731,37.441539],[15.088806,37.433036],[15.089726,37.424851],[15.090963,37.412015],[15.09041,37.405431],[15.090304,37.404203],[15.090227,37.402629],[15.09014,37.397918],[15.09008,37.392707],[15.090387,37.379507],[15.090548,37.374759],[15.091214,37.363088],[15.090973,37.358642],[15.089724,37.35855],[15.08881,37.358507],[15.086702,37.358494],[15.080871,37.358489],[15.079369,37.358553],[15.078563,37.358618],[15.07737,37.358715],[15.076162,37.358824],[15.073462,37.359116],[15.061386,37.361047],[15.048183,37.363165],[15.044772,37.3627],[15.042561,37.362428],[15.040514,37.362257],[15.039171,37.362204],[15.036991,37.362132],[15.033445,37.362088],[15.032702,37.362356],[15.032418,37.36246],[15.032419,37.362501],[15.032441,37.363026],[15.032753,37.363728],[15.032963,37.364333],[15.032996,37.36443],[15.033006,37.364471],[15.033011,37.364591],[15.033016,37.364689],[15.03304,37.365261],[15.032917,37.368272],[15.032763,37.370246],[15.032742,37.370408],[15.032709,37.370657],[15.032693,37.370784],[15.03256,37.371292],[15.025998,37.378459],[15.025738,37.378189],[15.025308,37.377684],[15.025037,37.377135],[15.024811,37.376287],[15.024799,37.375584],[15.024808,37.375287],[15.022651,37.372308],[15.015649,37.369628],[15.014644,37.369249],[15.013842,37.369267],[15.012273,37.369493],[15.007586,37.370331],[14.992386,37.372327],[14.984963,37.373637],[14.981846,37.375153],[14.971182,37.379872],[14.964053,37.382288],[14.960526,37.383974],[14.95733,37.385702],[14.956946,37.385934],[14.956404,37.386287],[14.955929,37.3869],[14.954308,37.390629],[14.95318,37.393053],[14.951303,37.395008],[14.941399,37.405261],[14.932751,37.408394],[14.925097,37.411012],[14.921229,37.412307],[14.916926,37.412647],[14.91619,37.412684],[14.915422,37.4127],[14.914597,37.412509],[14.913401,37.412229],[14.912624,37.412026],[14.897827,37.410406],[14.89366,37.410302],[14.892722,37.410262],[14.891786,37.410005],[14.887793,37.407828],[14.887532,37.406106],[14.887398,37.405167],[14.887296,37.404421],[14.887324,37.401553],[14.887588,37.399559],[14.887487,37.397786],[14.880889,37.391552],[14.877762,37.389584],[14.868448,37.386265],[14.860441,37.385075],[14.854491,37.383523],[14.844683,37.379993],[14.844571,37.379926],[14.843837,37.379484],[14.842945,37.378923],[14.841616,37.377209],[14.841266,37.376704],[14.839278,37.371429],[14.839054,37.370733],[14.838955,37.370104],[14.839046,37.369552],[14.839194,37.368759],[14.83931,37.368262],[14.839377,37.367976],[14.841344,37.361326],[14.838442,37.357811],[14.82913,37.354639],[14.821758,37.353971],[14.817867,37.353047],[14.812229,37.351045],[14.809183,37.349945],[14.8085,37.349631],[14.799462,37.344672],[14.79017,37.339515],[14.782342,37.333892],[14.780978,37.332773],[14.780482,37.332359],[14.779503,37.331419],[14.77858,37.330469],[14.778472,37.330013],[14.778435,37.329858],[14.778653,37.328749],[14.779465,37.325],[14.783178,37.325313],[14.790572,37.324705],[14.794851,37.320116],[14.795179,37.319809],[14.799789,37.317627],[14.80405,37.315831],[14.823516,37.317803],[14.828877,37.319009],[14.830053,37.319326],[14.833902,37.320447],[14.835016,37.321225],[14.836404,37.322463],[14.837725,37.323419],[14.839592,37.324313],[14.840179,37.324511],[14.840721,37.324613],[14.841075,37.324667],[14.841612,37.324749],[14.842043,37.324713],[14.842448,37.324679],[14.842482,37.324675],[14.843385,37.324535],[14.848158,37.323207],[14.848288,37.323167],[14.848368,37.323142],[14.848561,37.323082],[14.849054,37.322928],[14.856942,37.320365],[14.863733,37.317832],[14.874429,37.315035],[14.889252,37.311705],[14.889862,37.31168],[14.890344,37.311651],[14.890776,37.311625],[14.891362,37.311474],[14.891893,37.311229],[14.892164,37.311022],[14.892222,37.310709],[14.891873,37.309869],[14.888201,37.305328],[14.882884,37.299314],[14.879697,37.295742],[14.881701,37.28772],[14.881751,37.287677],[14.882068,37.287352],[14.882192,37.287226],[14.882543,37.28683],[14.882608,37.28671],[14.882782,37.28639],[14.882848,37.286268],[14.882402,37.286074],[14.881901,37.285856],[14.873637,37.282422],[14.862045,37.280403],[14.857694,37.277337],[14.854866,37.271206],[14.848061,37.260622],[14.847535,37.260018],[14.846665,37.259458],[14.844141,37.258798],[14.842134,37.258387],[14.838921,37.257753],[14.837962,37.257644],[14.835922,37.257722],[14.834985,37.257847],[14.824082,37.257877],[14.812063,37.256024],[14.809033,37.254676],[14.806471,37.251269],[14.801766,37.24785],[14.797668,37.245792],[14.792003,37.243528],[14.791953,37.243504],[14.791476,37.243279],[14.791317,37.243204],[14.79063,37.242688],[14.78918,37.241324],[14.783975,37.235969],[14.77725,37.229315],[14.774481,37.22867],[14.773072,37.225086],[14.772962,37.224772],[14.773007,37.224221],[14.773351,37.222803],[14.774244,37.221349],[14.781772,37.210978],[14.782416,37.210422],[14.783001,37.209972],[14.783993,37.210009],[14.785064,37.210173],[14.785986,37.210526],[14.788416,37.211613],[14.78934,37.212218],[14.792651,37.213901],[14.794282,37.214507],[14.795363,37.214708],[14.796512,37.214783],[14.797977,37.214731],[14.799623,37.214553],[14.803526,37.213936],[14.8135,37.210165],[14.820769,37.207186],[14.820832,37.20688],[14.821047,37.20587],[14.821354,37.204922],[14.821432,37.204681],[14.822806,37.200691],[14.824708,37.196825],[14.825114,37.196213],[14.825532,37.196033],[14.825633,37.196023],[14.825729,37.196015],[14.825912,37.195998],[14.826471,37.195946],[14.826683,37.195926],[14.827032,37.195923],[14.827375,37.195919],[14.848847,37.200789],[14.855533,37.203937],[14.859194,37.206303],[14.863494,37.208812],[14.866154,37.208824],[14.866278,37.208797],[14.86682,37.208681],[14.869075,37.207529],[14.869469,37.207223],[14.869908,37.206673],[14.871039,37.205224],[14.871346,37.204754],[14.87148,37.204133],[14.870843,37.189341],[14.870708,37.188043],[14.870249,37.186374],[14.870003,37.185805],[14.867887,37.184234],[14.866368,37.183159],[14.86595,37.182891],[14.865669,37.182714],[14.865187,37.182534],[14.856067,37.179145],[14.845897,37.17211],[14.838298,37.167216],[14.836749,37.165951],[14.834957,37.163173],[14.836927,37.158028],[14.841869,37.153132],[14.842899,37.151691],[14.845114,37.147528],[14.84603,37.145719],[14.846511,37.141167],[14.843494,37.130148],[14.836831,37.12478],[14.83367,37.124328],[14.83296,37.124237],[14.832417,37.124336],[14.831855,37.124607],[14.831445,37.124841],[14.824783,37.127965],[14.824604,37.127925],[14.824259,37.127848],[14.818914,37.126705],[14.808919,37.126013],[14.808684,37.126033],[14.808389,37.126057],[14.807693,37.126242],[14.806993,37.126524],[14.804966,37.127423],[14.804855,37.127473],[14.804569,37.127604],[14.801989,37.129068],[14.800604,37.13011],[14.79387,37.132043],[14.785406,37.136258],[14.777977,37.139562],[14.777561,37.139607],[14.775424,37.139475],[14.775231,37.139268],[14.773564,37.135569],[14.773351,37.135055],[14.773341,37.134679],[14.773333,37.134338],[14.773324,37.133974],[14.773354,37.133531],[14.773371,37.13327],[14.773487,37.132895],[14.773563,37.132648],[14.773762,37.132257],[14.77394,37.131907],[14.774078,37.131697],[14.774281,37.131389],[14.774315,37.131354],[14.774649,37.131207],[14.781139,37.121007],[14.784507,37.115608],[14.787061,37.112265],[14.791559,37.110183],[14.789831,37.107376],[14.781752,37.106647],[14.770918,37.102185],[14.767649,37.100555],[14.766997,37.100184],[14.765853,37.099489],[14.765514,37.099262],[14.765261,37.09893],[14.765144,37.098776],[14.765116,37.098366],[14.765113,37.098325],[14.765553,37.097658],[14.765143,37.095666],[14.761774,37.095616],[14.76045,37.095613],[14.757581,37.095659],[14.757044,37.095809],[14.756656,37.095918],[14.754267,37.096671],[14.754232,37.096703],[14.753377,37.097578],[14.752769,37.098114],[14.752679,37.098187],[14.7526,37.098252],[14.752487,37.098324],[14.751877,37.098711],[14.7512,37.099053],[14.751029,37.099101],[14.750728,37.099187],[14.75057,37.099232],[14.744735,37.100861],[14.7438,37.100959],[14.742924,37.100839],[14.742193,37.100566],[14.738225,37.099017],[14.731731,37.096188],[14.730977,37.095998],[14.727859,37.095937],[14.72782,37.095946],[14.727422,37.096035],[14.727386,37.096068],[14.727026,37.096403],[14.726616,37.097199],[14.72638,37.097719],[14.725003,37.102015],[14.725058,37.102323],[14.726038,37.105345],[14.72924,37.113257],[14.729176,37.115059],[14.728786,37.116838],[14.727782,37.117876],[14.72094,37.121052],[14.710687,37.12557],[14.704587,37.121205],[14.692658,37.114374],[14.683566,37.110087],[14.678878,37.104009],[14.678212,37.101466],[14.678031,37.101334],[14.677729,37.101147],[14.677124,37.100994],[14.673698,37.101864],[14.67134,37.1025],[14.667658,37.103683],[14.663138,37.105137],[14.660948,37.106383],[14.660639,37.106524],[14.660488,37.106592],[14.660317,37.10667],[14.652095,37.102751],[14.649379,37.101319],[14.64932,37.101254],[14.648664,37.100525],[14.648407,37.099841],[14.648341,37.099667],[14.647965,37.098333],[14.643652,37.089305],[14.641568,37.085756],[14.638981,37.085664],[14.629014,37.082103],[14.624421,37.080204],[14.620927,37.079337],[14.6207,37.079302],[14.620399,37.079254],[14.61952,37.079476],[14.618212,37.079815],[14.617728,37.080038],[14.617412,37.080418],[14.617376,37.08046],[14.617361,37.080501],[14.617261,37.080768],[14.617126,37.081126],[14.617115,37.081155],[14.617086,37.081261],[14.616963,37.081715],[14.616931,37.081829],[14.616817,37.082326],[14.616723,37.082956],[14.616715,37.083124],[14.616384,37.084199],[14.615833,37.085838],[14.614407,37.08934],[14.614055,37.090083],[14.613753,37.090719],[14.613725,37.090779],[14.613333,37.091386],[14.613244,37.091508],[14.612719,37.091732],[14.612641,37.091694],[14.611961,37.091359],[14.611904,37.091323],[14.61067,37.09027],[14.60928,37.088593],[14.609316,37.088169],[14.609483,37.087993],[14.600773,37.080064],[14.596316,37.07714],[14.587902,37.071745],[14.586282,37.071023],[14.584204,37.069442],[14.579892,37.065758],[14.578821,37.064376],[14.571718,37.055165],[14.57133,37.054749],[14.571301,37.05472],[14.568391,37.052611],[14.564639,37.051829],[14.561383,37.052992],[14.558923,37.054149],[14.551344,37.056099],[14.55068,37.056186],[14.54887,37.055886],[14.548353,37.055743],[14.546885,37.055225],[14.540724,37.058909],[14.534116,37.063073],[14.533921,37.06339],[14.533718,37.06372],[14.533253,37.064642],[14.533206,37.064736],[14.53291,37.065331],[14.533478,37.071446],[14.533525,37.07164],[14.533546,37.071734],[14.533961,37.075448],[14.532891,37.075408],[14.531993,37.075257],[14.520259,37.071708],[14.511271,37.067524],[14.504326,37.063763],[14.49588,37.060194],[14.489626,37.0585],[14.479075,37.054815],[14.477167,37.053163],[14.477091,37.053103],[14.476611,37.052727],[14.476451,37.052601],[14.47634,37.052529],[14.475683,37.052114],[14.475304,37.051945],[14.474938,37.051782],[14.471853,37.050732],[14.471627,37.050665],[14.471485,37.050623],[14.471322,37.050574],[14.471022,37.050485],[14.470405,37.050392],[14.465952,37.050139],[14.465804,37.050138],[14.465722,37.050137],[14.465411,37.050136],[14.465346,37.050135],[14.464899,37.050199],[14.464366,37.050275],[14.46399,37.050373],[14.463442,37.050516],[14.4459,37.054843],[14.444109,37.052936],[14.443245,37.053396],[14.44259,37.053854],[14.442486,37.053981],[14.442215,37.05431],[14.441872,37.054838],[14.441783,37.054976],[14.44135,37.055714],[14.441038,37.056766],[14.442844,37.060597],[14.443646,37.064764],[14.442342,37.067714],[14.437374,37.073241],[14.433007,37.080979],[14.428824,37.09126],[14.429473,37.094723],[14.433175,37.099008],[14.444202,37.098012],[14.448653,37.097484],[14.452841,37.097998],[14.454803,37.102567],[14.456596,37.108481],[14.462062,37.113824],[14.468533,37.120216],[14.475636,37.131652],[14.47402,37.137351],[14.468287,37.142687],[14.458707,37.155479],[14.454765,37.16273],[14.451443,37.169075],[14.446892,37.17366],[14.438312,37.17904],[14.432355,37.184987],[14.432411,37.185358],[14.432463,37.185707],[14.432066,37.189059],[14.431936,37.189787],[14.43124,37.189542],[14.431085,37.189462],[14.430689,37.189259],[14.429166,37.188233],[14.42308,37.183547],[14.420273,37.181185],[14.420197,37.180978],[14.420094,37.180698],[14.420052,37.180582],[14.419063,37.179229],[14.419039,37.179203],[14.417186,37.17842],[14.414831,37.177716],[14.413841,37.177456],[14.412529,37.177301],[14.410694,37.177273],[14.410454,37.177298],[14.409646,37.177384],[14.403793,37.178104],[14.398413,37.179059],[14.398303,37.180095],[14.397838,37.181264],[14.397819,37.18131],[14.396928,37.182827],[14.39688,37.182896],[14.39667,37.183196],[14.396417,37.183555],[14.395859,37.184175],[14.394587,37.185529],[14.393985,37.186122],[14.393756,37.186312],[14.393488,37.186535],[14.393156,37.186811],[14.392602,37.187268],[14.391932,37.187733],[14.389905,37.188842],[14.389047,37.18926],[14.388101,37.189355],[14.387044,37.18907],[14.381256,37.196953],[14.379662,37.203664],[14.376849,37.20534],[14.375373,37.206335],[14.378261,37.221248],[14.380332,37.230066],[14.382224,37.24111],[14.38201,37.243496],[14.382265,37.250132],[14.383382,37.256852],[14.383582,37.257304],[14.385029,37.25824],[14.386812,37.259385],[14.388242,37.259862],[14.390326,37.267011],[14.38529,37.279136],[14.380913,37.285365],[14.380051,37.283527],[14.374311,37.280692],[14.373998,37.280564],[14.373502,37.280362],[14.370082,37.279436],[14.36989,37.279386],[14.36936,37.279249],[14.369095,37.279202],[14.366588,37.278756],[14.365399,37.27861],[14.359749,37.277937],[14.357102,37.277702],[14.355758,37.277625],[14.353398,37.27782],[14.352788,37.278053],[14.352489,37.278636],[14.352404,37.278869],[14.352351,37.279013],[14.352354,37.280015],[14.352579,37.302456],[14.352659,37.306133],[14.35389,37.306126],[14.356863,37.305812],[14.35897,37.305284],[14.375497,37.299844],[14.382381,37.296644],[14.383298,37.296411],[14.383433,37.296377],[14.384781,37.296252],[14.38784,37.296756],[14.390782,37.297589],[14.390891,37.297696],[14.391395,37.298177],[14.392123,37.298776],[14.39255,37.299103],[14.393125,37.299187],[14.393891,37.299218],[14.397504,37.299046],[14.400373,37.298894],[14.405065,37.297363],[14.412242,37.294163],[14.421053,37.292805],[14.42966,37.293003],[14.433773,37.296782],[14.436535,37.300175],[14.43686,37.30052],[14.43734,37.300808],[14.437376,37.30083],[14.437468,37.300885],[14.44096,37.302857],[14.442176,37.303422],[14.444946,37.30283],[14.446391,37.302476],[14.447163,37.302163],[14.447952,37.301843],[14.448783,37.301762],[14.449298,37.301712],[14.449454,37.301697],[14.450091,37.301796],[14.450953,37.30193],[14.452912,37.302435],[14.453519,37.302761],[14.454222,37.303151],[14.454879,37.303607],[14.45529,37.304536],[14.45576,37.308289],[14.455641,37.309172],[14.455385,37.309854],[14.455365,37.309907],[14.450573,37.316402],[14.448811,37.318427],[14.44577,37.320706],[14.442381,37.322004],[14.439299,37.323003],[14.436312,37.323909],[14.435711,37.324151],[14.435226,37.324346],[14.435194,37.324365],[14.435084,37.324434],[14.434421,37.324847],[14.431149,37.327561],[14.429538,37.328936],[14.425028,37.333159],[14.422385,37.33701],[14.422044,37.337829],[14.422048,37.337942],[14.422067,37.338251],[14.422082,37.338489],[14.422092,37.338631],[14.422217,37.338765],[14.422509,37.339076],[14.422939,37.339223],[14.42301,37.339248],[14.424386,37.339707],[14.42629,37.340121],[14.427463,37.340371],[14.42848,37.340295],[14.42913,37.339852],[14.437313,37.339499],[14.437531,37.340652],[14.437817,37.341663],[14.438203,37.342407],[14.438407,37.342802],[14.440742,37.345537],[14.443019,37.346937],[14.446301,37.348555],[14.447977,37.34629],[14.450049,37.342463],[14.459494,37.333603],[14.4662,37.328708],[14.47386,37.322638],[14.48136,37.317219],[14.486577,37.313635],[14.49746,37.309238],[14.501951,37.309102],[14.506902,37.310027],[14.509559,37.312498],[14.511186,37.3174],[14.513539,37.318898],[14.517743,37.321371],[14.51938,37.325088],[14.516513,37.329233],[14.512338,37.334873],[14.505882,37.338136],[14.499094,37.340271],[14.495773,37.342339],[14.491197,37.3479],[14.492801,37.349267],[14.499032,37.348751],[14.502843,37.348821],[14.514251,37.351313],[14.520915,37.354729],[14.532226,37.360741],[14.539073,37.363771],[14.540088,37.363991],[14.542449,37.36391],[14.55542,37.362752],[14.565301,37.361049],[14.566962,37.360531],[14.569165,37.36036],[14.569899,37.360399],[14.576135,37.361907],[14.581408,37.364154],[14.581835,37.364579],[14.589727,37.37736],[14.59108,37.382721],[14.586026,37.387651],[14.582416,37.388098],[14.581296,37.388266],[14.578374,37.389606],[14.578305,37.38994],[14.5807,37.400089],[14.582804,37.403692],[14.587366,37.408324],[14.593266,37.410327],[14.600281,37.41245],[14.605543,37.411055],[14.611057,37.411255],[14.614756,37.411804],[14.616048,37.41208],[14.619284,37.413362],[14.621213,37.41417],[14.621496,37.41431],[14.622148,37.414632],[14.623013,37.41525],[14.62306,37.415284],[14.623161,37.415443],[14.62372,37.416331],[14.632746,37.424569],[14.633231,37.428796],[14.632935,37.429619],[14.63214,37.430357],[14.624316,37.435218],[14.617377,37.43507],[14.612905,37.433991],[14.610165,37.437164],[14.608477,37.440357],[14.599792,37.442126],[14.597119,37.443618],[14.592443,37.447045],[14.591345,37.448026],[14.590349,37.448749],[14.589012,37.449622],[14.588038,37.450106],[14.581842,37.450623],[14.578696,37.449305],[14.570163,37.446877],[14.561615,37.446801],[14.555225,37.445406],[14.554765,37.444892],[14.553938,37.444978],[14.548193,37.447236],[14.543861,37.449346],[14.538318,37.453696],[14.533806,37.455572],[14.531011,37.457652],[14.52838,37.45973],[14.52617,37.461527],[14.524525,37.464242],[14.517847,37.475843],[14.516914,37.477972],[14.516421,37.47985],[14.516509,37.481043],[14.521593,37.490692],[14.522681,37.492751],[14.525251,37.49434],[14.52631,37.494977],[14.527323,37.495909],[14.527547,37.496379],[14.527604,37.496498],[14.527792,37.496893],[14.519149,37.499431],[14.514832,37.500564],[14.513319,37.500891],[14.512378,37.501032],[14.511033,37.500917],[14.510878,37.500899],[14.509778,37.500769],[14.499942,37.503286],[14.498537,37.503678],[14.496779,37.504318],[14.495894,37.504667],[14.488153,37.508256],[14.487837,37.508555],[14.487718,37.509533],[14.487761,37.510243],[14.489288,37.511415],[14.490654,37.511612],[14.492022,37.511672],[14.493269,37.511558],[14.49465,37.511106],[14.506458,37.512459],[14.510871,37.514352],[14.515959,37.515827],[14.522534,37.516734],[14.523263,37.516605],[14.526535,37.518358],[14.526593,37.518406],[14.530131,37.521998],[14.530579,37.522453],[14.532059,37.524027],[14.535782,37.529142],[14.537854,37.534465],[14.54109,37.540345],[14.541527,37.541124],[14.541964,37.541765],[14.542459,37.542253],[14.542977,37.542606],[14.543395,37.542744],[14.54421,37.542872],[14.545208,37.542589],[14.545358,37.542526],[14.54591,37.542293],[14.546188,37.541988],[14.546261,37.541908],[14.546538,37.541592],[14.546689,37.541172],[14.546699,37.541144],[14.546695,37.541064],[14.556006,37.540826],[14.561949,37.540741],[14.561323,37.543415],[14.565847,37.54447],[14.573048,37.545777],[14.577072,37.544725],[14.57975,37.547591],[14.579216,37.548006],[14.579213,37.548084],[14.579189,37.548653],[14.579684,37.549233],[14.579793,37.549318],[14.580304,37.549721],[14.581141,37.549877],[14.581878,37.549746],[14.58247,37.549421],[14.582576,37.549356],[14.582725,37.549263],[14.583104,37.549028],[14.587139,37.546212],[14.587661,37.545829],[14.587798,37.545729],[14.58831,37.545315],[14.589585,37.543913],[14.589768,37.5437],[14.58987,37.54358],[14.58991,37.543489],[14.589925,37.543454],[14.590018,37.543238],[14.590068,37.543125],[14.590009,37.542446],[14.589995,37.542313],[14.58998,37.542166],[14.589987,37.542107],[14.590051,37.541607],[14.590272,37.540428],[14.59089,37.539186],[14.590968,37.539046],[14.591394,37.538277],[14.591705,37.537917],[14.59186,37.537737],[14.592217,37.537474],[14.592294,37.537417],[14.592417,37.537326],[14.593031,37.536885],[14.594245,37.536377],[14.594539,37.536304],[14.594677,37.53627],[14.596126,37.535914],[14.596528,37.535876],[14.596865,37.535844],[14.597158,37.535817],[14.597224,37.53581],[14.597427,37.535805],[14.598402,37.535777],[14.600541,37.535866],[14.600824,37.53588],[14.601785,37.535924],[14.618375,37.536601],[14.632817,37.536442],[14.637303,37.54306],[14.642375,37.545355],[14.649224,37.547685],[14.65318,37.549021],[14.654458,37.549376],[14.665682,37.553285],[14.666619,37.554152],[14.673995,37.557975],[14.674634,37.557999],[14.674711,37.558001],[14.67535,37.558025],[14.679665,37.557884],[14.684642,37.55623],[14.689597,37.554174],[14.693917,37.556273],[14.693518,37.557028],[14.693787,37.557535],[14.694777,37.558934],[14.69523,37.559151],[14.695645,37.559328],[14.696032,37.559494],[14.697107,37.559679],[14.697156,37.559681],[14.697886,37.559717],[14.698432,37.559646],[14.699281,37.559504],[14.699791,37.559116],[14.699909,37.558478],[14.699451,37.549467],[14.70209,37.548869],[14.707406,37.549507],[14.712928,37.545352],[14.712221,37.542337],[14.714812,37.539713],[14.722724,37.539444],[14.728456,37.535139],[14.728839,37.53266],[14.733233,37.528569],[14.741761,37.527102],[14.75773,37.509783],[14.763949,37.504362],[14.764128,37.504839],[14.764362,37.5053],[14.764803,37.506102],[14.766986,37.509071],[14.768572,37.509273],[14.771457,37.509307],[14.771725,37.50927],[14.772284,37.509193],[14.772497,37.509164],[14.772851,37.508732],[14.773774,37.506668],[14.774616,37.504264],[14.777475,37.502009],[14.7846,37.502607],[14.786556,37.503685],[14.790519,37.506449],[14.790837,37.506801],[14.790992,37.506973],[14.791253,37.507387],[14.791645,37.508153],[14.792488,37.510212],[14.793821,37.514563],[14.794004,37.518669],[14.791165,37.526252],[14.79112,37.526591],[14.79106,37.527044],[14.791038,37.527208],[14.791101,37.527526],[14.791182,37.527938],[14.791193,37.527993],[14.7917,37.528562],[14.793546,37.530522],[14.795483,37.531476],[14.797284,37.531879],[14.799126,37.53263],[14.799494,37.535417],[14.801652,37.553934],[14.801661,37.554446],[14.801431,37.554917],[14.801048,37.555257],[14.799064,37.556129],[14.791959,37.559093],[14.791922,37.559062],[14.791493,37.559153],[14.791328,37.55925],[14.791051,37.559413],[14.790709,37.559772],[14.790663,37.560207],[14.790707,37.560702],[14.790853,37.561343],[14.791005,37.561666],[14.791052,37.561765],[14.794845,37.566766],[14.796241,37.568231],[14.796286,37.568276],[14.796595,37.568582],[14.796923,37.568908],[14.797002,37.568986],[14.805529,37.576906],[14.811226,37.581791],[14.819914,37.585709],[14.822665,37.586469],[14.824672,37.586824],[14.824703,37.586829],[14.825608,37.58696],[14.827223,37.589639],[14.828846,37.598196],[14.828833,37.598916],[14.828052,37.608308],[14.828005,37.608551],[14.827938,37.608894],[14.827779,37.609273],[14.826993,37.610406],[14.826335,37.611109],[14.826258,37.61117],[14.826101,37.611295],[14.825745,37.611577],[14.825018,37.612054],[14.824271,37.612242],[14.823131,37.61953],[14.825938,37.624698],[14.825867,37.631712],[14.825718,37.632577],[14.825467,37.633262],[14.825091,37.633884],[14.824659,37.634515],[14.823734,37.635861],[14.822818,37.636656],[14.822295,37.637087],[14.821615,37.637465],[14.820821,37.63759],[14.819836,37.637625],[14.809838,37.642207],[14.804784,37.646219],[14.797314,37.64598],[14.793435,37.651129],[14.793173,37.651479],[14.792694,37.652146],[14.792421,37.652758],[14.792455,37.653075],[14.791938,37.663223],[14.7918,37.664241],[14.791772,37.666061],[14.791854,37.673056],[14.791932,37.673642],[14.79238,37.675607],[14.792618,37.676095],[14.793068,37.676682],[14.795213,37.679073],[14.797931,37.681945],[14.798702,37.682181],[14.799121,37.682325],[14.799857,37.682741],[14.800332,37.683048],[14.80096,37.684063],[14.801801,37.685485],[14.801845,37.685562],[14.802173,37.686133],[14.802352,37.686657],[14.802362,37.686725],[14.802452,37.687415],[14.802427,37.688134],[14.801898,37.691163],[14.801715,37.691396],[14.801684,37.691426],[14.800968,37.691395],[14.800128,37.691304],[14.799297,37.69653],[14.798631,37.703703],[14.798422,37.709598],[14.798683,37.711015],[14.798223,37.712095],[14.797959,37.71256],[14.797862,37.712731],[14.770284,37.699092],[14.761084,37.694179],[14.752698,37.68687],[14.752381,37.686607],[14.751984,37.686417],[14.751215,37.686209],[14.750602,37.686136],[14.747709,37.686219],[14.747518,37.686307],[14.747433,37.686346],[14.747301,37.686407],[14.746133,37.687071],[14.745867,37.687513],[14.738301,37.691063],[14.734503,37.690858],[14.733428,37.687062],[14.729019,37.683051],[14.728567,37.682679],[14.728035,37.682354],[14.725316,37.681393],[14.724931,37.681274],[14.724413,37.681353],[14.724355,37.681371],[14.724172,37.681428],[14.72407,37.68146],[14.723543,37.681729],[14.723165,37.682048],[14.722856,37.682308],[14.722755,37.682393],[14.722323,37.683136],[14.722143,37.683448],[14.722113,37.6835],[14.722565,37.684812],[14.722789,37.68497],[14.71838,37.694191],[14.717021,37.69675],[14.715472,37.702483],[14.715624,37.707988],[14.718767,37.71268],[14.720667,37.716467],[14.72005,37.720576],[14.717658,37.725104],[14.715123,37.726293],[14.709096,37.727536],[14.708189,37.727724],[14.707845,37.727891],[14.707668,37.727977],[14.706477,37.728555],[14.705776,37.729327],[14.705806,37.729702],[14.705811,37.729773],[14.70627,37.731533],[14.710568,37.73499],[14.710923,37.735215],[14.711054,37.735299],[14.714451,37.737455],[14.716424,37.738497],[14.719159,37.739816],[14.720932,37.740007],[14.723047,37.740837],[14.723807,37.741191],[14.723896,37.741233],[14.724539,37.741564],[14.727066,37.742876],[14.727615,37.743162],[14.728245,37.743494],[14.735427,37.752107],[14.732922,37.758438],[14.728722,37.761033],[14.726418,37.761317],[14.724191,37.761632],[14.72384,37.761712],[14.721404,37.763159],[14.716369,37.767154],[14.714615,37.769291],[14.714449,37.770614],[14.714396,37.776036],[14.716544,37.778244],[14.719429,37.780993],[14.720346,37.781723],[14.720676,37.78195],[14.723001,37.783297],[14.726321,37.784497],[14.727364,37.784843],[14.741354,37.788939],[14.742273,37.78902],[14.744232,37.789555],[14.744442,37.790242],[14.744836,37.793373],[14.74489,37.794001],[14.744877,37.794496],[14.744762,37.794966],[14.744717,37.795125],[14.744647,37.795372],[14.743007,37.797923],[14.741896,37.79935],[14.739637,37.80222],[14.739372,37.803029],[14.739327,37.803238],[14.73928,37.803452],[14.73894,37.806471],[14.738387,37.811823],[14.738369,37.812015],[14.738355,37.812152],[14.738342,37.812292],[14.738534,37.812726],[14.738555,37.812773],[14.7394,37.814433],[14.742252,37.818133],[14.74243,37.818019],[14.742717,37.817835],[14.742923,37.817702],[14.743115,37.8176],[14.743292,37.817506],[14.743419,37.817438],[14.74348,37.817405],[14.743516,37.817389],[14.743982,37.817174],[14.744834,37.817078],[14.745561,37.817289],[14.745765,37.817347],[14.745833,37.81737],[14.746524,37.817603],[14.747126,37.8181],[14.747737,37.818678],[14.747943,37.819164],[14.75032,37.821009],[14.756248,37.82201],[14.760348,37.822335],[14.763875,37.822086],[14.76825,37.82061],[14.770774,37.817698],[14.775015,37.811821],[14.784213,37.809702],[14.787213,37.808731],[14.793143,37.806302],[14.797259,37.803298],[14.800937,37.804656],[14.802682,37.810398],[14.8027,37.810472],[14.802805,37.810908],[14.80277,37.811861],[14.802662,37.813842],[14.802449,37.816454],[14.799697,37.823218],[14.794614,37.833911],[14.792617,37.839586],[14.792529,37.842378],[14.790413,37.848893],[14.789443,37.851595],[14.789426,37.851635],[14.789061,37.852451],[14.789014,37.852555],[14.788898,37.852812],[14.788857,37.852901],[14.788449,37.853512],[14.78796,37.854117],[14.786804,37.855365],[14.78572,37.85638],[14.784129,37.857748],[14.783058,37.858633],[14.782525,37.859073],[14.781989,37.859482],[14.781082,37.860148],[14.777931,37.862424],[14.777811,37.862481],[14.776524,37.863084],[14.776462,37.863113],[14.774525,37.863814],[14.760653,37.868383],[14.7603,37.86849],[14.75999,37.868491],[14.759777,37.868491],[14.759629,37.868491],[14.759214,37.868459],[14.759066,37.868448],[14.75862,37.86841],[14.75811,37.868149],[14.758027,37.868106],[14.757177,37.86763],[14.755793,37.866492],[14.755757,37.86646],[14.755623,37.866342],[14.755538,37.866267],[14.755126,37.865904],[14.7549,37.865692],[14.754502,37.865318],[14.746474,37.855629],[14.743549,37.850367],[14.743448,37.849845],[14.742682,37.848069],[14.742544,37.847859],[14.742218,37.847362],[14.741967,37.847227],[14.741757,37.847113],[14.741647,37.847054],[14.741515,37.846982],[14.74098,37.846982],[14.740207,37.847042],[14.739148,37.847202],[14.738682,37.847463],[14.73843,37.847849],[14.738405,37.847904],[14.738121,37.848517],[14.736766,37.855879],[14.738148,37.863202],[14.738675,37.865413],[14.739216,37.868552],[14.740285,37.876542],[14.738533,37.883717],[14.739588,37.890115],[14.738119,37.900359],[14.738014,37.901268],[14.738103,37.901746],[14.738249,37.901949],[14.738449,37.902228],[14.73852,37.902283],[14.738818,37.902489],[14.741891,37.901655],[14.754285,37.899936],[14.759618,37.899944],[14.759997,37.899831],[14.760906,37.899111],[14.762321,37.897952],[14.762823,37.897437],[14.763383,37.896807],[14.763634,37.896349],[14.763784,37.895662],[14.763797,37.895022],[14.763676,37.893853],[14.763503,37.893322],[14.763461,37.893193],[14.763213,37.892562],[14.76308,37.89192],[14.763263,37.891479],[14.763664,37.890798],[14.764498,37.889519],[14.765353,37.888986],[14.766229,37.888673],[14.766916,37.888496],[14.76781,37.888675],[14.768013,37.888716],[14.768349,37.888826],[14.769321,37.889142],[14.771355,37.890091],[14.771841,37.890607],[14.771941,37.891066],[14.77206,37.893256],[14.771989,37.893786],[14.777349,37.903135],[14.778261,37.903385],[14.778341,37.903605],[14.778488,37.904095],[14.778407,37.904543],[14.778248,37.904884],[14.778109,37.905183],[14.777858,37.905704],[14.777605,37.906099],[14.777039,37.906876],[14.776612,37.907251],[14.773982,37.909464],[14.772544,37.910109],[14.770788,37.910827],[14.77012,37.910963],[14.769578,37.911063],[14.768695,37.911137],[14.766853,37.911294],[14.764984,37.911594],[14.764335,37.911711],[14.763267,37.911904],[14.761182,37.912515],[14.757871,37.914101],[14.75686,37.915477],[14.756494,37.916008],[14.756492,37.916764],[14.756892,37.917226],[14.757172,37.917487],[14.759601,37.920046],[14.760278,37.920967],[14.761172,37.922615],[14.761367,37.922997],[14.7615,37.923256],[14.762841,37.92766],[14.762985,37.932244],[14.762734,37.935807],[14.764769,37.940226],[14.765107,37.940542],[14.768382,37.94179],[14.769338,37.941982],[14.769998,37.941958],[14.771011,37.941778],[14.774062,37.941956],[14.777668,37.942395],[14.778681,37.942624],[14.779021,37.942869],[14.779382,37.94331],[14.779927,37.943985],[14.780334,37.944645],[14.780629,37.945215],[14.78176,37.947559],[14.78949,37.951732],[14.801356,37.953243],[14.802459,37.95295],[14.804617,37.951385],[14.804921,37.951104],[14.805163,37.950881],[14.8057,37.950197],[14.807976,37.94602],[14.808881,37.944089],[14.823102,37.936246],[14.826919,37.934926],[14.827336,37.934924],[14.828525,37.935097],[14.829135,37.935388],[14.831521,37.938504],[14.834556,37.943015],[14.839317,37.95133],[14.83974,37.952659],[14.839093,37.954985],[14.840545,37.95903],[14.841435,37.958922],[14.846729,37.957596],[14.849145,37.956769],[14.850637,37.955695],[14.851334,37.95513],[14.851766,37.95414],[14.851928,37.953273],[14.850851,37.950621],[14.850208,37.949731],[14.848263,37.942141],[14.854921,37.930984],[14.862491,37.928671],[14.87779,37.933225],[14.883789,37.938924],[14.893096,37.946747],[14.89585,37.94867],[14.900979,37.950316],[14.90627,37.951908],[14.918247,37.956196],[14.926899,37.96025],[14.927834,37.96062],[14.928129,37.960737],[14.929244,37.960897],[14.929533,37.96081],[14.93011,37.960628],[14.931547,37.957553],[14.939393,37.951639]]]]}},{"type":"Feature","properties":{"province":"chieti","geometryId":"uts:69","adminLevel":"province","name":"Chieti"},"geometry":{"type":"MultiPolygon","coordinates":[[[[14.254292,42.444865],[14.260679,42.440365],[14.278075,42.430133],[14.285929,42.425123],[14.286388,42.424771],[14.288981,42.423026],[14.289731,42.422529],[14.292085,42.421121],[14.293663,42.420192],[14.29687,42.418342],[14.303744,42.414484],[14.319831,42.405496],[14.3349,42.397838],[14.35694,42.386867],[14.372955,42.378574],[14.380405,42.377025],[14.390978,42.372565],[14.39356,42.370858],[14.393936,42.370245],[14.394272,42.369524],[14.394631,42.368551],[14.394658,42.36823],[14.394703,42.368045],[14.394728,42.36801],[14.395545,42.36693],[14.398138,42.364289],[14.398222,42.364215],[14.39882,42.363685],[14.399403,42.363228],[14.402393,42.361648],[14.402748,42.361472],[14.411454,42.357403],[14.413762,42.356726],[14.416043,42.356092],[14.416888,42.355857],[14.420625,42.355649],[14.420955,42.35542],[14.423493,42.351245],[14.414804,42.355293],[14.411614,42.357006],[14.409846,42.355046],[14.410115,42.348329],[14.410146,42.347877],[14.410957,42.34659],[14.411711,42.345514],[14.412679,42.345732],[14.414076,42.345924],[14.424313,42.331483],[14.429105,42.323165],[14.43747,42.315572],[14.450711,42.305795],[14.453433,42.303876],[14.455702,42.302429],[14.456852,42.30174],[14.461828,42.298855],[14.480603,42.287843],[14.499505,42.273673],[14.501874,42.2673],[14.501233,42.264741],[14.500939,42.261393],[14.500974,42.261164],[14.501034,42.26094],[14.501093,42.260722],[14.501172,42.260511],[14.502092,42.259218],[14.502267,42.258975],[14.502403,42.258805],[14.502558,42.258626],[14.508266,42.252503],[14.5096,42.25155],[14.514411,42.248775],[14.516148,42.247829],[14.517273,42.247248],[14.521426,42.245103],[14.530561,42.240866],[14.53304,42.239746],[14.539726,42.236823],[14.548233,42.232289],[14.548645,42.23181],[14.5491,42.231475],[14.550243,42.230695],[14.551051,42.230246],[14.561558,42.224551],[14.563025,42.223776],[14.566016,42.2224],[14.590708,42.211325],[14.612952,42.202307],[14.620788,42.199271],[14.6268,42.197177],[14.630372,42.196031],[14.632207,42.195459],[14.641997,42.192743],[14.653141,42.189461],[14.681082,42.180479],[14.695837,42.175581],[14.706601,42.173861],[14.708886,42.173869],[14.711215,42.176035],[14.71105,42.175993],[14.710936,42.176037],[14.710848,42.17607],[14.71069,42.17633],[14.711516,42.177425],[14.711838,42.177524],[14.712795,42.176933],[14.716168,42.173133],[14.716784,42.171597],[14.71722,42.170205],[14.719181,42.158933],[14.719364,42.153011],[14.717284,42.149271],[14.71881,42.135875],[14.721614,42.130908],[14.722039,42.130713],[14.722185,42.130528],[14.722373,42.130235],[14.722439,42.129388],[14.722627,42.124405],[14.722167,42.122755],[14.718895,42.111795],[14.718687,42.111666],[14.718534,42.111435],[14.71839,42.111082],[14.718103,42.109944],[14.717766,42.107717],[14.717852,42.107193],[14.718084,42.106345],[14.718267,42.10577],[14.718736,42.104998],[14.719101,42.10446],[14.721052,42.102159],[14.721666,42.101471],[14.724251,42.098805],[14.725137,42.098043],[14.726952,42.09655],[14.728362,42.095465],[14.731972,42.092781],[14.734451,42.09096],[14.735615,42.090161],[14.736945,42.089262],[14.738198,42.088425],[14.74126,42.086433],[14.742589,42.085569],[14.74407,42.084642],[14.745192,42.084016],[14.749473,42.081715],[14.749853,42.081513],[14.751314,42.080763],[14.752528,42.080258],[14.753483,42.079864],[14.768635,42.073771],[14.776291,42.071501],[14.77825,42.070691],[14.779168,42.070247],[14.777234,42.068382],[14.776918,42.068078],[14.776211,42.067396],[14.775316,42.066421],[14.772676,42.063503],[14.772423,42.063196],[14.772242,42.062909],[14.772026,42.062546],[14.771845,42.062168],[14.771715,42.061783],[14.767537,42.053865],[14.762302,42.044596],[14.763896,42.041626],[14.774392,42.039323],[14.782247,42.035105],[14.782637,42.034775],[14.782855,42.034314],[14.782964,42.033959],[14.783014,42.033793],[14.782921,42.033181],[14.7828,42.032971],[14.782738,42.032863],[14.782607,42.032639],[14.782223,42.032019],[14.781634,42.031315],[14.781588,42.031261],[14.781201,42.030808],[14.78104,42.030621],[14.780977,42.030551],[14.780614,42.030163],[14.780397,42.02993],[14.780151,42.029669],[14.778455,42.027974],[14.777276,42.026967],[14.776553,42.02636],[14.775973,42.025889],[14.766156,42.018449],[14.758449,42.016317],[14.7497,42.011365],[14.738255,42.007218],[14.736043,42.006834],[14.733138,42.00607],[14.730632,42.005066],[14.728004,42.00369],[14.727161,42.003246],[14.717518,41.99443],[14.707186,41.982581],[14.700276,41.974423],[14.695445,41.970406],[14.690373,41.96717],[14.685558,41.961947],[14.682019,41.958043],[14.680753,41.95667],[14.680231,41.956113],[14.679666,41.955522],[14.679247,41.955088],[14.679088,41.954924],[14.678622,41.954449],[14.678178,41.954043],[14.675482,41.951801],[14.672928,41.949976],[14.670714,41.948517],[14.670245,41.948203],[14.669837,41.94784],[14.668961,41.947002],[14.668637,41.946631],[14.66799,41.945681],[14.667739,41.945293],[14.666435,41.943202],[14.666232,41.942775],[14.665957,41.942172],[14.66554,41.941108],[14.66547,41.940621],[14.665367,41.939667],[14.665323,41.938981],[14.665409,41.938254],[14.6655,41.93791],[14.665678,41.93743],[14.666155,41.936428],[14.666357,41.936187],[14.666811,41.931359],[14.665137,41.921772],[14.664349,41.91755],[14.661675,41.914924],[14.652409,41.906843],[14.64165,41.900399],[14.633133,41.897157],[14.629776,41.896539],[14.627682,41.895931],[14.626853,41.895684],[14.622788,41.894196],[14.622732,41.89417],[14.621981,41.893812],[14.621391,41.893522],[14.619781,41.892665],[14.616384,41.890599],[14.614509,41.889431],[14.614365,41.889312],[14.614245,41.889188],[14.613936,41.888581],[14.613392,41.886915],[14.613058,41.885478],[14.612258,41.882767],[14.611598,41.880711],[14.611458,41.880419],[14.611335,41.880161],[14.611062,41.879776],[14.61099,41.879674],[14.608324,41.875952],[14.605731,41.872419],[14.603746,41.869721],[14.598651,41.857971],[14.59872,41.856572],[14.598721,41.856448],[14.598729,41.855032],[14.59871,41.854205],[14.598642,41.853466],[14.598303,41.852105],[14.598289,41.852078],[14.598016,41.851561],[14.597874,41.851322],[14.597706,41.85104],[14.597418,41.850694],[14.597038,41.850339],[14.596928,41.850237],[14.596448,41.849891],[14.595884,41.849572],[14.594505,41.848932],[14.59336,41.848448],[14.593155,41.84839],[14.592939,41.848328],[14.592838,41.848294],[14.592498,41.848179],[14.592146,41.848058],[14.591796,41.847906],[14.591706,41.847867],[14.591583,41.847813],[14.591378,41.847722],[14.590478,41.847203],[14.58983,41.846789],[14.588187,41.845528],[14.585555,41.842978],[14.584699,41.842083],[14.58405,41.841283],[14.583891,41.841077],[14.583666,41.840784],[14.583416,41.840332],[14.583261,41.839791],[14.583278,41.839304],[14.583528,41.837955],[14.577694,41.829422],[14.575499,41.826225],[14.569867,41.820242],[14.564744,41.819321],[14.564346,41.819466],[14.56384,41.819545],[14.563358,41.819541],[14.562287,41.819521],[14.561649,41.819462],[14.560987,41.819364],[14.56047,41.819281],[14.560122,41.81919],[14.554065,41.817462],[14.549734,41.815301],[14.544555,41.810344],[14.544293,41.810073],[14.543098,41.8087],[14.542086,41.80729],[14.533182,41.799934],[14.532981,41.796986],[14.533483,41.794279],[14.533547,41.793903],[14.533635,41.793006],[14.53365,41.792849],[14.533673,41.792378],[14.533677,41.79229],[14.533642,41.792026],[14.533619,41.791982],[14.533512,41.791775],[14.533347,41.791588],[14.529986,41.788327],[14.525842,41.786116],[14.511726,41.779354],[14.504808,41.776153],[14.498714,41.772265],[14.49745,41.770826],[14.497398,41.770765],[14.497295,41.770645],[14.497093,41.770402],[14.49695,41.770166],[14.496796,41.769858],[14.496724,41.769713],[14.496501,41.769166],[14.496491,41.768775],[14.496509,41.768556],[14.496287,41.767686],[14.4962,41.767438],[14.496137,41.767275],[14.495948,41.766816],[14.495818,41.766595],[14.49579,41.766558],[14.494652,41.765282],[14.492909,41.763698],[14.48983,41.761154],[14.489545,41.76097],[14.488841,41.760691],[14.487654,41.760281],[14.486609,41.759941],[14.48533,41.759652],[14.484313,41.760095],[14.483806,41.760309],[14.482672,41.760772],[14.480032,41.761371],[14.477478,41.761921],[14.474215,41.762619],[14.470368,41.763283],[14.463512,41.763115],[14.459498,41.762645],[14.458864,41.762328],[14.457818,41.762081],[14.457254,41.762094],[14.456759,41.762248],[14.456425,41.762382],[14.4563,41.762432],[14.456099,41.762531],[14.455974,41.762592],[14.455478,41.762872],[14.454788,41.763355],[14.454618,41.76365],[14.454483,41.764044],[14.454458,41.764118],[14.454419,41.764498],[14.454449,41.764848],[14.454523,41.765011],[14.454619,41.765182],[14.458473,41.771943],[14.459899,41.773617],[14.462362,41.775665],[14.463291,41.776393],[14.46388,41.776799],[14.46442,41.777007],[14.461074,41.784243],[14.458537,41.788284],[14.456875,41.791086],[14.455883,41.793182],[14.454689,41.796344],[14.453995,41.799039],[14.453716,41.801653],[14.450491,41.821382],[14.447565,41.832679],[14.445793,41.837571],[14.445697,41.837823],[14.442329,41.841256],[14.441607,41.841344],[14.435414,41.841629],[14.433691,41.841522],[14.420675,41.855279],[14.409683,41.862858],[14.401296,41.867893],[14.400063,41.868504],[14.397448,41.869743],[14.397207,41.869813],[14.396906,41.869886],[14.394829,41.870317],[14.393971,41.870465],[14.393561,41.870525],[14.393011,41.870146],[14.392711,41.869872],[14.391363,41.868639],[14.387856,41.867395],[14.384612,41.866414],[14.383735,41.866149],[14.381085,41.8659],[14.379219,41.865786],[14.37887,41.865873],[14.37853,41.866141],[14.377639,41.867277],[14.377516,41.86753],[14.377257,41.868087],[14.375793,41.874908],[14.375919,41.878021],[14.376591,41.879493],[14.37671,41.879641],[14.376676,41.879929],[14.375281,41.879732],[14.373791,41.879462],[14.373346,41.879362],[14.370617,41.878608],[14.369403,41.878259],[14.365975,41.877215],[14.364298,41.876473],[14.363867,41.876219],[14.361377,41.874602],[14.361095,41.874296],[14.361904,41.873644],[14.363034,41.872765],[14.363662,41.872008],[14.364145,41.871349],[14.364476,41.869582],[14.364513,41.869351],[14.364518,41.869081],[14.36447,41.868835],[14.364378,41.868592],[14.364272,41.868377],[14.362325,41.865294],[14.358552,41.860655],[14.343376,41.862539],[14.34305,41.863846],[14.343103,41.866751],[14.333713,41.879896],[14.325792,41.890523],[14.319239,41.894717],[14.315081,41.893411],[14.314732,41.893319],[14.313,41.892967],[14.312603,41.892891],[14.312218,41.892891],[14.30596,41.893015],[14.305781,41.893026],[14.305416,41.893049],[14.305031,41.89308],[14.303984,41.893391],[14.303385,41.89371],[14.303169,41.893828],[14.303033,41.893933],[14.302875,41.894067],[14.30251,41.894426],[14.302423,41.894587],[14.302338,41.894758],[14.283907,41.910649],[14.28126,41.91019],[14.280854,41.910092],[14.280626,41.910026],[14.280372,41.909952],[14.280022,41.909833],[14.279688,41.909695],[14.279301,41.909518],[14.279051,41.909351],[14.277727,41.908305],[14.273016,41.903539],[14.261114,41.893274],[14.249013,41.886146],[14.237635,41.878546],[14.229731,41.877084],[14.228571,41.877529],[14.225254,41.879792],[14.225227,41.879812],[14.224352,41.880472],[14.218101,41.885222],[14.211405,41.890605],[14.205187,41.893516],[14.184426,41.903173],[14.18324,41.903515],[14.181711,41.903386],[14.180325,41.903232],[14.177414,41.902824],[14.171314,41.901862],[14.170147,41.901662],[14.169184,41.901413],[14.168585,41.901238],[14.168189,41.901111],[14.16772,41.900937],[14.163603,41.898671],[14.143545,41.8895],[14.138341,41.887229],[14.125495,41.890867],[14.115235,41.891916],[14.106256,41.893356],[14.102326,41.900207],[14.099975,41.904611],[14.099418,41.907444],[14.097077,41.9153],[14.094881,41.922262],[14.092273,41.926709],[14.090931,41.92834],[14.088548,41.931237],[14.088283,41.931559],[14.087415,41.932614],[14.081825,41.939412],[14.086524,41.942773],[14.087189,41.943248],[14.087921,41.943504],[14.091294,41.944668],[14.097022,41.94512],[14.097878,41.945827],[14.097907,41.952314],[14.097725,41.952961],[14.095796,41.962429],[14.094436,41.974098],[14.094325,41.975054],[14.09414,41.976313],[14.093877,41.977823],[14.09371,41.978524],[14.093562,41.978982],[14.093483,41.979227],[14.092779,41.980307],[14.091375,41.982215],[14.090677,41.982842],[14.088838,41.993438],[14.089455,41.994027],[14.089646,41.994298],[14.089725,41.994794],[14.089948,41.996832],[14.089926,41.997544],[14.089773,41.997974],[14.089391,41.998549],[14.088772,41.999057],[14.088586,41.999197],[14.088025,41.99951],[14.087357,41.999864],[14.085947,42.000467],[14.081039,42.001725],[14.080184,42.009091],[14.081393,42.017477],[14.081525,42.0183],[14.081774,42.018653],[14.082696,42.01931],[14.0863,42.023958],[14.090525,42.033459],[14.090708,42.036836],[14.090633,42.040324],[14.097539,42.044995],[14.101674,42.046665],[14.103593,42.04744],[14.104024,42.047956],[14.104044,42.047982],[14.103913,42.048758],[14.098998,42.063948],[14.10029,42.069058],[14.100416,42.069688],[14.100497,42.070769],[14.100346,42.072986],[14.100203,42.074539],[14.100191,42.074672],[14.090643,42.084563],[14.0881,42.085631],[14.085228,42.086724],[14.083951,42.088307],[14.08326,42.089264],[14.083243,42.089663],[14.083224,42.090094],[14.083682,42.090907],[14.090318,42.098702],[14.097868,42.100233],[14.099062,42.100306],[14.100501,42.100318],[14.10158,42.100203],[14.102542,42.099804],[14.104559,42.099142],[14.105396,42.09888],[14.106171,42.098742],[14.106786,42.098908],[14.1076,42.099529],[14.111498,42.102672],[14.113287,42.10465],[14.114763,42.107933],[14.115324,42.113728],[14.115596,42.117583],[14.115612,42.117844],[14.115677,42.118889],[14.115623,42.120134],[14.111751,42.129664],[14.109554,42.137902],[14.109907,42.142837],[14.110473,42.14405],[14.1139,42.14893],[14.115637,42.150432],[14.116702,42.151113],[14.118291,42.151839],[14.126203,42.157256],[14.128777,42.159076],[14.119137,42.167668],[14.116463,42.170034],[14.116429,42.170061],[14.11551,42.170775],[14.114939,42.171201],[14.11454,42.171492],[14.106582,42.177028],[14.105518,42.177679],[14.104228,42.178359],[14.102549,42.178889],[14.100424,42.17933],[14.098726,42.179478],[14.097579,42.180072],[14.097453,42.18014],[14.096925,42.180658],[14.096289,42.181287],[14.095826,42.182502],[14.095981,42.185295],[14.096158,42.186448],[14.096304,42.187135],[14.096923,42.18778],[14.097127,42.187994],[14.097825,42.188278],[14.100775,42.189207],[14.101966,42.189024],[14.102929,42.188861],[14.104376,42.188485],[14.106268,42.188302],[14.106544,42.188394],[14.106612,42.188638],[14.106573,42.188805],[14.106482,42.189174],[14.106355,42.189585],[14.106062,42.19048],[14.106046,42.190517],[14.105867,42.190872],[14.101972,42.194676],[14.101939,42.194703],[14.097934,42.197843],[14.096089,42.199229],[14.094472,42.200222],[14.094436,42.200247],[14.093624,42.200919],[14.093527,42.201087],[14.093447,42.201531],[14.093438,42.202094],[14.093481,42.202583],[14.093578,42.203376],[14.093792,42.204451],[14.094027,42.205228],[14.09451,42.206039],[14.095165,42.206505],[14.095386,42.206662],[14.10263,42.209094],[14.103895,42.209501],[14.10527,42.209407],[14.105609,42.209297],[14.105653,42.209282],[14.106125,42.209129],[14.11161,42.211498],[14.114813,42.214528],[14.116011,42.218998],[14.115879,42.219805],[14.117278,42.222043],[14.117927,42.222478],[14.121606,42.224487],[14.122558,42.224877],[14.12344,42.225071],[14.126621,42.225536],[14.128086,42.225637],[14.129347,42.225606],[14.13029,42.225284],[14.1258,42.229719],[14.111351,42.240717],[14.109263,42.243207],[14.10889,42.243809],[14.108602,42.244546],[14.108445,42.245192],[14.105714,42.257427],[14.109438,42.260676],[14.114663,42.2631],[14.11415,42.268735],[14.113461,42.274429],[14.104838,42.277529],[14.103632,42.277871],[14.101055,42.278391],[14.097385,42.278843],[14.096635,42.278782],[14.094309,42.278584],[14.092541,42.278271],[14.092188,42.280952],[14.104015,42.286092],[14.111325,42.291387],[14.111527,42.291657],[14.111777,42.291993],[14.112205,42.293531],[14.112023,42.294386],[14.111784,42.295031],[14.111485,42.295566],[14.110937,42.296205],[14.110906,42.296241],[14.110343,42.296693],[14.109473,42.297146],[14.095205,42.303248],[14.091326,42.307287],[14.088198,42.311207],[14.084654,42.315502],[14.081266,42.317601],[14.079739,42.316904],[14.079451,42.316827],[14.079316,42.316891],[14.078787,42.317288],[14.078155,42.317951],[14.077888,42.318278],[14.077655,42.318595],[14.076393,42.320321],[14.076211,42.320617],[14.076104,42.321022],[14.075713,42.325217],[14.07593,42.32635],[14.076054,42.326728],[14.076368,42.327038],[14.077146,42.327665],[14.086706,42.332237],[14.091732,42.334371],[14.093552,42.334777],[14.093854,42.334684],[14.094013,42.334635],[14.094357,42.334421],[14.111342,42.331737],[14.113933,42.332152],[14.116248,42.333101],[14.118864,42.334376],[14.119659,42.334862],[14.119904,42.335192],[14.120064,42.335407],[14.120084,42.335802],[14.119933,42.336187],[14.117481,42.339689],[14.118452,42.341254],[14.121577,42.345812],[14.127043,42.348688],[14.127378,42.352463],[14.125484,42.357671],[14.124663,42.357557],[14.124526,42.357538],[14.123408,42.357593],[14.11989,42.358286],[14.119217,42.358708],[14.118715,42.359136],[14.118259,42.359543],[14.118101,42.359692],[14.117911,42.359872],[14.117353,42.360979],[14.117212,42.361408],[14.117587,42.362287],[14.117966,42.362955],[14.118445,42.3635],[14.118967,42.363894],[14.119059,42.363964],[14.119088,42.363985],[14.120985,42.36525],[14.121621,42.365649],[14.122409,42.365862],[14.127728,42.36845],[14.128383,42.372049],[14.129089,42.376343],[14.129699,42.380902],[14.132885,42.386332],[14.136097,42.388781],[14.151711,42.39221],[14.156377,42.393089],[14.15706,42.393608],[14.157551,42.394225],[14.15788,42.395983],[14.157576,42.398273],[14.156379,42.4044],[14.155263,42.408084],[14.156031,42.412407],[14.160992,42.419628],[14.168749,42.425953],[14.168518,42.429565],[14.166095,42.429913],[14.164356,42.432147],[14.171499,42.436645],[14.173053,42.436035],[14.173908,42.435582],[14.177145,42.433567],[14.181576,42.430486],[14.182217,42.429534],[14.182727,42.428935],[14.183528,42.428048],[14.184272,42.427371],[14.185715,42.426058],[14.187894,42.427863],[14.192247,42.433835],[14.196173,42.433524],[14.196528,42.432864],[14.197717,42.430662],[14.197998,42.430159],[14.198136,42.429937],[14.198437,42.429459],[14.198821,42.428888],[14.200245,42.428171],[14.2004,42.428097],[14.206322,42.426031],[14.208504,42.425351],[14.210109,42.425543],[14.21123,42.426091],[14.215102,42.427683],[14.221895,42.427832],[14.222579,42.427744],[14.222977,42.427692],[14.223468,42.427558],[14.223589,42.427525],[14.223665,42.42749],[14.223717,42.427466],[14.223931,42.427365],[14.223508,42.424283],[14.223261,42.4231],[14.222974,42.422255],[14.222679,42.42144],[14.222383,42.420846],[14.23124,42.418537],[14.241334,42.426762],[14.243369,42.426471],[14.24406,42.426592],[14.244982,42.426825],[14.245096,42.426903],[14.245813,42.427394],[14.24616,42.427797],[14.246197,42.42784],[14.244256,42.435655],[14.243982,42.436166],[14.244077,42.436684],[14.244105,42.43684],[14.24455,42.4374],[14.248885,42.441328],[14.250053,42.442376],[14.250298,42.442582],[14.250863,42.443047],[14.250948,42.443117],[14.252178,42.44391],[14.252284,42.443972],[14.253339,42.444596],[14.253554,42.444724],[14.25366,42.444786],[14.253844,42.444828],[14.254292,42.444865]]]]}},{"type":"Feature","properties":{"province":"cuneo","geometryId":"uts:4","adminLevel":"province","name":"Cuneo"},"geometry":{"type":"MultiPolygon","coordinates":[[[[7.474607,44.768465],[7.474817,44.768386],[7.475052,44.768228],[7.475121,44.768103],[7.475242,44.767641],[7.475254,44.767581],[7.475245,44.767511],[7.475144,44.767271],[7.474279,44.765577],[7.472483,44.763107],[7.472347,44.762961],[7.472232,44.762838],[7.47204,44.762687],[7.471856,44.762595],[7.471412,44.762427],[7.471184,44.762392],[7.470384,44.762764],[7.470125,44.762891],[7.46984,44.76304],[7.469401,44.763282],[7.469159,44.76345],[7.468479,44.76426],[7.466991,44.766936],[7.466881,44.767164],[7.466355,44.768512],[7.466664,44.772704],[7.466669,44.772888],[7.466868,44.772891],[7.46716,44.772737],[7.468786,44.7718],[7.469841,44.770711],[7.474607,44.768465]]],[[[7.975899,44.851235],[7.979899,44.84337],[7.982443,44.835506],[7.983964,44.827229],[7.993556,44.819887],[7.999141,44.817258],[8.004787,44.815075],[8.006642,44.814793],[8.009384,44.814443],[8.011421,44.814326],[8.012811,44.814291],[8.012904,44.81429],[8.014366,44.814423],[8.014777,44.814463],[8.016434,44.814712],[8.017235,44.814926],[8.018326,44.815322],[8.018531,44.815446],[8.01888,44.815665],[8.019254,44.815906],[8.01958,44.816436],[8.01969,44.816768],[8.020376,44.817019],[8.020739,44.817139],[8.021449,44.817265],[8.022136,44.817318],[8.022209,44.817323],[8.022486,44.817339],[8.022937,44.81732],[8.023633,44.81716],[8.025041,44.816539],[8.026289,44.815938],[8.027663,44.815011],[8.034646,44.808511],[8.037571,44.805561],[8.046283,44.802331],[8.04747,44.804695],[8.047677,44.804944],[8.048908,44.806174],[8.053451,44.809632],[8.056423,44.810716],[8.060931,44.809951],[8.065356,44.808025],[8.068765,44.806826],[8.078698,44.808045],[8.082569,44.8133],[8.082973,44.81379],[8.085359,44.816676],[8.08591,44.817139],[8.086474,44.817557],[8.087089,44.81794],[8.094277,44.822193],[8.094717,44.822359],[8.0966,44.821708],[8.097342,44.821373],[8.097426,44.821335],[8.097464,44.821318],[8.100507,44.819748],[8.101527,44.818424],[8.106049,44.811263],[8.106966,44.809978],[8.10952,44.809894],[8.111188,44.810588],[8.113603,44.811708],[8.11575,44.81348],[8.115788,44.813506],[8.116069,44.81369],[8.116613,44.813784],[8.117859,44.813893],[8.119049,44.813996],[8.121748,44.813977],[8.123206,44.813796],[8.127711,44.811656],[8.130575,44.810131],[8.131519,44.809463],[8.131812,44.809256],[8.131397,44.808433],[8.131072,44.808003],[8.129477,44.796514],[8.128814,44.791347],[8.132387,44.787155],[8.135149,44.785434],[8.124185,44.775539],[8.115875,44.771255],[8.111745,44.772121],[8.111725,44.772216],[8.111672,44.772454],[8.111485,44.772691],[8.111236,44.772855],[8.11111,44.772939],[8.110982,44.773023],[8.110384,44.773284],[8.109577,44.773458],[8.109066,44.773566],[8.108835,44.773614],[8.10709,44.773961],[8.106036,44.774071],[8.105219,44.774123],[8.104442,44.773941],[8.103833,44.773572],[8.103402,44.773078],[8.102972,44.772489],[8.102625,44.771901],[8.102588,44.771284],[8.102718,44.770493],[8.103676,44.768277],[8.104039,44.767564],[8.098959,44.759535],[8.097519,44.75936],[8.096716,44.759233],[8.09623,44.759139],[8.095607,44.758841],[8.095087,44.758503],[8.096975,44.757263],[8.099746,44.755692],[8.105273,44.752598],[8.112894,44.748439],[8.115448,44.747744],[8.115541,44.747805],[8.115679,44.747907],[8.115966,44.748122],[8.116485,44.748621],[8.116936,44.749322],[8.117629,44.750526],[8.124447,44.749601],[8.131883,44.74695],[8.134004,44.74574],[8.135539,44.743983],[8.136296,44.742271],[8.137047,44.739631],[8.136543,44.737927],[8.138458,44.730779],[8.143791,44.725683],[8.145453,44.723662],[8.146431,44.722409],[8.147567,44.720945],[8.149315,44.718405],[8.150202,44.717009],[8.150234,44.716681],[8.150218,44.716492],[8.158994,44.716002],[8.165152,44.72139],[8.164282,44.729788],[8.170406,44.732555],[8.174568,44.733423],[8.178215,44.736451],[8.178513,44.736724],[8.178716,44.737135],[8.178964,44.737663],[8.179575,44.739634],[8.181103,44.745164],[8.187824,44.751829],[8.203622,44.749888],[8.20793,44.739024],[8.20946,44.73194],[8.209614,44.731645],[8.210329,44.730644],[8.21039,44.730561],[8.210427,44.730514],[8.211059,44.729715],[8.212534,44.728088],[8.213527,44.727586],[8.214945,44.72711],[8.215824,44.726921],[8.225664,44.72491],[8.227694,44.723614],[8.228387,44.723371],[8.229198,44.723115],[8.229364,44.723092],[8.229493,44.723074],[8.229805,44.723034],[8.237417,44.723327],[8.244462,44.725967],[8.244941,44.727496],[8.250568,44.731106],[8.256433,44.732288],[8.256829,44.732247],[8.256949,44.731982],[8.25694,44.730785],[8.256858,44.730032],[8.256705,44.729037],[8.257122,44.723413],[8.257524,44.721245],[8.261494,44.716117],[8.26155,44.716055],[8.262145,44.715401],[8.265896,44.712643],[8.266225,44.708899],[8.260193,44.697798],[8.25523,44.695007],[8.249671,44.69276],[8.243108,44.689201],[8.238154,44.685546],[8.23386,44.682852],[8.227318,44.680746],[8.223141,44.676915],[8.22337,44.671916],[8.225062,44.664856],[8.225404,44.660217],[8.218514,44.653683],[8.21116,44.648051],[8.204275,44.639802],[8.199342,44.633096],[8.195983,44.62569],[8.195749,44.617957],[8.196821,44.615074],[8.210967,44.616109],[8.21107,44.616166],[8.211118,44.616192],[8.211217,44.616244],[8.214183,44.617321],[8.214515,44.617413],[8.214788,44.61737],[8.216565,44.615717],[8.22019,44.612217],[8.221692,44.609549],[8.226331,44.602436],[8.232129,44.600856],[8.232405,44.600768],[8.23276,44.600398],[8.234027,44.599031],[8.234346,44.598628],[8.231974,44.596229],[8.229179,44.593736],[8.228912,44.593621],[8.2298,44.592044],[8.230344,44.591512],[8.233138,44.588787],[8.237769,44.585045],[8.240196,44.583183],[8.240466,44.582998],[8.240595,44.582911],[8.241643,44.582296],[8.242448,44.581933],[8.243164,44.581613],[8.244449,44.576833],[8.244918,44.571704],[8.240917,44.568127],[8.235926,44.56032],[8.238741,44.553235],[8.24128,44.54936],[8.242063,44.549819],[8.242794,44.550103],[8.243275,44.550048],[8.243917,44.549661],[8.246023,44.548257],[8.248912,44.541441],[8.251354,44.531937],[8.252777,44.528747],[8.246509,44.52448],[8.241534,44.520798],[8.232773,44.51751],[8.227182,44.516005],[8.225771,44.515392],[8.224163,44.514175],[8.223437,44.512991],[8.221843,44.509838],[8.218307,44.502468],[8.217047,44.499839],[8.21649,44.498232],[8.2162,44.497304],[8.216483,44.495865],[8.216692,44.495281],[8.216719,44.495227],[8.216906,44.495116],[8.21787,44.494691],[8.221973,44.490758],[8.222996,44.487039],[8.223223,44.485819],[8.222859,44.485249],[8.22132,44.483853],[8.219175,44.482443],[8.218259,44.481851],[8.207171,44.478182],[8.205047,44.477511],[8.203002,44.477332],[8.19667,44.478397],[8.196548,44.46645],[8.20401,44.459796],[8.208454,44.456882],[8.210109,44.454265],[8.210613,44.450645],[8.20892,44.448543],[8.208971,44.44633],[8.215404,44.439533],[8.222532,44.432023],[8.222845,44.430999],[8.222741,44.430486],[8.222339,44.429934],[8.219787,44.426666],[8.215937,44.424164],[8.213295,44.422657],[8.209864,44.418982],[8.208035,44.415782],[8.206357,44.404274],[8.193648,44.399953],[8.192657,44.398965],[8.191364,44.397984],[8.189733,44.396991],[8.189205,44.396681],[8.187964,44.395952],[8.187327,44.395667],[8.186506,44.395302],[8.186187,44.395387],[8.185158,44.395661],[8.181256,44.397146],[8.180702,44.397492],[8.180024,44.398146],[8.170748,44.394848],[8.170673,44.394441],[8.169846,44.392554],[8.169081,44.391621],[8.167175,44.389662],[8.166319,44.388909],[8.16601,44.388636],[8.164582,44.387501],[8.16324,44.386555],[8.162625,44.386215],[8.161932,44.385834],[8.16123,44.385793],[8.159045,44.385876],[8.155653,44.386004],[8.15421,44.385993],[8.152495,44.385683],[8.150883,44.38523],[8.14877,44.384602],[8.148359,44.38441],[8.148074,44.384129],[8.148046,44.383471],[8.148044,44.383277],[8.148034,44.382535],[8.148298,44.381682],[8.145848,44.373169],[8.142787,44.37226],[8.142104,44.372],[8.141713,44.371846],[8.140833,44.371209],[8.140925,44.369167],[8.141786,44.365977],[8.142315,44.365295],[8.142423,44.365215],[8.142467,44.365183],[8.143245,44.364619],[8.143465,44.364459],[8.144443,44.363674],[8.144684,44.363375],[8.145017,44.362962],[8.145056,44.362914],[8.145069,44.362887],[8.145397,44.362206],[8.145457,44.362079],[8.147236,44.358291],[8.148282,44.355979],[8.148291,44.355953],[8.148505,44.355305],[8.148637,44.354811],[8.148599,44.354],[8.148573,44.353901],[8.148361,44.353098],[8.144992,44.346645],[8.136044,44.335801],[8.135939,44.335224],[8.135822,44.334842],[8.13576,44.334638],[8.135591,44.334217],[8.134615,44.332506],[8.134284,44.3321],[8.130016,44.330484],[8.127326,44.331787],[8.124918,44.333076],[8.124271,44.333118],[8.121385,44.333272],[8.121276,44.333276],[8.119791,44.333332],[8.11757,44.333387],[8.116103,44.333402],[8.114561,44.333363],[8.109935,44.333237],[8.109196,44.333178],[8.107897,44.333062],[8.107756,44.333049],[8.107093,44.332855],[8.106969,44.332818],[8.106436,44.332373],[8.105908,44.331647],[8.105296,44.329024],[8.105038,44.327896],[8.10504,44.327868],[8.105128,44.326568],[8.105243,44.326186],[8.105556,44.325146],[8.107676,44.312702],[8.101957,44.300931],[8.101451,44.301021],[8.101381,44.301034],[8.099892,44.30146],[8.098299,44.301941],[8.095192,44.302963],[8.091803,44.30408],[8.085619,44.306149],[8.084638,44.306551],[8.084561,44.306583],[8.084523,44.306599],[8.084475,44.306644],[8.083872,44.307224],[8.083028,44.308316],[8.082459,44.310175],[8.082266,44.310901],[8.082245,44.310947],[8.082125,44.311163],[8.08119,44.311987],[8.08004,44.312764],[8.08001,44.312784],[8.078746,44.313414],[8.078713,44.313431],[8.077728,44.31374],[8.077691,44.313751],[8.076022,44.313958],[8.071271,44.311755],[8.060788,44.2999],[8.062695,44.291388],[8.063559,44.288271],[8.064498,44.288315],[8.065282,44.288352],[8.070018,44.288582],[8.073159,44.288709],[8.076045,44.287526],[8.077118,44.28685],[8.078005,44.286263],[8.079891,44.284406],[8.079915,44.284382],[8.080764,44.283508],[8.081017,44.282461],[8.087062,44.275788],[8.089962,44.273917],[8.087194,44.267129],[8.087024,44.266933],[8.086653,44.266504],[8.085845,44.265764],[8.085467,44.265432],[8.081768,44.262503],[8.076672,44.260306],[8.075872,44.26014],[8.075498,44.260063],[8.074514,44.259757],[8.073505,44.259416],[8.072273,44.258893],[8.067703,44.256398],[8.066736,44.255848],[8.066336,44.255621],[8.065432,44.255038],[8.063097,44.253074],[8.07178,44.246407],[8.079014,44.242342],[8.080006,44.242127],[8.08062,44.24171],[8.080636,44.241684],[8.080897,44.241249],[8.080902,44.241221],[8.08102,44.240557],[8.081103,44.240044],[8.081049,44.239432],[8.080674,44.2387],[8.078086,44.234105],[8.073202,44.2305],[8.068695,44.227117],[8.06735,44.225564],[8.067312,44.225505],[8.066177,44.223191],[8.06608,44.222862],[8.065363,44.216937],[8.065399,44.216775],[8.065467,44.216563],[8.065566,44.216403],[8.065583,44.216379],[8.066152,44.215581],[8.067786,44.213594],[8.067806,44.213571],[8.06818,44.213156],[8.073977,44.208679],[8.081829,44.204821],[8.086779,44.203281],[8.089768,44.201689],[8.093743,44.198588],[8.094847,44.197264],[8.094811,44.196376],[8.093064,44.193481],[8.091935,44.190079],[8.091719,44.188291],[8.092237,44.184562],[8.09226,44.184518],[8.092295,44.184455],[8.093112,44.183701],[8.0942,44.182705],[8.094736,44.182201],[8.09489,44.18201],[8.095006,44.181866],[8.096926,44.179382],[8.097145,44.179045],[8.097197,44.178965],[8.097171,44.178709],[8.096797,44.17822],[8.096374,44.177705],[8.096306,44.177621],[8.094479,44.175794],[8.090731,44.173139],[8.080728,44.165325],[8.074497,44.154721],[8.074576,44.154352],[8.074773,44.153438],[8.074924,44.152602],[8.074812,44.151718],[8.07428,44.150562],[8.073008,44.148796],[8.071987,44.147725],[8.071189,44.146927],[8.071057,44.146829],[8.071023,44.146804],[8.070433,44.146371],[8.069292,44.145644],[8.069246,44.145614],[8.068205,44.144975],[8.06731,44.14469],[8.054487,44.142901],[8.052653,44.142687],[8.050241,44.142597],[8.045994,44.142443],[8.044505,44.142547],[8.042931,44.142826],[8.042431,44.143235],[8.042401,44.143259],[8.042145,44.144057],[8.041313,44.145021],[8.041289,44.14505],[8.040966,44.145308],[8.040224,44.145896],[8.039255,44.146638],[8.039224,44.146662],[8.036161,44.148941],[8.035241,44.149621],[8.034935,44.149848],[8.032891,44.151312],[8.029126,44.15383],[8.017952,44.155744],[8.016541,44.155903],[8.011841,44.155899],[8.009446,44.155607],[8.005919,44.154218],[8.00309,44.152906],[7.985409,44.142765],[7.984957,44.142448],[7.984606,44.142201],[7.980594,44.139257],[7.980397,44.139093],[7.979633,44.138456],[7.979467,44.138198],[7.979049,44.137551],[7.978977,44.137312],[7.978796,44.136707],[7.978774,44.136633],[7.978932,44.133542],[7.979097,44.133537],[7.979187,44.133535],[8.003314,44.126381],[8.007012,44.124788],[8.010505,44.122092],[8.012353,44.119539],[8.009066,44.117702],[8.00402,44.116911],[8.002755,44.116537],[8.00377,44.114694],[8.004199,44.114235],[8.005953,44.113417],[8.013192,44.110904],[8.015594,44.110702],[8.012135,44.105389],[8.010968,44.104239],[8.010181,44.103769],[8.007735,44.102849],[8.006878,44.102589],[8.005994,44.102438],[8.00562,44.102407],[8.004634,44.102327],[8.003895,44.102437],[8.003448,44.102713],[8.003363,44.102766],[8.002826,44.10359],[7.989725,44.108566],[7.97063,44.1138],[7.969458,44.113654],[7.965201,44.111247],[7.96467,44.110908],[7.964105,44.110515],[7.963615,44.109873],[7.963451,44.10917],[7.963291,44.108322],[7.963088,44.107717],[7.962724,44.107118],[7.962675,44.107038],[7.962342,44.106629],[7.96204,44.106258],[7.961461,44.105794],[7.960561,44.105164],[7.95878,44.104103],[7.958001,44.103692],[7.956209,44.103006],[7.954246,44.102615],[7.942768,44.100865],[7.934577,44.102108],[7.93412,44.102789],[7.932744,44.104271],[7.930594,44.106411],[7.929919,44.10708],[7.928448,44.108291],[7.926332,44.109901],[7.925293,44.110008],[7.904608,44.108532],[7.901865,44.107696],[7.897962,44.106146],[7.886434,44.10517],[7.882381,44.108115],[7.878964,44.113709],[7.868471,44.116936],[7.861996,44.118655],[7.849091,44.120452],[7.840067,44.119886],[7.829588,44.121168],[7.816002,44.123071],[7.815311,44.123244],[7.788777,44.133941],[7.785564,44.135284],[7.784089,44.135899],[7.776422,44.138599],[7.768825,44.140246],[7.763804,44.140705],[7.758054,44.138914],[7.748919,44.13606],[7.743484,44.132777],[7.731849,44.127666],[7.722957,44.120205],[7.718788,44.108968],[7.718016,44.103575],[7.724649,44.094817],[7.731824,44.084498],[7.732017,44.084258],[7.73205,44.084231],[7.732496,44.08388],[7.732763,44.083722],[7.732892,44.083646],[7.733355,44.083448],[7.733673,44.083312],[7.739239,44.083491],[7.742484,44.083881],[7.747919,44.084586],[7.753755,44.085001],[7.75489,44.085049],[7.756015,44.085007],[7.757128,44.084966],[7.75769,44.084882],[7.757781,44.084863],[7.757863,44.084846],[7.758142,44.084788],[7.758605,44.084636],[7.758809,44.084569],[7.759117,44.084418],[7.759364,44.084297],[7.759088,44.083884],[7.758455,44.083585],[7.742549,44.077705],[7.740081,44.077324],[7.738979,44.076889],[7.737892,44.076373],[7.737701,44.076225],[7.736713,44.075459],[7.735645,44.074592],[7.734521,44.073589],[7.734481,44.073553],[7.730557,44.068486],[7.729723,44.06718],[7.729292,44.06568],[7.729169,44.065133],[7.728982,44.064296],[7.728974,44.064263],[7.723248,44.060616],[7.71433,44.061559],[7.713783,44.06421],[7.713357,44.073506],[7.715322,44.079038],[7.718242,44.081997],[7.713247,44.087829],[7.712838,44.088247],[7.71162,44.089161],[7.709221,44.090935],[7.707223,44.092073],[7.705687,44.092888],[7.704048,44.093343],[7.696454,44.099739],[7.694011,44.104068],[7.690428,44.10852],[7.688305,44.110152],[7.684172,44.112833],[7.681293,44.11442],[7.671304,44.121777],[7.66745,44.129808],[7.672141,44.137416],[7.67303,44.137922],[7.673706,44.138443],[7.674305,44.139026],[7.676437,44.141508],[7.678748,44.146631],[7.677852,44.147593],[7.675681,44.149657],[7.672455,44.15187],[7.670681,44.153002],[7.67185,44.158282],[7.672333,44.159647],[7.672601,44.159947],[7.673931,44.160881],[7.674008,44.160929],[7.674695,44.161358],[7.675437,44.161754],[7.676366,44.162071],[7.681487,44.165182],[7.684645,44.173915],[7.682387,44.175413],[7.676845,44.177084],[7.67409,44.177224],[7.672078,44.176624],[7.65728,44.177225],[7.644989,44.178124],[7.636643,44.177197],[7.636033,44.177082],[7.635749,44.176805],[7.635274,44.176343],[7.633078,44.174062],[7.630276,44.170724],[7.628799,44.164386],[7.628105,44.160763],[7.627952,44.160434],[7.627509,44.159477],[7.625783,44.157332],[7.624397,44.155609],[7.619215,44.149447],[7.609146,44.15018],[7.599737,44.151569],[7.590241,44.150828],[7.580503,44.152317],[7.566005,44.155102],[7.5645,44.153787],[7.564714,44.153291],[7.564898,44.152865],[7.564979,44.152536],[7.564991,44.152486],[7.565023,44.152344],[7.564785,44.151837],[7.561656,44.15006],[7.558143,44.148382],[7.556345,44.147783],[7.551494,44.146803],[7.547527,44.146057],[7.542637,44.145529],[7.541575,44.145525],[7.540211,44.145579],[7.538796,44.145705],[7.538,44.14601],[7.53579,44.146945],[7.534953,44.147439],[7.52828,44.142788],[7.526422,44.140122],[7.525919,44.139701],[7.5218,44.137982],[7.519456,44.138113],[7.515104,44.138364],[7.512502,44.140436],[7.5119,44.141023],[7.510318,44.142785],[7.507663,44.144488],[7.506122,44.144126],[7.494343,44.141333],[7.493341,44.140906],[7.492658,44.14023],[7.48967,44.136815],[7.483877,44.134154],[7.477303,44.133688],[7.466591,44.130074],[7.458041,44.126551],[7.444337,44.128842],[7.431848,44.130337],[7.430296,44.130378],[7.428171,44.130412],[7.427377,44.122631],[7.426261,44.116197],[7.426074,44.115222],[7.42585,44.114228],[7.425274,44.113824],[7.424244,44.11354],[7.42335,44.113321],[7.422438,44.113326],[7.421459,44.113484],[7.396828,44.123224],[7.396077,44.123727],[7.392652,44.12556],[7.392017,44.12547],[7.386905,44.124543],[7.378112,44.121582],[7.375614,44.12061],[7.372108,44.119039],[7.365875,44.117113],[7.360476,44.116667],[7.355277,44.118033],[7.350194,44.127791],[7.346498,44.135705],[7.345396,44.138912],[7.34522,44.139828],[7.344698,44.141954],[7.344298,44.14329],[7.344014,44.144051],[7.343669,44.144766],[7.343267,44.145291],[7.342781,44.145611],[7.342744,44.145635],[7.341947,44.146035],[7.341907,44.146054],[7.340621,44.146451],[7.340048,44.146388],[7.336498,44.145454],[7.329874,44.144034],[7.321533,44.143633],[7.313509,44.145315],[7.292099,44.145915],[7.28543,44.144348],[7.278343,44.141693],[7.265263,44.148599],[7.259635,44.151205],[7.250588,44.156478],[7.248418,44.157966],[7.247594,44.158764],[7.247011,44.159466],[7.244151,44.163978],[7.243642,44.168264],[7.24323,44.171625],[7.23725,44.174234],[7.23363,44.172296],[7.233494,44.171835],[7.23312,44.171352],[7.232477,44.170694],[7.229181,44.168838],[7.227005,44.168421],[7.219666,44.168352],[7.218872,44.168565],[7.218158,44.16904],[7.217399,44.169739],[7.216829,44.170406],[7.205989,44.182075],[7.198142,44.186264],[7.19678,44.186206],[7.195966,44.186238],[7.195187,44.186343],[7.194054,44.186586],[7.193596,44.186831],[7.193354,44.187358],[7.190642,44.193456],[7.189555,44.196679],[7.183901,44.199903],[7.172092,44.201839],[7.166685,44.204723],[7.160668,44.207084],[7.153403,44.20369],[7.147685,44.200446],[7.147182,44.200114],[7.146207,44.200107],[7.144052,44.20018],[7.142793,44.200499],[7.142753,44.20051],[7.14169,44.200952],[7.141649,44.200969],[7.140836,44.201394],[7.137962,44.202907],[7.132577,44.206552],[7.127339,44.209982],[7.118403,44.215065],[7.102734,44.220181],[7.093828,44.220753],[7.090643,44.222501],[7.090239,44.224943],[7.089106,44.227435],[7.08643,44.229308],[7.076963,44.231976],[7.070512,44.233452],[7.06963,44.233635],[7.068538,44.233689],[7.067575,44.233294],[7.065247,44.231724],[7.056847,44.229376],[7.055682,44.229788],[7.054976,44.229938],[7.054263,44.22989],[7.047424,44.228099],[7.040758,44.22559],[7.038193,44.224411],[7.037477,44.22412],[7.036104,44.223997],[7.034978,44.223969],[7.034084,44.224107],[7.033387,44.224356],[7.032865,44.224764],[7.032835,44.224787],[7.032303,44.225336],[7.03041,44.227466],[7.029556,44.22925],[7.027339,44.231508],[7.022813,44.233194],[7.018682,44.23315],[7.013457,44.233248],[7.008493,44.235628],[7.003948,44.239708],[7.000788,44.243155],[6.997333,44.24864],[6.996955,44.249444],[6.996695,44.250078],[6.996494,44.254495],[6.99601,44.266209],[6.995239,44.279663],[6.993368,44.281269],[6.989898,44.283432],[6.982077,44.28685],[6.981241,44.287132],[6.980986,44.287218],[6.979864,44.287054],[6.978885,44.286658],[6.978652,44.286564],[6.978449,44.28645],[6.97019,44.289294],[6.963376,44.293864],[6.962236,44.293871],[6.960464,44.294361],[6.95931,44.294764],[6.958345,44.295485],[6.95666,44.297444],[6.956257,44.298238],[6.957774,44.302551],[6.959651,44.306636],[6.960648,44.307527],[6.960729,44.307722],[6.960995,44.30837],[6.961167,44.309211],[6.961158,44.310192],[6.960709,44.311201],[6.959913,44.312114],[6.954021,44.317158],[6.931898,44.330813],[6.927768,44.332534],[6.927385,44.332784],[6.926785,44.333187],[6.926048,44.33429],[6.923771,44.340208],[6.921727,44.346266],[6.918823,44.352839],[6.909241,44.356688],[6.902924,44.358124],[6.897545,44.358553],[6.8898,44.360759],[6.889637,44.360811],[6.888824,44.361075],[6.887724,44.361658],[6.887356,44.361934],[6.887234,44.362027],[6.886798,44.362973],[6.886639,44.363907],[6.886809,44.364783],[6.88766,44.366599],[6.888158,44.367401],[6.888329,44.36748],[6.888973,44.367776],[6.889988,44.368164],[6.890726,44.368317],[6.896592,44.376154],[6.895775,44.386726],[6.895198,44.397258],[6.897155,44.404092],[6.896052,44.408139],[6.894338,44.411835],[6.893004,44.416483],[6.892766,44.41962],[6.892794,44.420233],[6.893134,44.420534],[6.893488,44.420849],[6.911406,44.423744],[6.922308,44.423736],[6.932685,44.427228],[6.94282,44.428348],[6.944955,44.427981],[6.947343,44.427592],[6.948395,44.429833],[6.939257,44.436071],[6.933183,44.440183],[6.927215,44.443027],[6.917219,44.448553],[6.911993,44.452779],[6.909754,44.458305],[6.906884,44.465631],[6.897466,44.471013],[6.896391,44.471191],[6.891855,44.472415],[6.891212,44.47259],[6.889461,44.47313],[6.883022,44.476598],[6.882239,44.477033],[6.878352,44.479545],[6.876169,44.481494],[6.875702,44.48225],[6.875838,44.482667],[6.872774,44.490505],[6.868687,44.492796],[6.866859,44.494464],[6.865116,44.496736],[6.861405,44.501924],[6.859662,44.505935],[6.858794,44.508681],[6.856662,44.517842],[6.854263,44.527015],[6.853763,44.528653],[6.855468,44.532601],[6.856611,44.534027],[6.85775,44.534544],[6.864822,44.537305],[6.873592,44.546336],[6.881473,44.553955],[6.891372,44.554498],[6.90408,44.555677],[6.913579,44.55866],[6.914309,44.559006],[6.915345,44.56034],[6.91644,44.561809],[6.915229,44.563058],[6.915205,44.563083],[6.914204,44.564066],[6.914017,44.564249],[6.913461,44.565383],[6.912435,44.567686],[6.912472,44.568524],[6.913587,44.569049],[6.915375,44.569397],[6.917769,44.569683],[6.92138,44.569785],[6.927709,44.571314],[6.93259,44.572888],[6.933239,44.573394],[6.933469,44.574226],[6.933685,44.575014],[6.933739,44.57741],[6.933678,44.577634],[6.933309,44.578968],[6.933246,44.579192],[6.932683,44.585106],[6.933368,44.591717],[6.934643,44.597618],[6.937706,44.603116],[6.938501,44.603828],[6.942589,44.605067],[6.950109,44.613835],[6.950086,44.613858],[6.949621,44.614651],[6.949212,44.615616],[6.949019,44.616558],[6.949263,44.617642],[6.94974,44.618605],[6.950364,44.619426],[6.952281,44.620514],[6.954113,44.621375],[6.955044,44.621806],[6.95648,44.622192],[6.957704,44.62216],[6.958853,44.621739],[6.959765,44.621206],[6.961091,44.620411],[6.962642,44.619673],[6.964071,44.619141],[6.964926,44.618835],[6.965079,44.61878],[6.965573,44.618847],[6.966083,44.618915],[6.96868,44.619601],[6.968846,44.619901],[6.968584,44.625982],[6.968484,44.626331],[6.96786,44.626869],[6.966418,44.627762],[6.963408,44.629139],[6.961934,44.629491],[6.958229,44.631991],[6.954917,44.634803],[6.953794,44.636268],[6.952655,44.637823],[6.952471,44.638297],[6.952455,44.638648],[6.95279,44.640851],[6.949553,44.649093],[6.948878,44.650053],[6.948291,44.651041],[6.947859,44.651898],[6.947599,44.652622],[6.94752,44.653584],[6.947936,44.654789],[6.948464,44.655492],[6.949604,44.656953],[6.95256,44.659553],[6.958291,44.667641],[6.958035,44.668843],[6.958089,44.671256],[6.959141,44.674345],[6.959761,44.675013],[6.962142,44.676892],[6.964796,44.678186],[6.974656,44.680296],[6.980991,44.684177],[6.987116,44.689524],[6.987635,44.68984],[6.988921,44.690231],[6.989611,44.690333],[6.995736,44.690594],[6.998473,44.690624],[6.999176,44.690366],[6.999918,44.689816],[7.000404,44.689164],[7.012305,44.689146],[7.022288,44.691336],[7.02922,44.691609],[7.030411,44.691468],[7.035874,44.689644],[7.03957,44.687457],[7.048942,44.683072],[7.060952,44.680117],[7.061894,44.679932],[7.06226,44.67986],[7.070047,44.679803],[7.071118,44.679866],[7.07193,44.680095],[7.072762,44.680506],[7.073404,44.68094],[7.075938,44.683296],[7.076159,44.683849],[7.07506,44.689298],[7.074328,44.692271],[7.070638,44.699258],[7.069201,44.701457],[7.067493,44.704246],[7.06601,44.707461],[7.065347,44.713834],[7.06693,44.715786],[7.0674,44.716253],[7.067638,44.716487],[7.068461,44.717126],[7.068989,44.717536],[7.069544,44.717928],[7.070019,44.718129],[7.0701,44.718144],[7.070547,44.718219],[7.07117,44.718258],[7.07194,44.718288],[7.072944,44.718305],[7.073407,44.718281],[7.073735,44.718264],[7.08383,44.71584],[7.120853,44.726337],[7.127745,44.737779],[7.127866,44.737856],[7.127949,44.737909],[7.129695,44.738378],[7.130249,44.738522],[7.130844,44.738477],[7.131746,44.738295],[7.133166,44.737979],[7.134167,44.737691],[7.134521,44.737531],[7.134599,44.737496],[7.135635,44.737013],[7.136104,44.736782],[7.136279,44.736734],[7.137145,44.736504],[7.13743,44.736479],[7.137483,44.736474],[7.13844,44.736595],[7.139104,44.736718],[7.139366,44.736792],[7.139461,44.736818],[7.149433,44.743349],[7.150614,44.745118],[7.154645,44.752169],[7.157412,44.75799],[7.1625,44.760533],[7.172612,44.760574],[7.179494,44.759635],[7.193186,44.760308],[7.203494,44.762776],[7.219221,44.766481],[7.224264,44.767656],[7.230744,44.76906],[7.23392,44.768975],[7.234347,44.768819],[7.234748,44.768722],[7.23609,44.768517],[7.236511,44.768501],[7.237,44.768495],[7.237218,44.768494],[7.237815,44.768504],[7.239222,44.768548],[7.239836,44.768568],[7.240682,44.768684],[7.241236,44.768792],[7.24157,44.768859],[7.245304,44.769673],[7.246253,44.769898],[7.247191,44.770151],[7.249719,44.770838],[7.272567,44.777111],[7.2827,44.779828],[7.291678,44.781139],[7.300529,44.780833],[7.305738,44.780064],[7.31128,44.779538],[7.313901,44.779516],[7.318229,44.779543],[7.31866,44.779549],[7.320875,44.779582],[7.321826,44.779618],[7.322195,44.77965],[7.340144,44.782694],[7.340367,44.782751],[7.340651,44.78281],[7.341392,44.782937],[7.341761,44.782979],[7.342217,44.783021],[7.343945,44.783123],[7.34439,44.783129],[7.344683,44.783125],[7.346466,44.779802],[7.347273,44.777383],[7.34754,44.77605],[7.348299,44.771935],[7.349404,44.764099],[7.349291,44.757972],[7.348684,44.755208],[7.348629,44.755027],[7.348609,44.754978],[7.348495,44.754703],[7.348433,44.75459],[7.348392,44.754517],[7.348321,44.754411],[7.348078,44.754074],[7.347742,44.753682],[7.347553,44.753497],[7.347152,44.753153],[7.347014,44.753045],[7.346961,44.753004],[7.350006,44.751649],[7.365436,44.751867],[7.366624,44.752023],[7.366584,44.75417],[7.366563,44.754474],[7.366558,44.754543],[7.36649,44.755271],[7.366453,44.755482],[7.366372,44.755931],[7.3662,44.756649],[7.366011,44.757212],[7.368809,44.759623],[7.377813,44.760784],[7.391765,44.762174],[7.397949,44.761964],[7.409516,44.764228],[7.41049,44.765744],[7.413968,44.766297],[7.415709,44.766439],[7.423524,44.765484],[7.430282,44.764052],[7.437576,44.76444],[7.437243,44.766083],[7.437166,44.766568],[7.437061,44.767393],[7.437725,44.770806],[7.438423,44.772333],[7.438826,44.773207],[7.440798,44.776913],[7.442431,44.777444],[7.444646,44.777081],[7.458949,44.778487],[7.459748,44.778501],[7.460127,44.778497],[7.460607,44.778491],[7.460803,44.778407],[7.461142,44.778155],[7.4616,44.77773],[7.464413,44.77449],[7.464675,44.773786],[7.4647,44.773715],[7.46472,44.773635],[7.464295,44.773566],[7.462287,44.773472],[7.460589,44.773404],[7.459128,44.774716],[7.452368,44.774652],[7.446201,44.773906],[7.449229,44.764401],[7.449851,44.763095],[7.450009,44.762827],[7.451462,44.760835],[7.452018,44.760563],[7.45223,44.760498],[7.452532,44.760498],[7.453169,44.76052],[7.453587,44.760543],[7.453699,44.76055],[7.454048,44.760573],[7.455691,44.760685],[7.461308,44.759029],[7.464436,44.75788],[7.468271,44.757393],[7.471665,44.757033],[7.475325,44.758329],[7.48122,44.761464],[7.486414,44.763805],[7.494075,44.76623],[7.502624,44.766829],[7.507956,44.770808],[7.509376,44.77555],[7.50799,44.776954],[7.513829,44.782739],[7.513994,44.782873],[7.514205,44.783045],[7.514299,44.78308],[7.514583,44.783186],[7.514662,44.783212],[7.515494,44.783397],[7.515551,44.783407],[7.515896,44.783471],[7.5162,44.783525],[7.516608,44.783599],[7.519207,44.784028],[7.519888,44.784123],[7.520417,44.784161],[7.52101,44.784074],[7.52178,44.783931],[7.522261,44.783762],[7.52255,44.783595],[7.523135,44.783229],[7.524535,44.782184],[7.524544,44.782104],[7.530651,44.781759],[7.533272,44.785043],[7.532909,44.789863],[7.534445,44.793909],[7.54401,44.796478],[7.551322,44.795804],[7.556718,44.79622],[7.562451,44.79803],[7.564735,44.799],[7.566895,44.802565],[7.564382,44.807665],[7.564783,44.811873],[7.575519,44.819627],[7.576241,44.8186],[7.57901,44.814367],[7.57903,44.814316],[7.578993,44.814185],[7.578837,44.813643],[7.578678,44.813213],[7.578346,44.812552],[7.57762,44.811224],[7.57687,44.810638],[7.578784,44.809086],[7.592392,44.807707],[7.594143,44.807314],[7.59568,44.808052],[7.596268,44.808552],[7.596848,44.809107],[7.596837,44.809172],[7.596712,44.809894],[7.593878,44.826196],[7.593509,44.82894],[7.593508,44.834131],[7.593545,44.834257],[7.59357,44.834344],[7.593702,44.834513],[7.593891,44.834744],[7.594309,44.835204],[7.594427,44.835291],[7.596489,44.836698],[7.596809,44.836824],[7.597332,44.836966],[7.59757,44.837017],[7.604339,44.838388],[7.608073,44.836278],[7.609156,44.833613],[7.611894,44.830879],[7.612339,44.83051],[7.612672,44.830271],[7.613111,44.829989],[7.613226,44.829927],[7.616529,44.828489],[7.616821,44.828514],[7.619316,44.828942],[7.619427,44.829682],[7.619594,44.833356],[7.619601,44.833649],[7.619581,44.833829],[7.619574,44.833896],[7.619514,44.834004],[7.619355,44.83415],[7.619216,44.834251],[7.61896,44.834417],[7.618831,44.834493],[7.618721,44.834556],[7.618066,44.834855],[7.617956,44.834897],[7.617882,44.834926],[7.617795,44.83496],[7.617709,44.834992],[7.617656,44.835011],[7.617451,44.835059],[7.617217,44.835079],[7.615802,44.835048],[7.615596,44.835044],[7.615027,44.839823],[7.616901,44.844937],[7.616938,44.845036],[7.617843,44.846492],[7.617979,44.846687],[7.618127,44.846869],[7.618319,44.847051],[7.618472,44.847161],[7.618819,44.847305],[7.619371,44.847491],[7.619657,44.847545],[7.619947,44.847534],[7.620319,44.847475],[7.620389,44.847442],[7.620464,44.847406],[7.620608,44.847315],[7.620708,44.847251],[7.620849,44.847127],[7.620948,44.84702],[7.620999,44.846904],[7.621018,44.846719],[7.621324,44.842411],[7.620999,44.839324],[7.627366,44.832284],[7.633329,44.832851],[7.639064,44.835778],[7.637816,44.83657],[7.63676,44.837979],[7.636845,44.838183],[7.636953,44.8384],[7.637046,44.838545],[7.637244,44.838777],[7.63852,44.839972],[7.639845,44.840906],[7.643968,44.842769],[7.644289,44.842624],[7.644634,44.84243],[7.645053,44.842183],[7.646905,44.840573],[7.647831,44.839596],[7.647917,44.839477],[7.652593,44.832942],[7.653302,44.831447],[7.65302,44.829449],[7.652355,44.825865],[7.650629,44.822687],[7.649945,44.821166],[7.651918,44.818049],[7.653655,44.816773],[7.655316,44.816585],[7.658972,44.816183],[7.659189,44.816208],[7.668564,44.819018],[7.668868,44.818728],[7.66897,44.81863],[7.669393,44.818226],[7.669497,44.818127],[7.669537,44.818089],[7.673204,44.814873],[7.673518,44.814682],[7.674274,44.814223],[7.674596,44.81403],[7.675436,44.813602],[7.676273,44.813234],[7.677061,44.812888],[7.677264,44.81281],[7.680916,44.811407],[7.681424,44.811218],[7.682059,44.811001],[7.683627,44.810483],[7.683806,44.810436],[7.684461,44.81027],[7.684512,44.810258],[7.684611,44.810233],[7.684769,44.810232],[7.700228,44.813773],[7.704101,44.815208],[7.704839,44.815923],[7.706324,44.817358],[7.711663,44.817188],[7.713284,44.816642],[7.713465,44.816565],[7.721499,44.812894],[7.730013,44.813353],[7.731124,44.813635],[7.731464,44.813719],[7.732355,44.813911],[7.733168,44.814073],[7.734537,44.814234],[7.73987,44.814816],[7.747677,44.815479],[7.757582,44.816158],[7.764931,44.817423],[7.763785,44.819283],[7.763605,44.819596],[7.763568,44.819677],[7.763577,44.819789],[7.76455,44.821946],[7.765701,44.823912],[7.767786,44.826806],[7.770163,44.828887],[7.776422,44.837522],[7.776343,44.837723],[7.776187,44.838122],[7.776018,44.83875],[7.776019,44.838898],[7.77871,44.84143],[7.779457,44.84196],[7.779731,44.842153],[7.780985,44.842949],[7.781141,44.843041],[7.781322,44.843119],[7.783378,44.843694],[7.783697,44.843784],[7.78402,44.843855],[7.784324,44.843907],[7.787198,44.844365],[7.787727,44.844444],[7.788023,44.844478],[7.788207,44.844489],[7.788397,44.844482],[7.792047,44.844304],[7.792122,44.844299],[7.792167,44.844297],[7.792601,44.844265],[7.793489,44.844072],[7.793689,44.844011],[7.793808,44.843958],[7.793964,44.843839],[7.794006,44.843807],[7.794164,44.843668],[7.79448,44.843389],[7.794825,44.843042],[7.795017,44.842909],[7.795119,44.842865],[7.795349,44.842831],[7.797671,44.84269],[7.797708,44.842688],[7.798125,44.842673],[7.798166,44.842672],[7.798262,44.84267],[7.798719,44.842664],[7.799362,44.842675],[7.799567,44.842683],[7.79969,44.842688],[7.808598,44.843092],[7.809528,44.843147],[7.810742,44.843231],[7.811294,44.843304],[7.811802,44.843404],[7.811949,44.843433],[7.810988,44.847487],[7.809136,44.854933],[7.811449,44.854756],[7.811515,44.854746],[7.811581,44.854736],[7.811639,44.85472],[7.811708,44.854701],[7.812685,44.854333],[7.813458,44.854036],[7.815297,44.853305],[7.821316,44.848831],[7.82713,44.843869],[7.832099,44.840219],[7.845099,44.835421],[7.854037,44.833466],[7.85957,44.831167],[7.860455,44.829444],[7.863542,44.826657],[7.865386,44.827539],[7.869227,44.831175],[7.87539,44.835181],[7.879837,44.834572],[7.879605,44.833908],[7.879394,44.833163],[7.879351,44.832866],[7.879323,44.832461],[7.879329,44.832164],[7.879348,44.831968],[7.879371,44.831737],[7.87939,44.831689],[7.879429,44.831591],[7.879451,44.831539],[7.87949,44.831467],[7.879618,44.831239],[7.880127,44.830344],[7.880285,44.830094],[7.880476,44.829794],[7.880668,44.829603],[7.880723,44.829565],[7.880961,44.829411],[7.881544,44.82904],[7.881589,44.829013],[7.881648,44.828978],[7.88695,44.826182],[7.892943,44.824019],[7.902413,44.82175],[7.902531,44.821796],[7.902562,44.821808],[7.903409,44.822225],[7.903606,44.822322],[7.90378,44.822409],[7.903911,44.822475],[7.9064,44.823775],[7.906503,44.823866],[7.906525,44.823892],[7.906791,44.824211],[7.906921,44.824373],[7.907106,44.824606],[7.907273,44.824847],[7.907291,44.824873],[7.907782,44.825742],[7.90814,44.826451],[7.919034,44.83204],[7.925534,44.835611],[7.938502,44.843042],[7.943356,44.846338],[7.951254,44.84761],[7.962199,44.854431],[7.966467,44.855235],[7.975899,44.851235]]]]}},{"type":"Feature","properties":{"province":"forli","geometryId":"uts:40","adminLevel":"province","name":"Forlì-Cesena"},"geometry":{"type":"MultiPolygon","coordinates":[[[[12.068589,44.300335],[12.070678,44.299774],[12.072743,44.299224],[12.073638,44.299091],[12.076177,44.298744],[12.076744,44.299171],[12.077222,44.29931],[12.082554,44.300345],[12.083915,44.30048],[12.085434,44.30052],[12.086938,44.300524],[12.094423,44.297206],[12.095806,44.296566],[12.096776,44.296101],[12.107967,44.288416],[12.10705,44.283746],[12.106631,44.282218],[12.10598,44.280307],[12.105905,44.280086],[12.10456,44.277364],[12.103705,44.275672],[12.10347,44.274778],[12.103282,44.27265],[12.103243,44.272146],[12.103247,44.271975],[12.111412,44.268584],[12.113657,44.267668],[12.126236,44.262615],[12.140917,44.256585],[12.153437,44.252468],[12.16634,44.247694],[12.168112,44.245625],[12.171033,44.243347],[12.174031,44.242789],[12.174823,44.242655],[12.175573,44.242529],[12.175892,44.243347],[12.176539,44.245111],[12.177008,44.246404],[12.185414,44.251769],[12.190064,44.253449],[12.195911,44.255023],[12.204427,44.256143],[12.205078,44.256143],[12.20882,44.255606],[12.208966,44.255304],[12.209522,44.254019],[12.211078,44.249006],[12.209979,44.238018],[12.209688,44.237504],[12.20921,44.236779],[12.207971,44.235635],[12.204557,44.232958],[12.202673,44.225917],[12.211968,44.220038],[12.215918,44.216597],[12.216003,44.215051],[12.216053,44.214269],[12.216133,44.213199],[12.222261,44.21319],[12.226473,44.213548],[12.239389,44.220929],[12.246373,44.229984],[12.247126,44.230797],[12.256275,44.23134],[12.280241,44.233189],[12.280455,44.23306],[12.280876,44.232801],[12.283658,44.231086],[12.328738,44.203323],[12.347511,44.191798],[12.348779,44.191023],[12.349336,44.190732],[12.35903,44.201573],[12.361247,44.203398],[12.364802,44.206351],[12.365539,44.206987],[12.366224,44.207588],[12.366897,44.208189],[12.368138,44.209323],[12.368552,44.209779],[12.371965,44.213873],[12.374217,44.217579],[12.374567,44.218019],[12.374757,44.218256],[12.377356,44.220142],[12.381871,44.223348],[12.383524,44.224494],[12.383913,44.224619],[12.385263,44.222742],[12.390516,44.215514],[12.392335,44.213069],[12.393359,44.211996],[12.398072,44.208242],[12.400216,44.206786],[12.407852,44.2024],[12.412069,44.197221],[12.417683,44.190611],[12.419812,44.188118],[12.420986,44.186917],[12.424776,44.183298],[12.427576,44.180892],[12.42963,44.179488],[12.432669,44.177402],[12.438541,44.173202],[12.441054,44.171395],[12.443459,44.169556],[12.449229,44.164004],[12.449755,44.163481],[12.450637,44.16244],[12.450624,44.16225],[12.44976,44.162465],[12.448321,44.162225],[12.441631,44.159888],[12.441116,44.159625],[12.43948,44.158162],[12.428912,44.147596],[12.428721,44.147345],[12.429546,44.146883],[12.429921,44.146674],[12.433716,44.144822],[12.441244,44.138402],[12.440291,44.136846],[12.439961,44.135893],[12.439637,44.132472],[12.439538,44.131422],[12.439427,44.12971],[12.43939,44.127569],[12.441959,44.124899],[12.443012,44.123876],[12.443467,44.12353],[12.443879,44.12331],[12.444357,44.123143],[12.448501,44.119281],[12.451415,44.116132],[12.453329,44.110754],[12.45555,44.088991],[12.45208,44.0872],[12.450552,44.086836],[12.449895,44.086694],[12.449061,44.08653],[12.447919,44.086439],[12.447454,44.086498],[12.446468,44.086627],[12.44304,44.087387],[12.442169,44.087648],[12.441042,44.088033],[12.44034,44.088316],[12.43998,44.088461],[12.439055,44.088669],[12.438783,44.088706],[12.438571,44.088735],[12.438213,44.088784],[12.437243,44.088859],[12.432055,44.08879],[12.428116,44.08871],[12.424382,44.088498],[12.423266,44.088433],[12.423055,44.0878],[12.422264,44.08514],[12.41671,44.080832],[12.41278,44.079213],[12.408627,44.077167],[12.408387,44.077029],[12.408033,44.076825],[12.407896,44.076665],[12.407792,44.076544],[12.406159,44.074621],[12.403493,44.071478],[12.402311,44.068938],[12.400512,44.066309],[12.395416,44.06475],[12.392116,44.063804],[12.388792,44.063768],[12.387313,44.063883],[12.38608,44.064046],[12.383757,44.064358],[12.382233,44.06479],[12.38041,44.065393],[12.379142,44.06598],[12.378096,44.066461],[12.377153,44.06679],[12.376342,44.067008],[12.375652,44.066957],[12.370474,44.066031],[12.363627,44.062324],[12.359697,44.055526],[12.359579,44.055205],[12.359402,44.054499],[12.358982,44.052594],[12.359175,44.051823],[12.359537,44.051155],[12.3599,44.050514],[12.360548,44.049838],[12.360806,44.049606],[12.361106,44.049336],[12.362569,44.04805],[12.364235,44.046831],[12.367523,44.045086],[12.368642,44.044576],[12.369996,44.044896],[12.378177,44.039748],[12.378288,44.038835],[12.379105,44.038064],[12.381176,44.036373],[12.381885,44.035884],[12.382599,44.035493],[12.388673,44.033026],[12.392812,44.031436],[12.392088,44.028109],[12.387747,44.020297],[12.385527,44.013296],[12.384418,44.008503],[12.378484,44.002858],[12.373458,43.999469],[12.370889,43.995169],[12.36984,43.991401],[12.369097,43.989514],[12.367373,43.988109],[12.366826,43.987718],[12.365659,43.987383],[12.363404,43.986747],[12.3626,43.986645],[12.361682,43.986717],[12.360963,43.987017],[12.357807,43.987205],[12.353595,43.985852],[12.350739,43.983964],[12.349175,43.98076],[12.34785,43.97718],[12.339871,43.971521],[12.334445,43.969285],[12.327436,43.965663],[12.325601,43.964501],[12.32371,43.962558],[12.323165,43.961944],[12.315522,43.952355],[12.310473,43.939135],[12.296721,43.931672],[12.290613,43.929193],[12.28217,43.926952],[12.276489,43.929363],[12.276575,43.931305],[12.275764,43.931273],[12.274728,43.930943],[12.270187,43.928707],[12.263368,43.925257],[12.25616,43.920929],[12.255618,43.920342],[12.255438,43.919866],[12.255127,43.918741],[12.255053,43.918284],[12.255169,43.917695],[12.255725,43.915948],[12.255703,43.913116],[12.25337,43.910301],[12.250841,43.910724],[12.244287,43.913855],[12.239993,43.916164],[12.229708,43.916231],[12.223165,43.915407],[12.222236,43.91529],[12.221877,43.914858],[12.221695,43.913297],[12.221628,43.912512],[12.221865,43.911679],[12.222263,43.910757],[12.222316,43.909901],[12.222361,43.908876],[12.221891,43.908576],[12.219088,43.908056],[12.212469,43.909479],[12.20515,43.912275],[12.203516,43.912967],[12.203169,43.913119],[12.203199,43.916489],[12.202122,43.916744],[12.196777,43.916861],[12.191062,43.916404],[12.187303,43.917272],[12.179383,43.919408],[12.176012,43.920402],[12.175354,43.920713],[12.173734,43.921481],[12.172527,43.922192],[12.173247,43.923392],[12.173479,43.923732],[12.173416,43.925248],[12.173344,43.92537],[12.173197,43.92561],[12.17226,43.926512],[12.171674,43.926492],[12.170511,43.926368],[12.164772,43.924585],[12.164403,43.924395],[12.164176,43.924277],[12.159498,43.921747],[12.159229,43.921415],[12.158851,43.920484],[12.158454,43.919233],[12.158434,43.91893],[12.158151,43.910054],[12.159571,43.904764],[12.160452,43.902854],[12.162651,43.900388],[12.16383,43.899489],[12.16716,43.895827],[12.16022,43.880931],[12.159219,43.878676],[12.158635,43.877471],[12.156462,43.87438],[12.152659,43.868994],[12.142082,43.860958],[12.142731,43.858193],[12.143201,43.853586],[12.143137,43.853141],[12.143083,43.852971],[12.142901,43.85241],[12.142509,43.851953],[12.140273,43.849704],[12.138459,43.847951],[12.13826,43.847641],[12.139777,43.846211],[12.14363,43.843071],[12.144049,43.842762],[12.144659,43.842331],[12.147388,43.8405],[12.147749,43.840265],[12.148205,43.839983],[12.148667,43.839763],[12.150661,43.837281],[12.149288,43.832982],[12.149047,43.832385],[12.148855,43.831968],[12.148521,43.831349],[12.148316,43.830995],[12.147723,43.830364],[12.147071,43.829769],[12.146209,43.829216],[12.145698,43.828952],[12.145285,43.828818],[12.144574,43.828613],[12.140643,43.827686],[12.139978,43.827569],[12.132357,43.82686],[12.130735,43.82532],[12.121457,43.814558],[12.121089,43.81413],[12.120899,43.813883],[12.120593,43.813486],[12.120222,43.812821],[12.119834,43.812102],[12.116896,43.806447],[12.118715,43.802841],[12.114,43.796101],[12.111679,43.796258],[12.109292,43.796083],[12.107509,43.795922],[12.105007,43.795071],[12.10409,43.794117],[12.103632,43.793558],[12.102893,43.792271],[12.102677,43.791649],[12.102469,43.790493],[12.102488,43.790285],[12.102595,43.78913],[12.102676,43.788653],[12.102859,43.788276],[12.103097,43.787847],[12.103394,43.787335],[12.103695,43.786921],[12.103429,43.781731],[12.099698,43.773984],[12.09694,43.768117],[12.096518,43.767208],[12.096285,43.76655],[12.096203,43.766202],[12.096175,43.765881],[12.096191,43.765304],[12.099288,43.761958],[12.100339,43.760903],[12.102252,43.759456],[12.107443,43.753774],[12.101865,43.751453],[12.081216,43.742784],[12.080998,43.742412],[12.080691,43.742065],[12.080611,43.741975],[12.080431,43.741771],[12.080404,43.741752],[12.079611,43.741198],[12.0794,43.741108],[12.078765,43.740839],[12.078693,43.740808],[12.077836,43.740552],[12.071307,43.740687],[12.070318,43.740811],[12.067225,43.741666],[12.06659,43.741944],[12.065029,43.74267],[12.064591,43.742909],[12.064365,43.743247],[12.061675,43.747846],[12.061328,43.749445],[12.061528,43.750749],[12.06167,43.752079],[12.061628,43.752314],[12.061584,43.752558],[12.061498,43.752768],[12.061395,43.753021],[12.061137,43.753228],[12.061079,43.753274],[12.06078,43.753428],[12.060397,43.753626],[12.053845,43.756574],[12.052887,43.756977],[12.046326,43.758467],[12.044413,43.755197],[12.035737,43.757219],[12.021403,43.76076],[12.009473,43.76507],[12.00921,43.765313],[12.0091,43.765415],[12.00898,43.765525],[12.007329,43.766306],[12.006391,43.766521],[12.006307,43.76651],[12.006163,43.76649],[12.006004,43.766469],[12.00177,43.765603],[11.990189,43.762481],[11.989809,43.762401],[11.988858,43.762201],[11.986648,43.761955],[11.985496,43.76228],[11.984746,43.762678],[11.983744,43.76328],[11.982837,43.763844],[11.979784,43.765402],[11.97395,43.768259],[11.963118,43.772165],[11.95338,43.776089],[11.952656,43.776577],[11.951463,43.777572],[11.951222,43.778084],[11.951209,43.778176],[11.951114,43.778992],[11.951214,43.781285],[11.951332,43.781778],[11.951403,43.782072],[11.951515,43.782223],[11.951845,43.782665],[11.945194,43.791047],[11.919907,43.793776],[11.917514,43.79535],[11.913098,43.798929],[11.912733,43.799429],[11.912474,43.799784],[11.912336,43.80083],[11.912287,43.801588],[11.912296,43.801687],[11.912368,43.802495],[11.912478,43.803474],[11.912762,43.804194],[11.914281,43.807488],[11.914442,43.807648],[11.914437,43.808267],[11.914316,43.808678],[11.914245,43.80892],[11.9139,43.809413],[11.913854,43.809479],[11.912183,43.811593],[11.910378,43.81344],[11.903534,43.810563],[11.897595,43.808211],[11.887026,43.808684],[11.877972,43.810525],[11.871153,43.814883],[11.866661,43.816643],[11.856061,43.815901],[11.855366,43.815675],[11.853764,43.814734],[11.853407,43.814428],[11.853275,43.814313],[11.85202,43.81303],[11.850504,43.811048],[11.840257,43.808742],[11.83973,43.809428],[11.837508,43.810628],[11.837432,43.810666],[11.837203,43.81078],[11.836824,43.810968],[11.836403,43.811178],[11.836216,43.811254],[11.835183,43.811676],[11.831941,43.812875],[11.824603,43.815458],[11.82091,43.816031],[11.817428,43.819039],[11.814084,43.824091],[11.805545,43.830811],[11.793504,43.838417],[11.793508,43.838614],[11.793362,43.838924],[11.792619,43.840239],[11.790269,43.843276],[11.789881,43.843754],[11.789546,43.844067],[11.789356,43.844244],[11.787015,43.846237],[11.786875,43.846337],[11.786494,43.84661],[11.786337,43.846695],[11.786271,43.846731],[11.785729,43.847025],[11.785664,43.847053],[11.785406,43.847168],[11.785082,43.847311],[11.784461,43.847578],[11.770915,43.851896],[11.765906,43.85308],[11.758671,43.855345],[11.744004,43.860576],[11.733017,43.863028],[11.732903,43.863057],[11.732476,43.863167],[11.73229,43.863256],[11.732022,43.863385],[11.731774,43.863597],[11.731577,43.863774],[11.73138,43.86395],[11.729539,43.865623],[11.727288,43.867829],[11.725675,43.86956],[11.724166,43.871687],[11.72189,43.874384],[11.721685,43.874513],[11.720931,43.874976],[11.720391,43.875227],[11.720053,43.875384],[11.718504,43.876078],[11.717671,43.876359],[11.716108,43.876755],[11.710167,43.877446],[11.710136,43.880792],[11.708474,43.885864],[11.708727,43.888176],[11.710815,43.894371],[11.711928,43.89633],[11.715133,43.908286],[11.715858,43.916002],[11.717608,43.919976],[11.717032,43.921818],[11.709746,43.925142],[11.700374,43.927995],[11.691596,43.93082],[11.684945,43.934652],[11.684205,43.935126],[11.683282,43.936192],[11.682903,43.936634],[11.682199,43.93785],[11.682381,43.938266],[11.682918,43.938893],[11.683217,43.939091],[11.683509,43.939284],[11.6926,43.95324],[11.692562,43.953514],[11.692545,43.953639],[11.692319,43.954166],[11.692049,43.954744],[11.691978,43.954894],[11.691262,43.955958],[11.69047,43.95698],[11.688694,43.959042],[11.686727,43.959724],[11.684999,43.960024],[11.684445,43.960005],[11.683832,43.960047],[11.683429,43.960075],[11.682717,43.960334],[11.681898,43.96064],[11.681639,43.960738],[11.68158,43.960766],[11.679005,43.962042],[11.67173,43.96669],[11.660254,43.974623],[11.66014,43.97461],[11.659025,43.974492],[11.657599,43.97439],[11.656834,43.974396],[11.656239,43.974404],[11.655652,43.974535],[11.655265,43.974621],[11.654931,43.974695],[11.654779,43.974787],[11.653997,43.975257],[11.653373,43.975839],[11.651247,43.978157],[11.650304,43.979656],[11.64564,43.98938],[11.645549,43.989849],[11.646307,43.991988],[11.646734,43.992653],[11.647027,43.99306],[11.648525,43.994689],[11.650145,44.002992],[11.654584,44.004689],[11.659529,44.00371],[11.66058,44.003612],[11.661189,44.003744],[11.663526,44.005094],[11.663943,44.005551],[11.663922,44.005702],[11.663906,44.005822],[11.663854,44.006198],[11.661577,44.010558],[11.661045,44.011525],[11.660885,44.011816],[11.660326,44.012666],[11.658488,44.014843],[11.656938,44.016419],[11.657661,44.017728],[11.659696,44.019189],[11.660697,44.019707],[11.661967,44.02011],[11.662877,44.020341],[11.670933,44.02157],[11.679754,44.021116],[11.68382,44.024689],[11.69283,44.033525],[11.69685,44.045098],[11.700695,44.055559],[11.712733,44.069219],[11.727382,44.080925],[11.733402,44.084707],[11.736582,44.091432],[11.743749,44.101394],[11.749619,44.110435],[11.752565,44.120367],[11.75169,44.121894],[11.747831,44.124936],[11.745005,44.125969],[11.743129,44.125921],[11.73529,44.125131],[11.73159,44.124309],[11.72949,44.123495],[11.728047,44.122796],[11.725536,44.121762],[11.723957,44.121385],[11.722164,44.120987],[11.721649,44.12091],[11.720301,44.120707],[11.719145,44.120799],[11.719006,44.12081],[11.718799,44.120883],[11.718269,44.121071],[11.718223,44.12109],[11.71812,44.121133],[11.717914,44.121218],[11.717398,44.121433],[11.717038,44.121606],[11.716667,44.121784],[11.716265,44.122081],[11.715894,44.122547],[11.717997,44.128635],[11.721073,44.137646],[11.721868,44.148133],[11.721339,44.148866],[11.721089,44.149538],[11.721072,44.149584],[11.720745,44.150636],[11.720364,44.152418],[11.71971,44.156395],[11.719674,44.157233],[11.719898,44.158029],[11.720228,44.158688],[11.720565,44.15922],[11.721087,44.159675],[11.721849,44.159936],[11.727565,44.168902],[11.737416,44.176084],[11.745173,44.182578],[11.74702,44.187541],[11.75248,44.192963],[11.75383,44.193812],[11.755515,44.194519],[11.756696,44.194896],[11.770032,44.198552],[11.771386,44.19887],[11.771794,44.19823],[11.771997,44.197496],[11.773751,44.190359],[11.773505,44.188583],[11.773797,44.186838],[11.776013,44.182076],[11.776078,44.182026],[11.776605,44.181629],[11.777312,44.181243],[11.778086,44.180945],[11.780759,44.180474],[11.782692,44.181787],[11.786985,44.185508],[11.791232,44.189348],[11.795869,44.192934],[11.8012,44.196639],[11.80669,44.199439],[11.808741,44.199375],[11.816381,44.199038],[11.816667,44.198725],[11.826884,44.197793],[11.832247,44.197439],[11.841744,44.192738],[11.846113,44.190171],[11.852743,44.186027],[11.857839,44.183297],[11.864288,44.180075],[11.877633,44.174607],[11.88383,44.172659],[11.889224,44.171452],[11.897159,44.184296],[11.898561,44.187114],[11.898927,44.188959],[11.905956,44.194245],[11.908789,44.199134],[11.910059,44.203035],[11.910399,44.203616],[11.911121,44.204791],[11.911743,44.205729],[11.913537,44.207853],[11.913985,44.20831],[11.916077,44.209112],[11.918288,44.209784],[11.920718,44.210569],[11.921511,44.210909],[11.922121,44.211334],[11.923134,44.212073],[11.927582,44.215341],[11.92858,44.216386],[11.929426,44.219056],[11.925553,44.229774],[11.924906,44.234418],[11.925549,44.240046],[11.925745,44.240428],[11.926248,44.240982],[11.926695,44.241403],[11.927193,44.241606],[11.928006,44.241594],[11.930584,44.241551],[11.931826,44.241105],[11.932312,44.240813],[11.932553,44.240594],[11.932648,44.240507],[11.933328,44.239824],[11.934305,44.23857],[11.93532,44.23758],[11.935979,44.23723],[11.936714,44.236932],[11.939491,44.236366],[11.940149,44.236241],[11.942386,44.235917],[11.943431,44.235774],[11.946026,44.235833],[11.947628,44.23607],[11.95474,44.239888],[11.95576,44.240501],[11.957496,44.242099],[11.962227,44.247085],[11.971405,44.253986],[11.978916,44.259849],[11.989399,44.273637],[11.993024,44.278889],[11.996304,44.284997],[11.998258,44.289402],[12.005496,44.299601],[12.017952,44.310516],[12.021544,44.314536],[12.022334,44.315505],[12.026499,44.320913],[12.026915,44.325575],[12.027009,44.326193],[12.027362,44.326724],[12.027982,44.327302],[12.02873,44.327948],[12.031583,44.330258],[12.032018,44.330418],[12.032578,44.330574],[12.033222,44.330674],[12.035587,44.330809],[12.046111,44.327432],[12.048476,44.325866],[12.048992,44.325523],[12.049303,44.325132],[12.049444,44.324669],[12.049455,44.324589],[12.049517,44.323947],[12.048973,44.322368],[12.048296,44.320468],[12.047284,44.316809],[12.049901,44.311531],[12.061096,44.303066],[12.068589,44.300335]]]]}},{"type":"Feature","properties":{"province":"milano","geometryId":"uts:215","adminLevel":"province","name":"Milano"},"geometry":{"type":"MultiPolygon","coordinates":[[[[9.473706,45.200441],[9.480718,45.194205],[9.485492,45.191808],[9.486244,45.191581],[9.489751,45.191206],[9.516334,45.185916],[9.522299,45.181388],[9.525243,45.177707],[9.527104,45.171136],[9.529087,45.168192],[9.531579,45.165354],[9.528878,45.165074],[9.519354,45.164177],[9.488034,45.161741],[9.484264,45.161566],[9.481443,45.161487],[9.478273,45.161498],[9.477504,45.165701],[9.474755,45.167351],[9.468996,45.168635],[9.464142,45.173165],[9.45937,45.177802],[9.457341,45.181871],[9.457362,45.182758],[9.45683,45.183258],[9.447006,45.187019],[9.445204,45.187084],[9.439726,45.185985],[9.43855,45.187636],[9.438984,45.188184],[9.439498,45.188812],[9.440229,45.189521],[9.441071,45.189814],[9.441975,45.189829],[9.443857,45.189597],[9.446286,45.189245],[9.457605,45.192607],[9.463262,45.198147],[9.467621,45.200335],[9.473591,45.202341],[9.473706,45.200441]]],[[[8.944283,45.640924],[8.948378,45.638694],[8.953714,45.633179],[8.953883,45.630127],[8.95658,45.625484],[8.9653,45.630113],[8.966981,45.628728],[8.975899,45.61486],[8.975143,45.613257],[8.968538,45.606474],[8.970291,45.592928],[8.971035,45.590939],[8.97142,45.590435],[8.974748,45.586735],[8.978253,45.588303],[8.979337,45.588843],[8.980536,45.58944],[8.980841,45.589622],[8.981159,45.589811],[8.981393,45.589951],[8.983533,45.591058],[8.988969,45.586261],[8.99216,45.583381],[8.992648,45.582923],[8.998556,45.577315],[9.002541,45.573701],[9.004425,45.574691],[9.011141,45.580181],[9.014448,45.581099],[9.022844,45.584527],[9.023615,45.588352],[9.025666,45.588469],[9.026666,45.588522],[9.032111,45.584858],[9.037349,45.582417],[9.042274,45.580646],[9.050135,45.580152],[9.062995,45.580442],[9.064035,45.583625],[9.065497,45.592647],[9.061015,45.606601],[9.057681,45.612838],[9.054519,45.612915],[9.053178,45.615164],[9.052671,45.619263],[9.052786,45.621546],[9.052924,45.62319],[9.063741,45.622707],[9.086132,45.621769],[9.098086,45.622097],[9.108647,45.619001],[9.104604,45.610019],[9.101136,45.60822],[9.097342,45.602355],[9.100773,45.596653],[9.100568,45.593607],[9.096962,45.591369],[9.093984,45.59103],[9.099528,45.588643],[9.1102,45.586084],[9.124428,45.584443],[9.144054,45.583768],[9.144901,45.584625],[9.146422,45.586874],[9.150934,45.588535],[9.163068,45.591725],[9.163425,45.591783],[9.170731,45.592871],[9.173011,45.591106],[9.173879,45.590245],[9.173926,45.590063],[9.174169,45.589361],[9.174412,45.588791],[9.177135,45.585503],[9.183596,45.582091],[9.193418,45.578834],[9.200562,45.576616],[9.203132,45.576],[9.203441,45.576065],[9.208849,45.577274],[9.209411,45.577411],[9.211487,45.577919],[9.218193,45.578544],[9.223438,45.575836],[9.227004,45.568527],[9.235005,45.563435],[9.239322,45.563114],[9.242591,45.563436],[9.25432,45.557307],[9.261078,45.554942],[9.268102,45.553467],[9.271332,45.549273],[9.274125,45.54692],[9.27756,45.544804],[9.28653,45.543443],[9.294139,45.541396],[9.295501,45.538975],[9.296178,45.538705],[9.304903,45.536645],[9.312845,45.536783],[9.324216,45.539043],[9.325525,45.539994],[9.325356,45.542359],[9.325251,45.543815],[9.325249,45.543844],[9.322283,45.549351],[9.321964,45.55691],[9.324177,45.559456],[9.326373,45.561632],[9.326979,45.561896],[9.329105,45.561985],[9.330322,45.562035],[9.33912,45.561501],[9.345891,45.559955],[9.348491,45.558938],[9.352102,45.556693],[9.359049,45.555828],[9.363092,45.556895],[9.367646,45.557718],[9.373053,45.557709],[9.383401,45.557662],[9.383357,45.557347],[9.383785,45.556918],[9.386207,45.55708],[9.391765,45.560284],[9.393144,45.563286],[9.392144,45.563253],[9.391722,45.563344],[9.391503,45.56485],[9.39312,45.567291],[9.399867,45.571786],[9.404266,45.573958],[9.421494,45.580013],[9.434677,45.583603],[9.442678,45.5872],[9.443031,45.588036],[9.44466,45.591423],[9.445819,45.591864],[9.450927,45.591913],[9.454211,45.591412],[9.458292,45.591936],[9.459948,45.592172],[9.471197,45.594332],[9.479005,45.595838],[9.479209,45.598727],[9.480971,45.60529],[9.482296,45.605842],[9.483082,45.609232],[9.483602,45.611552],[9.482176,45.617357],[9.485113,45.621816],[9.487007,45.621997],[9.490817,45.62483],[9.495393,45.628977],[9.492047,45.632372],[9.491657,45.632693],[9.491358,45.633045],[9.490446,45.634404],[9.490288,45.634652],[9.491868,45.637408],[9.492902,45.638425],[9.495852,45.639659],[9.495314,45.633761],[9.495547,45.632464],[9.496988,45.631522],[9.506335,45.628087],[9.512591,45.626142],[9.520454,45.620562],[9.52376,45.61403],[9.532475,45.595016],[9.538338,45.584084],[9.538509,45.583719],[9.538544,45.583368],[9.538602,45.582764],[9.538598,45.582314],[9.538582,45.582053],[9.538526,45.581514],[9.538325,45.580569],[9.538022,45.579788],[9.53478,45.573106],[9.529269,45.565247],[9.525008,45.558714],[9.526027,45.547053],[9.526055,45.545892],[9.526334,45.544216],[9.526755,45.542756],[9.527242,45.541395],[9.528915,45.538129],[9.529456,45.537073],[9.529619,45.536866],[9.530329,45.535962],[9.537372,45.529394],[9.545114,45.524532],[9.549979,45.524188],[9.550297,45.524129],[9.550941,45.5232],[9.551563,45.521325],[9.551463,45.519039],[9.548665,45.51169],[9.541554,45.501786],[9.541222,45.501497],[9.527109,45.505906],[9.519585,45.508324],[9.518665,45.508427],[9.518015,45.508167],[9.517943,45.508053],[9.51784,45.507891],[9.517784,45.507538],[9.517773,45.507468],[9.517783,45.507207],[9.517806,45.506883],[9.517866,45.506541],[9.517953,45.506198],[9.518242,45.505612],[9.518595,45.505061],[9.519187,45.504478],[9.519352,45.501052],[9.518589,45.501076],[9.517978,45.501099],[9.516362,45.501392],[9.51423,45.501405],[9.503596,45.492554],[9.498878,45.487237],[9.493568,45.478529],[9.492589,45.474843],[9.491563,45.46496],[9.488029,45.45664],[9.487074,45.455397],[9.485862,45.453767],[9.485392,45.453127],[9.484575,45.45187],[9.484021,45.450548],[9.483962,45.450396],[9.483722,45.449218],[9.483863,45.448809],[9.483908,45.448688],[9.472586,45.448005],[9.471615,45.448153],[9.470539,45.448703],[9.467891,45.450147],[9.46191,45.454556],[9.458999,45.458214],[9.456118,45.46269],[9.456603,45.464092],[9.458312,45.465093],[9.458508,45.465533],[9.458667,45.466253],[9.458356,45.466987],[9.457499,45.467302],[9.453568,45.468407],[9.451009,45.469002],[9.449769,45.469079],[9.435927,45.469933],[9.431679,45.466907],[9.433469,45.463615],[9.431604,45.460445],[9.427352,45.458183],[9.423251,45.455417],[9.417647,45.450369],[9.416395,45.445001],[9.411891,45.434045],[9.415429,45.432169],[9.420565,45.430197],[9.422041,45.42768],[9.423803,45.424373],[9.425416,45.420589],[9.418044,45.414329],[9.411091,45.406812],[9.409187,45.402776],[9.408047,45.396803],[9.400865,45.394659],[9.40004,45.397353],[9.396752,45.398436],[9.39023,45.399818],[9.385195,45.399321],[9.384681,45.398909],[9.383054,45.396376],[9.382911,45.39605],[9.382392,45.394857],[9.375724,45.38721],[9.375032,45.379138],[9.378497,45.374086],[9.3782,45.368948],[9.363631,45.36566],[9.359565,45.365907],[9.358086,45.367536],[9.355334,45.368481],[9.355223,45.368464],[9.353672,45.368225],[9.353363,45.368001],[9.352992,45.367717],[9.353206,45.36522],[9.353727,45.363097],[9.356941,45.360024],[9.359307,45.35876],[9.362431,45.346211],[9.361857,45.346092],[9.360722,45.345899],[9.35994,45.345765],[9.358062,45.345465],[9.357731,45.345423],[9.357485,45.343127],[9.359969,45.340274],[9.367536,45.334413],[9.373739,45.325959],[9.380581,45.31882],[9.383254,45.317934],[9.384244,45.319119],[9.38735,45.319918],[9.389049,45.318988],[9.392725,45.316506],[9.392177,45.315023],[9.39106,45.314055],[9.390673,45.313778],[9.388208,45.312962],[9.387518,45.312793],[9.386926,45.312813],[9.386666,45.313273],[9.386453,45.313814],[9.384673,45.314567],[9.381021,45.314057],[9.379574,45.313252],[9.377779,45.310787],[9.378258,45.30917],[9.380138,45.307957],[9.383371,45.306965],[9.383152,45.305968],[9.379709,45.303044],[9.377256,45.30235],[9.369,45.303232],[9.367957,45.304153],[9.367352,45.3052],[9.366784,45.306219],[9.366311,45.31176],[9.361806,45.317441],[9.354489,45.318735],[9.352643,45.318773],[9.345904,45.316913],[9.342374,45.314999],[9.338824,45.312965],[9.338008,45.314553],[9.33325,45.312487],[9.331628,45.312177],[9.324735,45.318192],[9.31812,45.324322],[9.307404,45.326903],[9.287145,45.330762],[9.28226,45.330113],[9.281231,45.327764],[9.277996,45.326031],[9.273527,45.324593],[9.263514,45.325695],[9.256294,45.325813],[9.247564,45.325349],[9.237149,45.328957],[9.229765,45.329656],[9.227191,45.327312],[9.225937,45.326468],[9.224915,45.326002],[9.224162,45.325958],[9.220348,45.325867],[9.219187,45.325896],[9.218269,45.326096],[9.218228,45.326123],[9.218195,45.326145],[9.217403,45.326674],[9.216565,45.327422],[9.215919,45.32817],[9.215561,45.328576],[9.215103,45.329027],[9.214569,45.329541],[9.213921,45.330092],[9.213221,45.330615],[9.212508,45.331139],[9.210473,45.332537],[9.20485,45.333704],[9.201774,45.332436],[9.198907,45.322657],[9.196635,45.316978],[9.186891,45.31201],[9.184249,45.311439],[9.182359,45.310839],[9.182059,45.310742],[9.183695,45.308174],[9.188626,45.301028],[9.193707,45.295009],[9.196049,45.293551],[9.19745,45.293027],[9.198085,45.292774],[9.20072,45.29132],[9.200844,45.291059],[9.19864,45.290828],[9.192955,45.291189],[9.187565,45.292224],[9.183847,45.293896],[9.183543,45.294679],[9.182529,45.296355],[9.180966,45.298203],[9.180687,45.2985],[9.178327,45.299196],[9.175194,45.299427],[9.164813,45.299289],[9.159518,45.298307],[9.158051,45.298003],[9.15132,45.298831],[9.147879,45.304398],[9.146925,45.305453],[9.142508,45.3086],[9.141069,45.309619],[9.140279,45.309908],[9.139105,45.309837],[9.1383,45.308902],[9.138097,45.308421],[9.134688,45.307772],[9.125918,45.308637],[9.109471,45.306852],[9.094608,45.304832],[9.079864,45.303501],[9.077706,45.304898],[9.073616,45.307989],[9.076873,45.310169],[9.080848,45.315784],[9.078123,45.315836],[9.069851,45.314536],[9.069737,45.314376],[9.069926,45.313231],[9.070496,45.311556],[9.071194,45.309756],[9.071872,45.306415],[9.070829,45.306137],[9.060864,45.304244],[9.058427,45.303813],[9.056693,45.30367],[9.041157,45.302938],[9.031694,45.297312],[9.031298,45.296869],[9.030525,45.29617],[9.030411,45.296145],[9.030337,45.296205],[9.030087,45.296514],[9.028627,45.298559],[9.025509,45.303839],[9.025128,45.304496],[9.02501,45.304922],[9.025003,45.304965],[9.02512,45.305054],[9.026813,45.306206],[9.027771,45.306818],[9.028677,45.307042],[9.029531,45.306664],[9.030278,45.306001],[9.030727,45.305008],[9.031695,45.303828],[9.032549,45.303495],[9.035392,45.302787],[9.036421,45.30319],[9.036299,45.303624],[9.034051,45.310083],[9.031684,45.314513],[9.019208,45.324476],[9.018022,45.325223],[9.014844,45.324341],[9.009764,45.322812],[9.001278,45.319913],[8.997373,45.318635],[8.995806,45.320985],[8.992145,45.322722],[8.991665,45.322756],[8.99004,45.322447],[8.988307,45.321596],[8.988686,45.320516],[8.98968,45.318617],[8.995363,45.308743],[8.996275,45.301308],[8.996259,45.296595],[9.007746,45.293044],[9.010041,45.29281],[9.013928,45.291567],[9.01519,45.291099],[9.015809,45.29059],[9.019101,45.281785],[9.018697,45.280578],[9.018093,45.279051],[9.017982,45.278812],[9.016412,45.277012],[9.015441,45.276103],[9.015088,45.275908],[9.014319,45.275509],[9.011682,45.276148],[9.009261,45.277149],[9.008967,45.277355],[9.008037,45.277859],[9.006979,45.278066],[9.006545,45.277913],[9.002796,45.276392],[8.993307,45.270823],[8.991291,45.266742],[8.983719,45.265031],[8.982939,45.264994],[8.981375,45.266336],[8.97559,45.271843],[8.974596,45.272842],[8.974112,45.273598],[8.973911,45.274422],[8.973845,45.274714],[8.962629,45.280576],[8.950148,45.286895],[8.948269,45.288049],[8.946589,45.28908],[8.944611,45.291465],[8.944534,45.292449],[8.944003,45.301132],[8.943691,45.309125],[8.943957,45.310889],[8.943993,45.312341],[8.943877,45.313617],[8.943176,45.315084],[8.941988,45.316019],[8.94052,45.316711],[8.933029,45.319723],[8.932276,45.319848],[8.931346,45.319938],[8.929675,45.319838],[8.928565,45.319477],[8.927469,45.318684],[8.926932,45.318084],[8.926811,45.317949],[8.921,45.319022],[8.911222,45.323646],[8.909587,45.324518],[8.906267,45.326378],[8.905999,45.326773],[8.906279,45.327117],[8.906903,45.327756],[8.907527,45.328225],[8.908305,45.328783],[8.908955,45.329216],[8.909656,45.329694],[8.910765,45.330631],[8.911045,45.331045],[8.911197,45.331431],[8.911171,45.331729],[8.910929,45.332116],[8.91043,45.332557],[8.909753,45.332871],[8.908937,45.333186],[8.893986,45.337987],[8.887042,45.339896],[8.878129,45.341614],[8.87223,45.342282],[8.865869,45.344264],[8.864566,45.3499],[8.866432,45.354707],[8.862491,45.360555],[8.857935,45.36268],[8.851439,45.366264],[8.850718,45.366707],[8.850518,45.36683],[8.849839,45.367765],[8.847925,45.37202],[8.847539,45.373285],[8.847113,45.379373],[8.847075,45.384107],[8.847598,45.389095],[8.847645,45.390338],[8.846736,45.391398],[8.845315,45.392314],[8.842897,45.393838],[8.841478,45.398542],[8.83031,45.411723],[8.824309,45.422406],[8.82192,45.426762],[8.822868,45.429434],[8.824374,45.430111],[8.825267,45.430761],[8.82584,45.431545],[8.826336,45.43259],[8.825833,45.433948],[8.825348,45.434402],[8.824948,45.434775],[8.824659,45.434933],[8.824321,45.435116],[8.823144,45.435321],[8.821277,45.435373],[8.819462,45.435199],[8.816486,45.434325],[8.814304,45.433622],[8.811513,45.43794],[8.811983,45.438967],[8.811856,45.440123],[8.811842,45.440244],[8.811825,45.440362],[8.810544,45.444986],[8.810203,45.445696],[8.810067,45.445977],[8.79743,45.457664],[8.789258,45.46555],[8.791204,45.470099],[8.790925,45.476951],[8.790887,45.477522],[8.790818,45.478542],[8.790808,45.478684],[8.790804,45.478742],[8.790581,45.480209],[8.790037,45.481864],[8.788993,45.484077],[8.788218,45.485188],[8.787488,45.486233],[8.787363,45.486311],[8.786782,45.486674],[8.786058,45.48683],[8.785911,45.486861],[8.784644,45.486796],[8.783699,45.486524],[8.782626,45.485899],[8.781976,45.485468],[8.781871,45.485398],[8.781419,45.485099],[8.781349,45.485052],[8.780476,45.484831],[8.779598,45.484608],[8.779384,45.484593],[8.778033,45.484498],[8.777462,45.484458],[8.777311,45.484449],[8.775597,45.484379],[8.775261,45.484366],[8.774533,45.484505],[8.773494,45.484704],[8.77175,45.485583],[8.771203,45.485912],[8.770172,45.486533],[8.768746,45.487827],[8.765175,45.491132],[8.763491,45.492857],[8.762641,45.494268],[8.761662,45.49567],[8.761336,45.495963],[8.760352,45.496847],[8.757083,45.498062],[8.756477,45.498238],[8.756212,45.498314],[8.756027,45.498327],[8.754956,45.498401],[8.750565,45.498653],[8.750376,45.498624],[8.749538,45.498498],[8.749232,45.498451],[8.74915,45.498423],[8.748858,45.498322],[8.748537,45.49821],[8.738535,45.498464],[8.727892,45.502399],[8.725556,45.503807],[8.72449,45.504497],[8.723513,45.505314],[8.722844,45.506024],[8.720502,45.508946],[8.715006,45.51695],[8.714388,45.517876],[8.71307,45.520131],[8.712565,45.521174],[8.712292,45.522029],[8.712425,45.523577],[8.712485,45.523911],[8.712562,45.524331],[8.712815,45.524875],[8.714046,45.527191],[8.714414,45.527876],[8.714924,45.528336],[8.716949,45.534317],[8.712891,45.537692],[8.709106,45.543902],[8.708522,45.545449],[8.707755,45.547517],[8.707651,45.547816],[8.707222,45.549064],[8.706165,45.552788],[8.706097,45.553589],[8.706879,45.558315],[8.708783,45.559252],[8.712387,45.561152],[8.713831,45.56192],[8.714342,45.562237],[8.717045,45.564746],[8.717938,45.565585],[8.718472,45.566414],[8.718865,45.567261],[8.718881,45.567649],[8.718899,45.568135],[8.718932,45.56926],[8.723482,45.569235],[8.723814,45.566895],[8.724317,45.566087],[8.725039,45.565242],[8.725851,45.564317],[8.726507,45.563716],[8.727498,45.562881],[8.728733,45.561894],[8.729595,45.561239],[8.730211,45.560952],[8.732032,45.56065],[8.738083,45.559926],[8.739171,45.56019],[8.745397,45.563363],[8.749508,45.566775],[8.747741,45.572262],[8.754181,45.573626],[8.764602,45.576402],[8.767094,45.578081],[8.768453,45.582886],[8.776377,45.587216],[8.778879,45.586907],[8.78225,45.5865],[8.782276,45.586567],[8.782669,45.587617],[8.783784,45.590958],[8.785975,45.59819],[8.78872,45.601246],[8.797166,45.602378],[8.804644,45.60168],[8.811,45.598997],[8.814553,45.596163],[8.811207,45.595596],[8.811097,45.59392],[8.811055,45.593281],[8.811914,45.590792],[8.815093,45.587673],[8.819949,45.583244],[8.828335,45.582438],[8.834681,45.577893],[8.834743,45.577099],[8.836176,45.570559],[8.837002,45.568463],[8.845761,45.57078],[8.865976,45.575936],[8.870366,45.57721],[8.871147,45.577499],[8.87226,45.578283],[8.873588,45.580598],[8.873637,45.581444],[8.873585,45.582056],[8.871819,45.586455],[8.86872,45.590232],[8.868527,45.590547],[8.867961,45.5916],[8.867825,45.592015],[8.872614,45.59732],[8.87597,45.598854],[8.876278,45.59899],[8.87987,45.598201],[8.886006,45.600317],[8.897644,45.604507],[8.911565,45.606327],[8.915488,45.607432],[8.919794,45.611663],[8.924644,45.617421],[8.93349,45.622386],[8.934087,45.625257],[8.932426,45.626462],[8.931223,45.628595],[8.930297,45.630991],[8.929599,45.634606],[8.932329,45.637083],[8.935996,45.639264],[8.940587,45.641786],[8.944283,45.640924]]]]}},{"type":"Feature","properties":{"province":"molise","geometryId":"reg:14","adminLevel":"region","name":"Molise"},"geometry":{"type":"MultiPolygon","coordinates":[[[[14.791881,42.06669],[14.792462,42.066457],[14.794371,42.065665],[14.797853,42.063206],[14.804978,42.058175],[14.814556,42.053069],[14.822442,42.049295],[14.83345,42.044719],[14.836129,42.043625],[14.839762,42.042157],[14.842301,42.041136],[14.843145,42.040798],[14.859705,42.034679],[14.870348,42.030787],[14.882707,42.026625],[14.887244,42.025136],[14.89228,42.023517],[14.900572,42.021271],[14.911298,42.018731],[14.914565,42.018005],[14.915753,42.017801],[14.934935,42.014528],[14.954625,42.010529],[14.958602,42.009936],[14.962056,42.009438],[14.975499,42.007522],[14.981062,42.006774],[14.994223,42.005127],[14.995024,42.005085],[14.995582,42.005313],[14.998641,42.006145],[15.004803,42.0065],[15.008762,42.00316],[15.008815,42.002831],[15.0076,42.002391],[15.007187,42.002872],[15.007703,42.003254],[15.007782,42.003331],[15.004766,42.005783],[15.000639,42.005637],[14.999353,42.005537],[14.999185,42.005295],[14.999176,42.004637],[14.999266,42.003187],[15.000483,41.997173],[15.000824,41.996076],[15.001128,41.995231],[15.001964,41.993737],[15.002543,41.99297],[15.002956,41.992452],[15.003544,41.991874],[15.003905,41.991641],[15.005681,41.9905],[15.009808,41.988259],[15.010737,41.987822],[15.014017,41.986299],[15.016036,41.985652],[15.016601,41.985641],[15.017851,41.985524],[15.022433,41.983954],[15.02721,41.981099],[15.034378,41.974402],[15.043103,41.968673],[15.045885,41.967443],[15.052062,41.96457],[15.053566,41.963776],[15.058187,41.960442],[15.060426,41.958725],[15.060811,41.958285],[15.0619,41.956583],[15.067903,41.951272],[15.076669,41.944147],[15.077473,41.943627],[15.079621,41.942253],[15.08067,41.941712],[15.081121,41.941523],[15.089413,41.9381],[15.090512,41.937685],[15.097238,41.935576],[15.098941,41.935063],[15.099759,41.93482],[15.101302,41.934437],[15.105659,41.933408],[15.114433,41.931448],[15.122095,41.930112],[15.130914,41.928849],[15.137524,41.928127],[15.138046,41.926645],[15.137913,41.92657],[15.137695,41.926448],[15.13749,41.926333],[15.137283,41.926113],[15.137207,41.926024],[15.136994,41.925774],[15.136169,41.924638],[15.135986,41.924289],[15.13564,41.923606],[15.13557,41.923412],[15.135421,41.923001],[15.135412,41.92297],[15.135324,41.922651],[15.135189,41.922082],[15.13496,41.921104],[15.134919,41.920183],[15.134943,41.919741],[15.135003,41.919391],[15.135015,41.919319],[15.135134,41.918954],[15.135231,41.918767],[15.13541,41.917568],[15.135598,41.916272],[15.135598,41.915651],[15.135587,41.91539],[15.13556,41.915139],[15.135552,41.915086],[15.135547,41.91506],[15.135539,41.915022],[15.13545,41.914642],[15.135386,41.914421],[15.1351,41.913445],[15.131667,41.903427],[15.135703,41.891963],[15.1376,41.887955],[15.140591,41.879099],[15.129724,41.873705],[15.127722,41.872665],[15.125827,41.870913],[15.125355,41.870361],[15.125199,41.869721],[15.124132,41.861281],[15.118827,41.854028],[15.114667,41.850779],[15.114246,41.850545],[15.114152,41.850499],[15.113781,41.850321],[15.112583,41.849963],[15.112016,41.849827],[15.109786,41.849334],[15.10799,41.849336],[15.105945,41.849521],[15.104578,41.847659],[15.103663,41.846263],[15.101208,41.838239],[15.100986,41.837481],[15.100888,41.836879],[15.100511,41.833501],[15.101436,41.831575],[15.111292,41.820846],[15.115238,41.811863],[15.117008,41.799176],[15.114678,41.789165],[15.113207,41.78799],[15.11091,41.7863],[15.11004,41.786246],[15.109978,41.786242],[15.107223,41.785184],[15.106258,41.784642],[15.102428,41.782411],[15.1011,41.779763],[15.098765,41.771589],[15.098609,41.765175],[15.112775,41.752996],[15.114168,41.752346],[15.114588,41.752022],[15.114753,41.751806],[15.116551,41.748967],[15.116039,41.748776],[15.113632,41.747986],[15.112211,41.747716],[15.111599,41.747726],[15.110493,41.747898],[15.108893,41.748181],[15.107822,41.748396],[15.106752,41.748633],[15.10555,41.748805],[15.103927,41.749004],[15.103277,41.749039],[15.10311,41.748832],[15.102409,41.747618],[15.102155,41.746925],[15.102092,41.746752],[15.101937,41.74632],[15.101839,41.745321],[15.101802,41.744522],[15.101884,41.742763],[15.102316,41.741952],[15.102844,41.741276],[15.108871,41.7354],[15.118963,41.723898],[15.126144,41.719398],[15.135296,41.715341],[15.145709,41.711542],[15.150994,41.710828],[15.156444,41.711879],[15.157562,41.711859],[15.161561,41.709713],[15.161538,41.709589],[15.161499,41.709386],[15.161102,41.709027],[15.1605,41.708623],[15.159261,41.707907],[15.138888,41.700904],[15.126162,41.696883],[15.122455,41.69578],[15.122013,41.695644],[15.121925,41.695617],[15.121385,41.695451],[15.121118,41.695362],[15.120759,41.695241],[15.118236,41.6943],[15.117754,41.69411],[15.117068,41.693751],[15.107312,41.686715],[15.106074,41.685611],[15.104214,41.682521],[15.103964,41.682069],[15.103806,41.681785],[15.103761,41.68163],[15.103541,41.680867],[15.103467,41.680295],[15.103443,41.680107],[15.103493,41.679483],[15.103501,41.67939],[15.103635,41.678936],[15.103658,41.678858],[15.10372,41.678717],[15.103765,41.678616],[15.103923,41.678264],[15.103976,41.678168],[15.104062,41.678013],[15.10422,41.67773],[15.104497,41.677466],[15.10476,41.677215],[15.104899,41.676889],[15.105019,41.676608],[15.105047,41.676543],[15.105202,41.675981],[15.105125,41.675706],[15.105022,41.675343],[15.104285,41.673577],[15.1041,41.67319],[15.10408,41.673152],[15.104053,41.673099],[15.104038,41.67307],[15.104016,41.67305],[15.103865,41.672919],[15.102458,41.672059],[15.101748,41.671843],[15.100813,41.671836],[15.095166,41.673821],[15.094663,41.67418],[15.094476,41.674581],[15.094426,41.674687],[15.094123,41.675623],[15.094008,41.676839],[15.093936,41.677882],[15.093887,41.678105],[15.093803,41.67847],[15.093795,41.678498],[15.093507,41.679408],[15.093457,41.679478],[15.093232,41.679796],[15.091444,41.681588],[15.091102,41.681763],[15.091072,41.681779],[15.090471,41.681815],[15.089927,41.681821],[15.089366,41.681627],[15.08928,41.681537],[15.088895,41.681139],[15.088544,41.68064],[15.088498,41.680575],[15.08776,41.679304],[15.087135,41.678158],[15.085848,41.67545],[15.085846,41.675063],[15.085975,41.674925],[15.08605,41.674845],[15.086928,41.674425],[15.088897,41.673546],[15.085779,41.669918],[15.080619,41.667356],[15.073377,41.665173],[15.069299,41.660679],[15.061728,41.659109],[15.061541,41.659259],[15.061457,41.659326],[15.060803,41.659654],[15.060746,41.659683],[15.060217,41.659802],[15.060071,41.659835],[15.059859,41.659883],[15.059628,41.65992],[15.05902,41.660017],[15.058433,41.659977],[15.058285,41.659967],[15.055702,41.659752],[15.054801,41.659642],[15.054652,41.659606],[15.054186,41.659492],[15.054107,41.659472],[15.053072,41.658904],[15.050249,41.657313],[15.049912,41.657034],[15.049338,41.656559],[15.049227,41.656467],[15.048577,41.655871],[15.048492,41.655759],[15.048313,41.65552],[15.044156,41.646986],[15.043957,41.641965],[15.044132,41.641584],[15.044699,41.640346],[15.045075,41.639286],[15.045216,41.638888],[15.045256,41.638662],[15.045454,41.637552],[15.045178,41.63695],[15.044492,41.636833],[15.044387,41.636821],[15.043171,41.636687],[15.042201,41.636637],[15.041959,41.636625],[15.040408,41.636724],[15.037101,41.637281],[15.034708,41.637808],[15.03417,41.638019],[15.031164,41.637443],[15.025988,41.634568],[15.025854,41.634449],[15.025462,41.6341],[15.024246,41.631072],[15.023863,41.629994],[15.023637,41.629164],[15.023598,41.629022],[15.023549,41.628719],[15.023531,41.628607],[15.023477,41.628273],[15.023561,41.627499],[15.023969,41.626397],[15.022185,41.621879],[15.012714,41.621837],[15.011534,41.62189],[15.011359,41.621898],[15.009141,41.622121],[15.008114,41.62238],[15.006341,41.623061],[14.989546,41.633293],[14.989557,41.634039],[14.989569,41.636208],[14.98952,41.636319],[14.989147,41.637157],[14.988772,41.637705],[14.988753,41.637733],[14.988701,41.637808],[14.986769,41.638586],[14.985232,41.63909],[14.983505,41.639486],[14.983081,41.639537],[14.982472,41.63961],[14.981823,41.639687],[14.980515,41.639813],[14.978967,41.639704],[14.964029,41.643389],[14.955347,41.641814],[14.952168,41.636686],[14.948937,41.631516],[14.948206,41.630712],[14.948149,41.630666],[14.947402,41.630057],[14.941271,41.625667],[14.939723,41.624982],[14.938006,41.624018],[14.936794,41.623203],[14.936382,41.622904],[14.935692,41.622405],[14.935118,41.621855],[14.934876,41.621619],[14.934284,41.620525],[14.934133,41.620159],[14.934097,41.61945],[14.935166,41.616721],[14.935793,41.616171],[14.939702,41.613128],[14.942557,41.611301],[14.946397,41.609923],[14.947358,41.607699],[14.94648,41.597028],[14.947832,41.587808],[14.945847,41.579184],[14.945814,41.576778],[14.947818,41.574293],[14.946383,41.569426],[14.940556,41.555294],[14.938329,41.550733],[14.937456,41.548312],[14.935877,41.542435],[14.937031,41.527856],[14.937073,41.527725],[14.937152,41.527476],[14.937368,41.527091],[14.938569,41.525197],[14.938977,41.524766],[14.93924,41.524547],[14.939384,41.524426],[14.93983,41.524056],[14.939981,41.523951],[14.940464,41.523614],[14.945738,41.521778],[14.949714,41.520988],[14.950168,41.520915],[14.950432,41.520918],[14.95067,41.520926],[14.953343,41.52184],[14.963256,41.519941],[14.966395,41.519007],[14.967243,41.518203],[14.967573,41.517853],[14.967674,41.517744],[14.968635,41.516663],[14.969052,41.516057],[14.969277,41.515716],[14.973634,41.511331],[14.979283,41.505685],[14.984755,41.502253],[14.990711,41.499363],[14.995504,41.496623],[14.998852,41.494409],[15.002072,41.492111],[15.005244,41.489065],[15.007618,41.486389],[15.000986,41.484747],[14.989666,41.479867],[14.984301,41.474337],[14.984469,41.474089],[14.984478,41.474047],[14.984541,41.473748],[14.984601,41.473335],[14.984565,41.472946],[14.984396,41.472343],[14.98437,41.472285],[14.984219,41.471956],[14.983261,41.470264],[14.98305,41.469969],[14.982843,41.469687],[14.982664,41.469462],[14.982579,41.469354],[14.982435,41.469218],[14.982267,41.469066],[14.974201,41.467262],[14.964408,41.465827],[14.958337,41.463321],[14.955344,41.460988],[14.951445,41.458013],[14.94736,41.456262],[14.946894,41.456084],[14.946415,41.455974],[14.930639,41.452678],[14.915434,41.451676],[14.908277,41.450961],[14.901694,41.449477],[14.891421,41.446837],[14.885132,41.444977],[14.880178,41.440461],[14.872522,41.432225],[14.867898,41.427983],[14.867696,41.427823],[14.866603,41.427184],[14.865676,41.42672],[14.865256,41.426593],[14.864575,41.426412],[14.864427,41.426379],[14.864189,41.426331],[14.864143,41.426322],[14.853424,41.425127],[14.84658,41.425782],[14.845925,41.425883],[14.844716,41.426142],[14.843116,41.426607],[14.837833,41.428978],[14.837244,41.429247],[14.823128,41.435856],[14.815854,41.439286],[14.811478,41.441376],[14.810671,41.443483],[14.809312,41.445437],[14.809071,41.445697],[14.808904,41.44587],[14.808855,41.44592],[14.807212,41.446881],[14.806649,41.447206],[14.80658,41.447239],[14.806337,41.447357],[14.80593,41.447535],[14.796126,41.451015],[14.790071,41.452516],[14.789213,41.452688],[14.788482,41.452797],[14.786998,41.452565],[14.786458,41.452476],[14.785944,41.452367],[14.785455,41.452247],[14.78494,41.452093],[14.784235,41.451823],[14.783842,41.451667],[14.783314,41.451442],[14.782573,41.451088],[14.782358,41.450981],[14.781653,41.450631],[14.779132,41.449065],[14.776696,41.447432],[14.774557,41.445906],[14.773472,41.444678],[14.771542,41.442205],[14.771303,41.441852],[14.77115,41.441365],[14.770891,41.440446],[14.77124,41.439592],[14.771383,41.439377],[14.771541,41.439243],[14.771814,41.432847],[14.764709,41.421367],[14.761485,41.416502],[14.755604,41.411428],[14.748126,41.40845],[14.743293,41.408251],[14.739637,41.4079],[14.737924,41.407669],[14.735545,41.407],[14.73189,41.405756],[14.730539,41.405248],[14.728855,41.404553],[14.724521,41.402892],[14.717279,41.400828],[14.717168,41.400814],[14.71686,41.400777],[14.716574,41.400764],[14.716178,41.400775],[14.715831,41.40081],[14.714814,41.401005],[14.712706,41.401533],[14.711939,41.401751],[14.711592,41.401894],[14.706603,41.404528],[14.706183,41.404761],[14.705691,41.405136],[14.704971,41.40573],[14.704466,41.406214],[14.704285,41.40652],[14.703946,41.407212],[14.703778,41.407594],[14.703777,41.40775],[14.703777,41.407848],[14.703776,41.407919],[14.703784,41.4082],[14.703759,41.408707],[14.703615,41.408971],[14.702473,41.409887],[14.70218,41.410028],[14.699911,41.410771],[14.698435,41.41122],[14.684178,41.410665],[14.679602,41.408775],[14.678792,41.408461],[14.677222,41.407948],[14.675232,41.407399],[14.671444,41.406641],[14.671025,41.406595],[14.669325,41.406472],[14.668416,41.406467],[14.66606,41.406534],[14.665182,41.400325],[14.658544,41.395427],[14.65703,41.396722],[14.656108,41.397078],[14.654706,41.397489],[14.654417,41.397562],[14.654072,41.397588],[14.653065,41.397656],[14.652209,41.397663],[14.651151,41.39749],[14.650353,41.397186],[14.645006,41.394542],[14.63715,41.389942],[14.63378,41.387433],[14.633737,41.387394],[14.633494,41.387172],[14.633209,41.386912],[14.631354,41.384906],[14.630617,41.383956],[14.63038,41.383567],[14.630168,41.383154],[14.630038,41.382756],[14.629523,41.380989],[14.629194,41.37974],[14.628333,41.378598],[14.624566,41.375771],[14.615794,41.369609],[14.603763,41.364913],[14.600171,41.365556],[14.5881,41.370538],[14.585945,41.373119],[14.587781,41.373718],[14.58814,41.373943],[14.588436,41.374145],[14.588746,41.374386],[14.588876,41.37465],[14.588946,41.375074],[14.588855,41.375938],[14.58877,41.376262],[14.588601,41.376631],[14.587646,41.378284],[14.58745,41.378618],[14.587415,41.378678],[14.58686,41.379524],[14.586244,41.380423],[14.58568,41.380945],[14.585477,41.381126],[14.585391,41.381202],[14.57696,41.38845],[14.575385,41.389688],[14.574905,41.389986],[14.574594,41.390127],[14.574341,41.390216],[14.566936,41.392142],[14.566611,41.392188],[14.56648,41.392162],[14.566326,41.392131],[14.565456,41.391597],[14.565321,41.391505],[14.565147,41.391387],[14.565028,41.391307],[14.564976,41.391265],[14.564731,41.391072],[14.564707,41.391052],[14.564649,41.391007],[14.564571,41.390945],[14.564338,41.390759],[14.564243,41.390684],[14.563113,41.38968],[14.562991,41.38957],[14.562914,41.389501],[14.562764,41.389365],[14.562691,41.389299],[14.56265,41.389262],[14.561711,41.388168],[14.561557,41.387924],[14.554766,41.382144],[14.551294,41.379464],[14.54056,41.381805],[14.524584,41.385137],[14.524373,41.385165],[14.523506,41.385279],[14.522801,41.385305],[14.522569,41.385266],[14.522449,41.385246],[14.5223,41.385221],[14.511936,41.382644],[14.504547,41.383189],[14.492832,41.389288],[14.491687,41.389571],[14.490659,41.389949],[14.489665,41.390316],[14.488606,41.390708],[14.486126,41.395126],[14.485339,41.396528],[14.484886,41.397337],[14.484454,41.398109],[14.483058,41.401358],[14.47938,41.410795],[14.479689,41.410948],[14.48047,41.411335],[14.480557,41.411427],[14.481146,41.41205],[14.482367,41.413616],[14.482412,41.413983],[14.481891,41.414602],[14.481191,41.415392],[14.479238,41.417362],[14.479032,41.41757],[14.478792,41.417789],[14.4782,41.418307],[14.477346,41.418978],[14.476627,41.41913],[14.470802,41.420083],[14.467072,41.419914],[14.456292,41.426875],[14.443743,41.426898],[14.442032,41.426831],[14.440379,41.427008],[14.438616,41.427281],[14.430706,41.428727],[14.421088,41.432202],[14.418808,41.435407],[14.417072,41.43837],[14.40711,41.439236],[14.396099,41.439771],[14.387299,41.443179],[14.377932,41.444398],[14.356908,41.448919],[14.354917,41.449368],[14.354439,41.449488],[14.352983,41.449854],[14.351243,41.450482],[14.351134,41.450521],[14.350374,41.450907],[14.349473,41.451364],[14.348929,41.451607],[14.348827,41.451652],[14.348627,41.451742],[14.348428,41.45183],[14.348027,41.452009],[14.347628,41.452187],[14.347513,41.452238],[14.343932,41.453504],[14.342179,41.45408],[14.341161,41.454222],[14.340128,41.454365],[14.338259,41.454362],[14.337242,41.45436],[14.335794,41.454216],[14.334134,41.454041],[14.332555,41.453727],[14.331373,41.45353],[14.330058,41.453379],[14.328932,41.453328],[14.327532,41.453357],[14.327475,41.45337],[14.327162,41.453437],[14.314793,41.460155],[14.311344,41.46235],[14.309859,41.463611],[14.309098,41.464146],[14.308805,41.464325],[14.307989,41.464824],[14.30687,41.465402],[14.304716,41.466433],[14.297901,41.468679],[14.29398,41.469198],[14.286484,41.472411],[14.289034,41.479018],[14.27942,41.486285],[14.279131,41.486378],[14.272116,41.48596],[14.264021,41.48472],[14.262589,41.48434],[14.261053,41.484173],[14.254662,41.484084],[14.249422,41.484552],[14.248628,41.484953],[14.247165,41.485961],[14.24326,41.492076],[14.2416,41.494786],[14.241673,41.49566],[14.241625,41.496662],[14.240746,41.497197],[14.236356,41.497591],[14.230683,41.498093],[14.223621,41.49759],[14.22096,41.497321],[14.215503,41.497078],[14.208047,41.498434],[14.204853,41.499934],[14.202678,41.499614],[14.194997,41.498435],[14.190793,41.496466],[14.181431,41.496785],[14.177977,41.497248],[14.176933,41.497502],[14.17622,41.497939],[14.175698,41.49844],[14.175114,41.499083],[14.175029,41.499191],[14.17481,41.49947],[14.172414,41.499183],[14.168188,41.495506],[14.167303,41.494416],[14.167119,41.493664],[14.167008,41.49321],[14.166616,41.489878],[14.165652,41.479515],[14.165651,41.479399],[14.165276,41.478775],[14.164965,41.47878],[14.160103,41.479584],[14.159118,41.479817],[14.158019,41.480107],[14.157388,41.480273],[14.15274,41.482143],[14.151953,41.482511],[14.151643,41.482656],[14.150271,41.484041],[14.149453,41.485262],[14.137021,41.495083],[14.132016,41.500344],[14.129859,41.503002],[14.12527,41.50737],[14.122623,41.507291],[14.121185,41.507064],[14.120758,41.506996],[14.119507,41.506517],[14.118614,41.505143],[14.118534,41.503936],[14.115525,41.495499],[14.111918,41.488906],[14.103406,41.483676],[14.099613,41.480767],[14.096927,41.477592],[14.096374,41.476774],[14.095752,41.475852],[14.095144,41.474785],[14.095558,41.47442],[14.094823,41.472586],[14.092955,41.471263],[14.082413,41.465451],[14.08576,41.462453],[14.083824,41.457142],[14.079692,41.455367],[14.078735,41.448706],[14.080141,41.444115],[14.091236,41.432654],[14.094998,41.429279],[14.099656,41.426676],[14.105025,41.423402],[14.10523,41.423254],[14.105721,41.422399],[14.106109,41.421198],[14.106209,41.420793],[14.106997,41.417548],[14.106654,41.415628],[14.104828,41.410676],[14.103893,41.405622],[14.105596,41.40119],[14.108639,41.397146],[14.112989,41.391299],[14.113222,41.390895],[14.113381,41.39062],[14.113496,41.390151],[14.113661,41.388698],[14.111441,41.386434],[14.100574,41.390366],[14.091872,41.394874],[14.091689,41.395383],[14.091135,41.396497],[14.090248,41.397428],[14.090084,41.397587],[14.089526,41.398124],[14.08945,41.398197],[14.088413,41.398774],[14.084769,41.400034],[14.083463,41.400146],[14.082079,41.4],[14.076971,41.399051],[14.073154,41.39832],[14.062346,41.397906],[14.049143,41.394594],[14.047283,41.393775],[14.044857,41.393054],[14.043831,41.392847],[14.043386,41.392826],[14.042784,41.392799],[14.042389,41.39278],[14.041121,41.393655],[14.039826,41.394791],[14.038976,41.395616],[14.028695,41.408375],[14.0295,41.410199],[14.029609,41.410581],[14.029739,41.411039],[14.029977,41.411898],[14.0298,41.412562],[14.029384,41.413134],[14.026666,41.416261],[14.019204,41.421741],[14.012962,41.423788],[14.012137,41.423716],[14.009516,41.423767],[14.007584,41.424126],[14.0066,41.424354],[14.005675,41.424571],[14.005021,41.425003],[14.002751,41.427965],[14.001846,41.42919],[14.000899,41.430823],[14.001348,41.431267],[14.005019,41.434853],[14.007583,41.43855],[14.00802,41.43957],[14.008407,41.441101],[14.008595,41.441873],[14.009233,41.445568],[14.009124,41.446111],[14.009,41.44673],[14.008788,41.447668],[14.008692,41.448094],[14.008091,41.449804],[14.007953,41.450134],[14.007668,41.450817],[14.007041,41.451875],[14.006196,41.452519],[14.005781,41.452834],[14.002691,41.453753],[14.00143,41.454113],[13.995151,41.455841],[13.989793,41.457279],[13.984369,41.458584],[13.979771,41.460959],[13.979006,41.461581],[13.977906,41.462487],[13.980793,41.468665],[13.983853,41.473367],[13.988341,41.478457],[13.99153,41.481276],[13.980828,41.489398],[13.975287,41.492106],[13.975189,41.496706],[13.978652,41.500954],[13.989213,41.505974],[13.993251,41.511331],[13.99371,41.511923],[13.994015,41.512301],[13.994439,41.51271],[13.994726,41.512923],[13.995033,41.513085],[13.99576,41.513382],[13.996847,41.513659],[13.997385,41.513766],[13.997983,41.51387],[13.998593,41.513929],[14.010539,41.514795],[14.022654,41.521963],[14.023218,41.526813],[14.021821,41.527261],[14.017933,41.529075],[14.016979,41.529598],[14.014076,41.531219],[14.009394,41.534116],[14.007013,41.536169],[14.005346,41.538484],[14.005257,41.538753],[14.006568,41.540181],[14.00663,41.540205],[14.0069,41.540311],[14.010344,41.540224],[14.020702,41.542364],[14.022218,41.54543],[14.022323,41.545674],[14.02246,41.545991],[14.022721,41.546643],[14.022893,41.547089],[14.025877,41.554903],[14.026013,41.555325],[14.025995,41.555442],[14.025961,41.55567],[14.025858,41.556025],[14.025095,41.558129],[14.023775,41.560704],[14.018897,41.562758],[14.014821,41.5643],[14.010776,41.565612],[14.004499,41.566381],[14.00443,41.566411],[14.00416,41.56653],[14.004113,41.566551],[14.003784,41.566853],[14.003652,41.566994],[14.003406,41.567257],[14.003015,41.567729],[14.001632,41.569455],[13.999737,41.573827],[13.998157,41.579766],[14.003785,41.586063],[14.010174,41.592562],[14.009988,41.603972],[14.008744,41.609879],[14.000068,41.619963],[13.996667,41.62414],[13.99644,41.624748],[13.996377,41.625012],[13.996348,41.625324],[13.996285,41.626317],[13.992573,41.641829],[13.987857,41.651632],[13.983448,41.658729],[13.967915,41.673164],[13.959686,41.677689],[13.954771,41.679878],[13.949114,41.681315],[13.944432,41.68402],[13.942195,41.686331],[13.941015,41.687973],[13.941338,41.688011],[13.941697,41.688086],[13.941949,41.688161],[13.942762,41.688432],[13.943143,41.688622],[13.943426,41.688867],[13.944267,41.689632],[13.946741,41.691933],[13.946863,41.692096],[13.947048,41.692343],[13.947485,41.692806],[13.948078,41.693271],[13.948853,41.69362],[13.949402,41.693831],[13.95,41.694025],[13.950646,41.694232],[13.951137,41.694381],[13.953409,41.695067],[13.954055,41.695219],[13.955132,41.695469],[13.955539,41.695537],[13.956438,41.695669],[13.95825,41.695839],[13.959103,41.69591],[13.9601,41.695957],[13.962117,41.695982],[13.963224,41.695957],[13.983095,41.694811],[13.990501,41.693867],[13.994922,41.693157],[14.000135,41.691071],[14.002177,41.690131],[14.006516,41.687884],[14.007255,41.687483],[14.0078,41.687153],[14.008081,41.686979],[14.008371,41.68679],[14.008785,41.686462],[14.012602,41.68435],[14.016146,41.682669],[14.017053,41.682305],[14.01737,41.682183],[14.017742,41.682113],[14.018198,41.682102],[14.018486,41.682103],[14.018727,41.682106],[14.018823,41.682132],[14.019019,41.682205],[14.019097,41.682234],[14.01918,41.682361],[14.023161,41.6915],[14.024195,41.697131],[14.031896,41.70206],[14.032062,41.702029],[14.032402,41.701966],[14.032907,41.701899],[14.034173,41.701753],[14.03493,41.701679],[14.041391,41.701256],[14.042113,41.701229],[14.043771,41.701268],[14.046148,41.701348],[14.053246,41.701699],[14.053457,41.703052],[14.053412,41.707605],[14.053341,41.710849],[14.053184,41.712477],[14.053092,41.71556],[14.053035,41.718574],[14.053044,41.718717],[14.053076,41.719035],[14.053216,41.719322],[14.053478,41.719612],[14.05549,41.721657],[14.057066,41.72319],[14.058965,41.724875],[14.068527,41.735418],[14.071427,41.736852],[14.084836,41.739013],[14.086724,41.739127],[14.090336,41.738697],[14.093447,41.738171],[14.094086,41.738048],[14.094396,41.737945],[14.094557,41.737829],[14.094724,41.737677],[14.094976,41.736506],[14.095106,41.735617],[14.096727,41.72981],[14.100439,41.723176],[14.105715,41.712831],[14.105707,41.71258],[14.1057,41.712292],[14.105828,41.711705],[14.107197,41.707359],[14.108129,41.70748],[14.108409,41.707593],[14.108744,41.707758],[14.109136,41.707975],[14.110209,41.708661],[14.110684,41.70904],[14.116818,41.714889],[14.120508,41.720632],[14.123279,41.726072],[14.123414,41.726541],[14.123336,41.727062],[14.122898,41.729184],[14.122783,41.729652],[14.122689,41.729869],[14.122585,41.730111],[14.122419,41.730405],[14.122363,41.730504],[14.122068,41.730962],[14.120882,41.732402],[14.120528,41.73275],[14.119879,41.733122],[14.119372,41.733347],[14.11914,41.733424],[14.118824,41.733529],[14.118026,41.733795],[14.117248,41.734052],[14.116928,41.734152],[14.116886,41.734165],[14.116577,41.734306],[14.116225,41.734511],[14.11605,41.734644],[14.115765,41.73486],[14.11563,41.735027],[14.115557,41.735116],[14.115496,41.735192],[14.115477,41.735263],[14.115444,41.735398],[14.115432,41.73545],[14.115364,41.7367],[14.115622,41.737296],[14.12072,41.745185],[14.129884,41.744379],[14.138716,41.744924],[14.152198,41.746185],[14.157292,41.747079],[14.159437,41.747796],[14.162267,41.750203],[14.161779,41.751987],[14.161704,41.752075],[14.161506,41.752466],[14.161222,41.753086],[14.161144,41.753472],[14.161112,41.753942],[14.161108,41.75432],[14.161178,41.754725],[14.161205,41.754885],[14.161348,41.755313],[14.161734,41.756115],[14.163143,41.758721],[14.163579,41.759471],[14.163804,41.75978],[14.168894,41.764331],[14.169452,41.764783],[14.169904,41.765106],[14.169933,41.765127],[14.170046,41.765207],[14.170731,41.765495],[14.171511,41.765735],[14.171834,41.765774],[14.172101,41.765765],[14.172255,41.765759],[14.172405,41.765752],[14.172893,41.765726],[14.173447,41.765697],[14.173857,41.765606],[14.174201,41.7655],[14.174462,41.765339],[14.174693,41.765127],[14.174888,41.764911],[14.175071,41.764687],[14.175498,41.764132],[14.175624,41.763812],[14.175725,41.763406],[14.175767,41.763008],[14.175795,41.762679],[14.175767,41.76209],[14.175695,41.761336],[14.175589,41.761],[14.175275,41.754604],[14.175286,41.754493],[14.175301,41.754342],[14.175367,41.753893],[14.175419,41.753567],[14.175607,41.752955],[14.175732,41.752644],[14.176436,41.751324],[14.177859,41.749928],[14.178707,41.749213],[14.179489,41.749047],[14.180277,41.748954],[14.18992,41.748258],[14.194115,41.749294],[14.193574,41.750283],[14.193548,41.751517],[14.193589,41.752266],[14.193955,41.755527],[14.19404,41.756138],[14.1945,41.757801],[14.194654,41.75817],[14.194778,41.758415],[14.194866,41.758588],[14.195042,41.758886],[14.195131,41.759001],[14.195184,41.759069],[14.196693,41.760697],[14.198079,41.761305],[14.19868,41.761372],[14.198957,41.761445],[14.200581,41.762402],[14.200759,41.762583],[14.20084,41.762746],[14.201952,41.765041],[14.201938,41.766491],[14.201915,41.766995],[14.197761,41.770801],[14.19622,41.771964],[14.194939,41.772908],[14.193454,41.773484],[14.188707,41.77428],[14.188031,41.774393],[14.1874,41.774496],[14.183785,41.773976],[14.183028,41.773844],[14.182834,41.773793],[14.182166,41.773622],[14.180603,41.773413],[14.179905,41.773422],[14.177363,41.77365],[14.177247,41.773665],[14.176797,41.773725],[14.176176,41.773929],[14.175855,41.774134],[14.173186,41.776738],[14.171455,41.778436],[14.171125,41.778856],[14.170892,41.779204],[14.170692,41.779708],[14.169168,41.786858],[14.169413,41.789363],[14.167797,41.797025],[14.164774,41.807263],[14.15838,41.815551],[14.154181,41.816247],[14.148024,41.826046],[14.155835,41.837082],[14.160823,41.839666],[14.173304,41.844235],[14.183547,41.847707],[14.187113,41.845454],[14.186939,41.844912],[14.186901,41.844547],[14.186954,41.844212],[14.18707,41.843558],[14.187147,41.843245],[14.187513,41.842724],[14.187832,41.842328],[14.18822,41.842053],[14.18839,41.841949],[14.188558,41.841846],[14.189464,41.841645],[14.189802,41.841607],[14.190003,41.841585],[14.190225,41.841561],[14.193586,41.841503],[14.194835,41.841527],[14.195016,41.84153],[14.197872,41.842423],[14.198138,41.842507],[14.198292,41.842707],[14.198422,41.842882],[14.198567,41.843197],[14.198599,41.843384],[14.198607,41.843472],[14.198603,41.843666],[14.198432,41.843924],[14.197287,41.84507],[14.196254,41.845819],[14.195763,41.846032],[14.195189,41.846197],[14.196509,41.848568],[14.200461,41.850432],[14.213388,41.853939],[14.218651,41.857311],[14.223085,41.864262],[14.225644,41.870906],[14.224719,41.871169],[14.224377,41.871323],[14.224278,41.871571],[14.224332,41.871772],[14.225275,41.87357],[14.225923,41.874675],[14.229731,41.877084],[14.22984,41.877152],[14.230038,41.877273],[14.230127,41.87731],[14.230457,41.877448],[14.230831,41.877575],[14.233557,41.878269],[14.236169,41.878501],[14.261114,41.893274],[14.273016,41.903539],[14.277727,41.908305],[14.279051,41.909351],[14.279301,41.909518],[14.279688,41.909695],[14.280022,41.909833],[14.280372,41.909952],[14.280626,41.910026],[14.280854,41.910092],[14.28126,41.91019],[14.283907,41.910649],[14.302338,41.894758],[14.302423,41.894587],[14.30251,41.894426],[14.302875,41.894067],[14.303033,41.893933],[14.303169,41.893828],[14.303385,41.89371],[14.303984,41.893391],[14.305031,41.89308],[14.305416,41.893049],[14.305781,41.893026],[14.30596,41.893015],[14.312218,41.892891],[14.312603,41.892891],[14.313,41.892967],[14.314732,41.893319],[14.315081,41.893411],[14.319239,41.894717],[14.325792,41.890523],[14.333713,41.879896],[14.343103,41.866751],[14.34305,41.863846],[14.343376,41.862539],[14.358552,41.860655],[14.362325,41.865294],[14.364272,41.868377],[14.364378,41.868592],[14.36447,41.868835],[14.364518,41.869081],[14.364513,41.869351],[14.364476,41.869582],[14.364145,41.871349],[14.363662,41.872008],[14.363034,41.872765],[14.361904,41.873644],[14.361095,41.874296],[14.361377,41.874602],[14.363867,41.876219],[14.364298,41.876473],[14.365975,41.877215],[14.369403,41.878259],[14.370617,41.878608],[14.373346,41.879362],[14.373791,41.879462],[14.375281,41.879732],[14.376676,41.879929],[14.37671,41.879641],[14.376591,41.879493],[14.375919,41.878021],[14.375793,41.874908],[14.377257,41.868087],[14.377516,41.86753],[14.377639,41.867277],[14.37853,41.866141],[14.37887,41.865873],[14.379219,41.865786],[14.381085,41.8659],[14.383735,41.866149],[14.384612,41.866414],[14.387856,41.867395],[14.391363,41.868639],[14.392711,41.869872],[14.393011,41.870146],[14.393561,41.870525],[14.393971,41.870465],[14.394829,41.870317],[14.396906,41.869886],[14.397207,41.869813],[14.397448,41.869743],[14.400063,41.868504],[14.401296,41.867893],[14.409683,41.862858],[14.420675,41.855279],[14.433691,41.841522],[14.435414,41.841629],[14.441607,41.841344],[14.442329,41.841256],[14.445697,41.837823],[14.445793,41.837571],[14.447565,41.832679],[14.450491,41.821382],[14.453716,41.801653],[14.453995,41.799039],[14.454689,41.796344],[14.455883,41.793182],[14.456875,41.791086],[14.458537,41.788284],[14.461074,41.784243],[14.46442,41.777007],[14.46388,41.776799],[14.463291,41.776393],[14.462362,41.775665],[14.459899,41.773617],[14.458473,41.771943],[14.454619,41.765182],[14.454523,41.765011],[14.454449,41.764848],[14.454419,41.764498],[14.454458,41.764118],[14.454483,41.764044],[14.454618,41.76365],[14.454788,41.763355],[14.455478,41.762872],[14.455974,41.762592],[14.456099,41.762531],[14.4563,41.762432],[14.456425,41.762382],[14.456759,41.762248],[14.457254,41.762094],[14.457818,41.762081],[14.458864,41.762328],[14.459498,41.762645],[14.463512,41.763115],[14.470368,41.763283],[14.474215,41.762619],[14.477478,41.761921],[14.480032,41.761371],[14.481839,41.760947],[14.48453,41.759878],[14.48533,41.759652],[14.486778,41.759938],[14.487023,41.759999],[14.488841,41.760691],[14.489545,41.76097],[14.48983,41.761154],[14.492909,41.763698],[14.494652,41.765282],[14.49579,41.766558],[14.495818,41.766595],[14.495948,41.766816],[14.496137,41.767275],[14.4962,41.767438],[14.496287,41.767686],[14.496509,41.768556],[14.496491,41.768775],[14.496501,41.769166],[14.496724,41.769713],[14.496796,41.769858],[14.49695,41.770166],[14.497093,41.770402],[14.497295,41.770645],[14.497398,41.770765],[14.49745,41.770826],[14.498714,41.772265],[14.504808,41.776153],[14.511726,41.779354],[14.525842,41.786116],[14.529986,41.788327],[14.533347,41.791588],[14.533512,41.791775],[14.533619,41.791982],[14.533642,41.792026],[14.533677,41.79229],[14.533673,41.792378],[14.53365,41.792849],[14.533635,41.793006],[14.533547,41.793903],[14.533483,41.794279],[14.532981,41.796986],[14.533182,41.799934],[14.542086,41.80729],[14.543098,41.8087],[14.544293,41.810073],[14.544555,41.810344],[14.549734,41.815301],[14.554065,41.817462],[14.560122,41.81919],[14.56047,41.819281],[14.560987,41.819364],[14.561649,41.819462],[14.562287,41.819521],[14.563358,41.819541],[14.56384,41.819545],[14.564346,41.819466],[14.564744,41.819321],[14.569867,41.820242],[14.575499,41.826225],[14.577694,41.829422],[14.583528,41.837955],[14.583278,41.839304],[14.583261,41.839791],[14.583416,41.840332],[14.583666,41.840784],[14.583891,41.841077],[14.58405,41.841283],[14.584699,41.842083],[14.585555,41.842978],[14.588187,41.845528],[14.58983,41.846789],[14.590478,41.847203],[14.591378,41.847722],[14.591583,41.847813],[14.591706,41.847867],[14.591796,41.847906],[14.592146,41.848058],[14.592498,41.848179],[14.592838,41.848294],[14.592939,41.848328],[14.593155,41.84839],[14.59336,41.848448],[14.594505,41.848932],[14.595884,41.849572],[14.596448,41.849891],[14.596928,41.850237],[14.597038,41.850339],[14.597418,41.850694],[14.597706,41.85104],[14.597874,41.851322],[14.598016,41.851561],[14.598289,41.852078],[14.598303,41.852105],[14.598642,41.853466],[14.59871,41.854205],[14.598729,41.855032],[14.598721,41.856448],[14.59872,41.856572],[14.598651,41.857971],[14.603746,41.869721],[14.605731,41.872419],[14.608324,41.875952],[14.61099,41.879674],[14.611062,41.879776],[14.611335,41.880161],[14.611458,41.880419],[14.611598,41.880711],[14.612258,41.882767],[14.613058,41.885478],[14.613392,41.886915],[14.613936,41.888581],[14.614245,41.889188],[14.614365,41.889312],[14.614509,41.889431],[14.616384,41.890599],[14.619781,41.892665],[14.621391,41.893522],[14.621981,41.893812],[14.622732,41.89417],[14.622788,41.894196],[14.626853,41.895684],[14.627682,41.895931],[14.629776,41.896539],[14.633133,41.897157],[14.64165,41.900399],[14.652409,41.906843],[14.661675,41.914924],[14.664349,41.91755],[14.665137,41.921772],[14.666811,41.931359],[14.666357,41.936187],[14.666155,41.936428],[14.665678,41.93743],[14.6655,41.93791],[14.665409,41.938254],[14.665323,41.938981],[14.665367,41.939667],[14.66547,41.940621],[14.66554,41.941108],[14.665957,41.942172],[14.666232,41.942775],[14.666435,41.943202],[14.667739,41.945293],[14.66799,41.945681],[14.668637,41.946631],[14.668961,41.947002],[14.669837,41.94784],[14.670245,41.948203],[14.670714,41.948517],[14.672928,41.949976],[14.675482,41.951801],[14.678178,41.954043],[14.678622,41.954449],[14.679088,41.954924],[14.679247,41.955088],[14.679666,41.955522],[14.680231,41.956113],[14.680753,41.95667],[14.682019,41.958043],[14.685558,41.961947],[14.690373,41.96717],[14.695445,41.970406],[14.700276,41.974423],[14.707186,41.982581],[14.717518,41.99443],[14.727161,42.003246],[14.728004,42.00369],[14.730632,42.005066],[14.733138,42.00607],[14.736043,42.006834],[14.738255,42.007218],[14.7497,42.011365],[14.758449,42.016317],[14.766156,42.018449],[14.775973,42.025889],[14.776553,42.02636],[14.777276,42.026967],[14.778455,42.027974],[14.780151,42.029669],[14.780397,42.02993],[14.780614,42.030163],[14.780977,42.030551],[14.78104,42.030621],[14.781201,42.030808],[14.781588,42.031261],[14.781634,42.031315],[14.782223,42.032019],[14.782607,42.032639],[14.782738,42.032863],[14.7828,42.032971],[14.782921,42.033181],[14.783014,42.033793],[14.782964,42.033959],[14.782855,42.034314],[14.782637,42.034775],[14.782247,42.035105],[14.774392,42.039323],[14.763896,42.041626],[14.762302,42.044596],[14.767537,42.053865],[14.771715,42.061783],[14.771845,42.062168],[14.772026,42.062546],[14.772242,42.062909],[14.772423,42.063196],[14.772676,42.063503],[14.775316,42.066421],[14.776211,42.067396],[14.776918,42.068078],[14.777234,42.068382],[14.779168,42.070247],[14.785738,42.068499],[14.791881,42.06669]]]]}},{"type":"Feature","properties":{"province":"novara","geometryId":"uts:3","adminLevel":"province","name":"Novara"},"geometry":{"type":"MultiPolygon","coordinates":[[[[8.473238,45.865719],[8.473224,45.865451],[8.473212,45.864065],[8.473222,45.863831],[8.473963,45.859352],[8.474107,45.858592],[8.4743,45.857795],[8.474398,45.857401],[8.474802,45.85657],[8.475187,45.856217],[8.492817,45.849082],[8.497341,45.847635],[8.497603,45.844665],[8.496765,45.839014],[8.496107,45.836847],[8.495674,45.835621],[8.498475,45.833352],[8.510825,45.834685],[8.521848,45.837295],[8.534581,45.839783],[8.542982,45.843363],[8.543478,45.844355],[8.545101,45.847246],[8.553322,45.853408],[8.559161,45.854866],[8.562657,45.846617],[8.562129,45.838789],[8.562033,45.838514],[8.561841,45.837928],[8.56183,45.837563],[8.565296,45.83543],[8.568935,45.834115],[8.57809,45.8336],[8.593801,45.828246],[8.593779,45.828196],[8.593729,45.828082],[8.592033,45.824442],[8.587941,45.818928],[8.581647,45.813658],[8.578096,45.811802],[8.574306,45.810787],[8.56768,45.808831],[8.567144,45.808671],[8.566471,45.808408],[8.563511,45.807245],[8.558277,45.803564],[8.556172,45.800833],[8.555566,45.800044],[8.554176,45.796906],[8.553786,45.795761],[8.552664,45.791274],[8.552405,45.789905],[8.552277,45.788105],[8.552555,45.783938],[8.552933,45.781708],[8.553291,45.780314],[8.553816,45.778898],[8.553999,45.778409],[8.554484,45.777213],[8.554641,45.776845],[8.555256,45.775542],[8.555665,45.77499],[8.556322,45.774106],[8.557321,45.772859],[8.56039,45.770207],[8.56211,45.768854],[8.563611,45.767762],[8.565139,45.766391],[8.567976,45.763629],[8.57229,45.759325],[8.575321,45.756294],[8.582427,45.749169],[8.582911,45.748672],[8.583703,45.747531],[8.585381,45.744837],[8.586669,45.742727],[8.587528,45.741209],[8.588195,45.73969],[8.588694,45.738279],[8.589778,45.735816],[8.590378,45.73463],[8.591029,45.733463],[8.591597,45.732646],[8.59186,45.732269],[8.592848,45.731183],[8.593025,45.73099],[8.594551,45.729771],[8.595983,45.728894],[8.600135,45.72692],[8.601382,45.726539],[8.602145,45.726306],[8.604717,45.726009],[8.62304,45.724019],[8.634616,45.722841],[8.635341,45.722951],[8.640065,45.723497],[8.641312,45.723465],[8.642868,45.723155],[8.644285,45.722611],[8.645961,45.721761],[8.646876,45.721133],[8.647396,45.720744],[8.647845,45.720407],[8.648775,45.719555],[8.65179,45.715991],[8.653434,45.713971],[8.653617,45.713558],[8.654673,45.711088],[8.654691,45.710215],[8.654661,45.709582],[8.654634,45.709026],[8.654358,45.707882],[8.648163,45.696968],[8.642519,45.688215],[8.641183,45.687016],[8.64088,45.686304],[8.640514,45.685196],[8.640439,45.684756],[8.640412,45.684593],[8.640366,45.684242],[8.640347,45.6834],[8.64036,45.681888],[8.6408,45.676808],[8.640902,45.676534],[8.642047,45.675856],[8.643424,45.675475],[8.650174,45.674781],[8.651811,45.674637],[8.652617,45.674568],[8.654035,45.674509],[8.654915,45.674489],[8.657434,45.674452],[8.663681,45.674547],[8.664194,45.674575],[8.665345,45.674696],[8.666871,45.674858],[8.667452,45.674954],[8.668123,45.675122],[8.67025,45.6757],[8.670417,45.675759],[8.670906,45.675931],[8.671882,45.67638],[8.672678,45.67681],[8.67322,45.677095],[8.673778,45.677357],[8.674376,45.67753],[8.675104,45.677636],[8.675715,45.677619],[8.677638,45.677544],[8.67816,45.677509],[8.678786,45.677421],[8.680735,45.676837],[8.681009,45.676635],[8.681202,45.676402],[8.682706,45.670819],[8.682505,45.670267],[8.681976,45.669446],[8.681692,45.669113],[8.681057,45.668521],[8.680624,45.668182],[8.680422,45.668024],[8.678457,45.667632],[8.677151,45.667371],[8.675742,45.66709],[8.675141,45.66697],[8.675069,45.666953],[8.674807,45.666891],[8.672374,45.666318],[8.671121,45.665469],[8.670204,45.664233],[8.669788,45.662864],[8.669835,45.661424],[8.670445,45.660237],[8.67135,45.659151],[8.672396,45.657966],[8.673454,45.657006],[8.674125,45.656422],[8.676289,45.654554],[8.677703,45.653388],[8.679644,45.651947],[8.67995,45.65172],[8.680934,45.650987],[8.68203,45.650009],[8.683412,45.648501],[8.684666,45.646884],[8.685725,45.64547],[8.685997,45.645097],[8.686085,45.644953],[8.686801,45.643758],[8.686962,45.643482],[8.688018,45.641673],[8.688554,45.639874],[8.688586,45.639203],[8.688614,45.638209],[8.68824,45.637145],[8.688185,45.636993],[8.687101,45.635811],[8.686322,45.635098],[8.685708,45.634694],[8.685427,45.63451],[8.685056,45.634329],[8.684083,45.633993],[8.683864,45.633938],[8.682494,45.633593],[8.680301,45.633452],[8.678645,45.633627],[8.677026,45.634127],[8.675675,45.634771],[8.675147,45.635163],[8.674672,45.635515],[8.674515,45.635632],[8.673651,45.636594],[8.673508,45.636763],[8.672962,45.637886],[8.67281,45.638462],[8.672648,45.639074],[8.67223,45.640242],[8.670876,45.64149],[8.668868,45.642411],[8.668557,45.642484],[8.667547,45.642721],[8.667121,45.64282],[8.665658,45.642879],[8.663669,45.642837],[8.662208,45.642656],[8.661733,45.642597],[8.660364,45.641864],[8.660306,45.641772],[8.660254,45.641691],[8.659663,45.640758],[8.659399,45.64034],[8.659061,45.638908],[8.65894,45.637747],[8.659304,45.636883],[8.660273,45.635806],[8.661228,45.63481],[8.66146,45.634622],[8.663632,45.625456],[8.662908,45.624239],[8.662696,45.623374],[8.66271,45.623059],[8.662877,45.622605],[8.663048,45.622144],[8.663088,45.622034],[8.664235,45.62111],[8.666213,45.620747],[8.668431,45.620844],[8.673262,45.621147],[8.675803,45.621522],[8.677957,45.621501],[8.68036,45.621013],[8.682134,45.620343],[8.683494,45.619467],[8.683665,45.619357],[8.68383,45.619231],[8.684683,45.618577],[8.685625,45.617625],[8.691135,45.611528],[8.68983,45.608449],[8.688781,45.608228],[8.688732,45.607805],[8.688991,45.607256],[8.689572,45.606601],[8.691856,45.604105],[8.692132,45.603881],[8.692251,45.603794],[8.692859,45.60345],[8.693636,45.603124],[8.69399,45.602976],[8.694567,45.602756],[8.694612,45.602739],[8.695327,45.602467],[8.696015,45.602335],[8.696392,45.602263],[8.698986,45.601766],[8.699267,45.601712],[8.699082,45.602702],[8.700101,45.604037],[8.702009,45.601695],[8.703148,45.600057],[8.704324,45.595902],[8.704764,45.594248],[8.704893,45.592564],[8.704811,45.591042],[8.704696,45.589581],[8.704667,45.589215],[8.704441,45.588314],[8.704136,45.587683],[8.703588,45.587142],[8.702975,45.586735],[8.701964,45.58622],[8.701249,45.585872],[8.700866,45.585686],[8.700201,45.585387],[8.699472,45.585007],[8.698986,45.584727],[8.698552,45.584437],[8.697403,45.583597],[8.696829,45.58311],[8.696037,45.582424],[8.695656,45.58206],[8.695413,45.581828],[8.69489,45.581259],[8.694335,45.580563],[8.694152,45.580291],[8.693834,45.579789],[8.69339,45.578843],[8.693348,45.577846],[8.693346,45.577781],[8.693503,45.57716],[8.693817,45.576715],[8.693851,45.576666],[8.694419,45.576002],[8.695024,45.575518],[8.695474,45.575158],[8.696568,45.574378],[8.698897,45.572746],[8.701223,45.571402],[8.702406,45.570909],[8.703025,45.57072],[8.703368,45.570616],[8.704784,45.569969],[8.704857,45.569935],[8.705528,45.569154],[8.705816,45.567886],[8.706963,45.559374],[8.706911,45.558714],[8.706897,45.558545],[8.706879,45.558315],[8.706097,45.553589],[8.706165,45.552788],[8.707222,45.549064],[8.707651,45.547816],[8.707755,45.547517],[8.708522,45.545449],[8.709106,45.543902],[8.712891,45.537692],[8.716949,45.534317],[8.714924,45.528336],[8.714414,45.527876],[8.714046,45.527191],[8.712815,45.524875],[8.712562,45.524331],[8.712485,45.523911],[8.712425,45.523577],[8.712292,45.522029],[8.712565,45.521174],[8.71307,45.520131],[8.714388,45.517876],[8.715006,45.51695],[8.720502,45.508946],[8.722844,45.506024],[8.723513,45.505314],[8.72449,45.504497],[8.725556,45.503807],[8.727892,45.502399],[8.738535,45.498464],[8.748537,45.49821],[8.748858,45.498322],[8.74915,45.498423],[8.749232,45.498451],[8.749538,45.498498],[8.750376,45.498624],[8.750565,45.498653],[8.754956,45.498401],[8.756027,45.498327],[8.756212,45.498314],[8.756477,45.498238],[8.757083,45.498062],[8.760352,45.496847],[8.761336,45.495963],[8.761662,45.49567],[8.762641,45.494268],[8.763491,45.492857],[8.765175,45.491132],[8.768746,45.487827],[8.770172,45.486533],[8.771203,45.485912],[8.77175,45.485583],[8.773494,45.484704],[8.774533,45.484505],[8.775261,45.484366],[8.775597,45.484379],[8.777311,45.484449],[8.777462,45.484458],[8.778033,45.484498],[8.779384,45.484593],[8.779598,45.484608],[8.780476,45.484831],[8.781349,45.485052],[8.781419,45.485099],[8.781871,45.485398],[8.781976,45.485468],[8.782626,45.485899],[8.783699,45.486524],[8.784644,45.486796],[8.785911,45.486861],[8.786058,45.48683],[8.786782,45.486674],[8.787363,45.486311],[8.787488,45.486233],[8.788218,45.485188],[8.788993,45.484077],[8.790037,45.481864],[8.790581,45.480209],[8.790804,45.478742],[8.790808,45.478684],[8.790818,45.478542],[8.790887,45.477522],[8.790925,45.476951],[8.791204,45.470099],[8.789258,45.46555],[8.79743,45.457664],[8.810067,45.445977],[8.810203,45.445696],[8.810544,45.444986],[8.811825,45.440362],[8.811842,45.440244],[8.811856,45.440123],[8.811983,45.438967],[8.811513,45.43794],[8.814304,45.433622],[8.816486,45.434325],[8.819462,45.435199],[8.821277,45.435373],[8.823144,45.435321],[8.824321,45.435116],[8.824659,45.434933],[8.824948,45.434775],[8.825348,45.434402],[8.825833,45.433948],[8.826336,45.43259],[8.82584,45.431545],[8.825267,45.430761],[8.824374,45.430111],[8.822868,45.429434],[8.82192,45.426762],[8.824309,45.422406],[8.83031,45.411723],[8.841478,45.398542],[8.842897,45.393838],[8.840995,45.393105],[8.840064,45.392788],[8.833169,45.391374],[8.826388,45.391198],[8.825682,45.391791],[8.823291,45.392224],[8.82143,45.391856],[8.814163,45.390067],[8.811228,45.389108],[8.810818,45.388921],[8.810515,45.388783],[8.810658,45.387928],[8.810982,45.38665],[8.811536,45.385112],[8.812026,45.383835],[8.8119,45.383267],[8.810102,45.382292],[8.806926,45.380919],[8.804056,45.379879],[8.801543,45.379181],[8.794735,45.378989],[8.793381,45.37896],[8.779136,45.383272],[8.769053,45.387608],[8.764953,45.387591],[8.762398,45.382115],[8.764025,45.3773],[8.760887,45.376484],[8.759738,45.376383],[8.755048,45.376895],[8.745675,45.376487],[8.736177,45.375736],[8.723325,45.378883],[8.722914,45.37945],[8.722568,45.379692],[8.722096,45.379744],[8.719293,45.378379],[8.719077,45.37808],[8.71847,45.376819],[8.718484,45.376486],[8.719881,45.373024],[8.722242,45.370582],[8.73529,45.363169],[8.747489,45.356292],[8.75184,45.35686],[8.753371,45.357043],[8.75609,45.357211],[8.757228,45.356898],[8.760662,45.355696],[8.762675,45.350231],[8.762675,45.349934],[8.762538,45.348619],[8.762304,45.348392],[8.759377,45.34572],[8.755582,45.344482],[8.749167,45.341588],[8.74529,45.339497],[8.742908,45.336939],[8.735087,45.333405],[8.733895,45.333682],[8.724315,45.33581],[8.725748,45.330431],[8.723377,45.322036],[8.716672,45.308076],[8.708986,45.299173],[8.702753,45.296123],[8.702333,45.295969],[8.7012,45.295633],[8.693649,45.293723],[8.67616,45.292846],[8.666028,45.291917],[8.664888,45.292832],[8.663591,45.294331],[8.663486,45.294853],[8.660868,45.308473],[8.655711,45.325681],[8.654457,45.327006],[8.641493,45.333276],[8.63419,45.336943],[8.630633,45.346109],[8.628818,45.34978],[8.622863,45.355247],[8.608375,45.353082],[8.598238,45.34951],[8.590753,45.351923],[8.586897,45.351927],[8.584133,45.351134],[8.581904,45.350387],[8.580899,45.349997],[8.577851,45.347771],[8.571031,45.348632],[8.565667,45.350237],[8.559294,45.352292],[8.557205,45.353301],[8.553757,45.361523],[8.553196,45.361485],[8.551755,45.361317],[8.550851,45.356147],[8.542019,45.347804],[8.531895,45.344829],[8.527004,45.343656],[8.52665,45.34316],[8.526451,45.342547],[8.526365,45.34215],[8.526633,45.340702],[8.528158,45.336802],[8.532968,45.332204],[8.537734,45.320405],[8.526646,45.314396],[8.524894,45.313534],[8.523151,45.312862],[8.523013,45.312809],[8.521613,45.312278],[8.519755,45.311802],[8.519512,45.311765],[8.517717,45.311496],[8.515969,45.311498],[8.51473,45.311673],[8.514228,45.312156],[8.513544,45.313278],[8.513454,45.314052],[8.51279,45.316456],[8.510333,45.31786],[8.50692,45.319425],[8.499783,45.315775],[8.497823,45.313287],[8.496307,45.312677],[8.49408,45.311938],[8.492919,45.3121],[8.491715,45.312459],[8.490963,45.312829],[8.490322,45.313303],[8.486683,45.317194],[8.483061,45.32067],[8.476086,45.321993],[8.47579,45.321226],[8.47487,45.319836],[8.47284,45.320799],[8.472341,45.321058],[8.470888,45.321969],[8.464861,45.325825],[8.464199,45.3263],[8.462966,45.327184],[8.462898,45.327234],[8.462743,45.330014],[8.463122,45.331991],[8.467352,45.339124],[8.468055,45.339657],[8.471721,45.34228],[8.475293,45.341243],[8.492344,45.344907],[8.498577,45.34687],[8.499033,45.347223],[8.499448,45.347714],[8.499466,45.348179],[8.499388,45.349069],[8.499364,45.349241],[8.499344,45.349384],[8.499326,45.34951],[8.499132,45.350797],[8.498251,45.357796],[8.498333,45.35868],[8.498356,45.358931],[8.49842,45.361798],[8.497108,45.369979],[8.496505,45.37274],[8.496459,45.372924],[8.496426,45.373058],[8.496143,45.374178],[8.479925,45.379979],[8.47082,45.383344],[8.458912,45.380492],[8.453389,45.383032],[8.44549,45.391897],[8.441016,45.39696],[8.439781,45.401599],[8.438448,45.403681],[8.433492,45.409573],[8.428764,45.41079],[8.418015,45.40821],[8.410734,45.404747],[8.410683,45.401822],[8.409971,45.399415],[8.40844,45.397165],[8.40742,45.396944],[8.40055,45.396197],[8.400478,45.396369],[8.400513,45.397768],[8.400543,45.398945],[8.400546,45.399034],[8.401262,45.40274],[8.401809,45.405178],[8.402009,45.405697],[8.40204,45.405729],[8.402657,45.406379],[8.403081,45.406827],[8.403788,45.407695],[8.404417,45.410187],[8.404808,45.411918],[8.405238,45.413905],[8.406052,45.419081],[8.405591,45.429068],[8.405062,45.438175],[8.405887,45.443761],[8.408107,45.447445],[8.408404,45.448465],[8.408423,45.450335],[8.408391,45.45079],[8.40836,45.451168],[8.40822,45.451797],[8.408012,45.45215],[8.407925,45.452295],[8.407016,45.453492],[8.404293,45.45377],[8.401681,45.454733],[8.401553,45.455377],[8.402306,45.464975],[8.405637,45.470095],[8.405947,45.470108],[8.407824,45.470364],[8.407864,45.470375],[8.40963,45.470838],[8.411316,45.471281],[8.411666,45.471514],[8.414076,45.4751],[8.414045,45.475392],[8.413948,45.476229],[8.413809,45.477285],[8.411877,45.479972],[8.411449,45.480363],[8.411373,45.480432],[8.40962,45.48148],[8.409559,45.481517],[8.408021,45.482376],[8.40606,45.484118],[8.400746,45.491525],[8.401822,45.493169],[8.403217,45.500476],[8.40324,45.517299],[8.403109,45.528608],[8.400373,45.536632],[8.400029,45.54095],[8.39955,45.549148],[8.399357,45.553107],[8.399318,45.553908],[8.397831,45.562654],[8.394642,45.567669],[8.393943,45.568803],[8.393379,45.56987],[8.393192,45.570226],[8.392637,45.571366],[8.392131,45.57257],[8.391872,45.573376],[8.391753,45.573747],[8.391474,45.575145],[8.391252,45.576386],[8.391173,45.577677],[8.391196,45.578181],[8.391228,45.578254],[8.391314,45.578448],[8.39145,45.578754],[8.391862,45.57944],[8.39222,45.580036],[8.392505,45.580513],[8.392632,45.580723],[8.392651,45.580756],[8.393205,45.581864],[8.393237,45.581932],[8.393505,45.582668],[8.393703,45.583222],[8.393701,45.583348],[8.393567,45.587091],[8.392404,45.60408],[8.392096,45.607867],[8.391436,45.613907],[8.390873,45.616321],[8.390797,45.616645],[8.390529,45.617459],[8.390334,45.618052],[8.390274,45.618234],[8.390074,45.618705],[8.390045,45.618774],[8.390022,45.618802],[8.389325,45.619651],[8.389137,45.619879],[8.388957,45.620097],[8.384462,45.62436],[8.383296,45.625383],[8.373866,45.633644],[8.371664,45.63557],[8.371409,45.635792],[8.370023,45.635798],[8.367152,45.635706],[8.354815,45.637798],[8.347027,45.645138],[8.352281,45.649052],[8.351611,45.652788],[8.345252,45.656312],[8.340573,45.661312],[8.339473,45.662633],[8.33762,45.66498],[8.334547,45.669221],[8.332887,45.674074],[8.326416,45.680275],[8.318956,45.687215],[8.31157,45.695555],[8.310924,45.696375],[8.310573,45.697011],[8.310564,45.697187],[8.310737,45.698052],[8.310989,45.698431],[8.311208,45.698761],[8.311533,45.699226],[8.312347,45.700204],[8.312517,45.700372],[8.314927,45.702267],[8.320214,45.703829],[8.321778,45.703946],[8.322696,45.703808],[8.326332,45.702884],[8.349766,45.704221],[8.355019,45.706065],[8.356447,45.706343],[8.359656,45.70696],[8.362016,45.707189],[8.364508,45.707414],[8.364698,45.70742],[8.366902,45.707364],[8.367547,45.707278],[8.367907,45.707145],[8.368224,45.706999],[8.369207,45.706252],[8.36958,45.705881],[8.369779,45.70563],[8.369924,45.705446],[8.370044,45.705209],[8.370157,45.704984],[8.370235,45.70478],[8.370293,45.704629],[8.370414,45.704301],[8.370449,45.704207],[8.370528,45.703901],[8.371656,45.701846],[8.373639,45.699427],[8.374949,45.6986],[8.382805,45.696592],[8.383884,45.696382],[8.384368,45.696376],[8.385078,45.696406],[8.385176,45.696426],[8.385429,45.696477],[8.385715,45.696536],[8.387928,45.697623],[8.388088,45.697732],[8.38839,45.697941],[8.388561,45.698099],[8.391547,45.703704],[8.386325,45.706732],[8.382704,45.708981],[8.381333,45.710682],[8.381831,45.714165],[8.383668,45.720498],[8.378697,45.730399],[8.37541,45.737424],[8.371708,45.744451],[8.366039,45.74816],[8.357694,45.753532],[8.356941,45.75396],[8.356368,45.754532],[8.354459,45.756474],[8.353417,45.757693],[8.353027,45.758267],[8.352757,45.758778],[8.353476,45.76236],[8.353949,45.764257],[8.354092,45.764614],[8.35452,45.765372],[8.354583,45.765441],[8.355492,45.766435],[8.355974,45.766847],[8.356339,45.767066],[8.357169,45.767561],[8.357139,45.76759],[8.357045,45.767686],[8.352597,45.771374],[8.351935,45.771667],[8.349878,45.77237],[8.350431,45.772685],[8.353437,45.77398],[8.361315,45.777143],[8.363079,45.777754],[8.372825,45.784137],[8.375256,45.788353],[8.376988,45.797067],[8.37711,45.797699],[8.377143,45.797868],[8.377208,45.798207],[8.376907,45.798916],[8.37684,45.799017],[8.376787,45.799095],[8.373389,45.80085],[8.372709,45.801773],[8.376017,45.806647],[8.379868,45.809328],[8.382097,45.81264],[8.379838,45.817491],[8.377769,45.821318],[8.375383,45.828497],[8.377319,45.837697],[8.379044,45.839187],[8.38249,45.839804],[8.385251,45.839954],[8.391343,45.839572],[8.392779,45.83949],[8.39513,45.844588],[8.39927,45.854265],[8.406239,45.847135],[8.407912,45.842533],[8.407464,45.837776],[8.409222,45.831386],[8.409605,45.830848],[8.409864,45.830503],[8.410082,45.830338],[8.411137,45.830168],[8.415607,45.830034],[8.420015,45.83],[8.420289,45.83052],[8.42021,45.831546],[8.420366,45.833451],[8.420594,45.835558],[8.420649,45.835783],[8.421195,45.836385],[8.421735,45.836833],[8.422469,45.837376],[8.424937,45.838865],[8.428422,45.840003],[8.430806,45.84127],[8.435616,45.844278],[8.449242,45.855789],[8.452024,45.860682],[8.454349,45.86633],[8.456246,45.873301],[8.458636,45.874749],[8.473238,45.865719]]]]}},{"type":"Feature","properties":{"province":"oristano","geometryId":"uts:115","adminLevel":"province","name":"Oristano"},"geometry":{"type":"MultiPolygon","coordinates":[[[[8.275929,39.882279],[8.276306,39.882191],[8.276344,39.881921],[8.276347,39.881624],[8.276207,39.88142],[8.276151,39.881343],[8.275731,39.88126],[8.275072,39.881472],[8.274963,39.881813],[8.274999,39.881899],[8.275076,39.882084],[8.275379,39.882348],[8.275716,39.882487],[8.275929,39.882279]]],[[[8.311828,39.996736],[8.312129,39.996685],[8.313023,39.996487],[8.313452,39.996354],[8.312123,39.990219],[8.310904,39.989181],[8.302433,39.98408],[8.299773,39.984956],[8.300341,39.992113],[8.305719,39.994119],[8.310616,39.994916],[8.310843,39.995709],[8.311168,39.996144],[8.311828,39.996736]]],[[[8.403793,40.053257],[8.403607,40.053253],[8.40348,40.053261],[8.403271,40.05335],[8.402883,40.053608],[8.402864,40.053649],[8.402872,40.053718],[8.403053,40.054313],[8.403105,40.054388],[8.403291,40.054397],[8.403402,40.054365],[8.403455,40.054349],[8.403501,40.054334],[8.403536,40.054319],[8.403575,40.054302],[8.403603,40.054286],[8.404106,40.053985],[8.404235,40.053896],[8.404256,40.05383],[8.404271,40.053779],[8.404304,40.053635],[8.404212,40.053364],[8.404186,40.053333],[8.404158,40.053301],[8.404047,40.053273],[8.403793,40.053257]]],[[[8.486954,40.092456],[8.487142,40.092355],[8.487233,40.092232],[8.48717,40.092202],[8.486787,40.092264],[8.486555,40.092318],[8.486392,40.092516],[8.486358,40.092643],[8.486344,40.092695],[8.486507,40.092643],[8.486713,40.092579],[8.486954,40.092456]]],[[[8.486798,40.093509],[8.487327,40.093504],[8.487616,40.093496],[8.487854,40.092915],[8.487864,40.092797],[8.48749,40.092744],[8.487329,40.092839],[8.487275,40.092871],[8.487161,40.092977],[8.48704,40.093122],[8.486763,40.093476],[8.486798,40.093509]]],[[[8.485954,40.09426],[8.485921,40.094168],[8.485545,40.094389],[8.485565,40.094572],[8.48558,40.094667],[8.48578,40.094489],[8.4859,40.094331],[8.485954,40.09426]]],[[[8.486536,40.094446],[8.486519,40.094356],[8.486354,40.094437],[8.486262,40.094586],[8.486213,40.094831],[8.486517,40.094658],[8.486546,40.094497],[8.486536,40.094446]]],[[[8.45548,40.210345],[8.455551,40.210408],[8.455709,40.210364],[8.455949,40.210266],[8.45622,40.210017],[8.456383,40.209813],[8.456497,40.20962],[8.456513,40.209431],[8.456486,40.209327],[8.456337,40.20923],[8.456054,40.209082],[8.45597,40.209092],[8.454528,40.20998],[8.454744,40.210508],[8.45548,40.210345]]],[[[8.376807,40.360753],[8.376964,40.360745],[8.377654,40.360685],[8.377744,40.360663],[8.378037,40.360543],[8.378103,40.3605],[8.378163,40.360422],[8.378174,40.360328],[8.378155,40.360274],[8.378095,40.360228],[8.37769,40.359978],[8.377571,40.359933],[8.37748,40.359901],[8.377204,40.359859],[8.377151,40.359885],[8.376649,40.360185],[8.376605,40.36063],[8.376613,40.360693],[8.376695,40.360757],[8.376807,40.360753]]],[[[8.499708,40.426161],[8.500203,40.426154],[8.500557,40.42612],[8.511356,40.422779],[8.5119,40.422583],[8.514052,40.421691],[8.514419,40.421476],[8.515462,40.420562],[8.519241,40.41637],[8.52453,40.408482],[8.524829,40.407835],[8.525619,40.406009],[8.525664,40.405797],[8.525694,40.405641],[8.525766,40.405244],[8.52568,40.403276],[8.52556,40.401772],[8.528649,40.400796],[8.538097,40.402417],[8.544805,40.399122],[8.55054,40.39619],[8.553646,40.391463],[8.550326,40.387612],[8.552502,40.384513],[8.562183,40.381397],[8.56317,40.376355],[8.565079,40.370714],[8.569651,40.361136],[8.572242,40.359299],[8.575091,40.357589],[8.582906,40.356518],[8.586524,40.354026],[8.590348,40.343788],[8.591792,40.33782],[8.591848,40.334185],[8.611137,40.327201],[8.619286,40.322678],[8.620285,40.320664],[8.620247,40.318988],[8.619378,40.318769],[8.618097,40.318432],[8.617627,40.318295],[8.615477,40.317612],[8.61516,40.317431],[8.611444,40.308643],[8.613761,40.306813],[8.617831,40.302917],[8.616063,40.299253],[8.615065,40.296889],[8.614573,40.294329],[8.613956,40.291075],[8.614206,40.290697],[8.614395,40.290437],[8.614573,40.290203],[8.617735,40.28661],[8.621365,40.283225],[8.621743,40.278731],[8.618461,40.272576],[8.629012,40.263808],[8.632337,40.262116],[8.635894,40.261136],[8.667279,40.249681],[8.667863,40.248063],[8.668645,40.244351],[8.668732,40.243513],[8.668743,40.243315],[8.668782,40.242659],[8.668834,40.241793],[8.66886,40.241171],[8.668762,40.239739],[8.668706,40.239117],[8.668615,40.238468],[8.668431,40.237729],[8.668407,40.237635],[8.668154,40.236484],[8.667781,40.233447],[8.667489,40.230681],[8.667616,40.228726],[8.668788,40.222206],[8.669219,40.220649],[8.669567,40.219636],[8.669648,40.219398],[8.672196,40.212549],[8.673095,40.20893],[8.67267,40.204388],[8.672965,40.204218],[8.673448,40.204012],[8.673935,40.203894],[8.675411,40.203711],[8.68069,40.203194],[8.681183,40.203168],[8.68197,40.203144],[8.682404,40.203361],[8.682649,40.203776],[8.682742,40.204083],[8.682751,40.204587],[8.682754,40.204665],[8.682762,40.20484],[8.683006,40.20539],[8.685052,40.20754],[8.68531,40.207729],[8.685614,40.207919],[8.688485,40.209675],[8.689341,40.210128],[8.689939,40.2104],[8.694573,40.212097],[8.696885,40.212815],[8.697249,40.212906],[8.698846,40.213261],[8.699667,40.213418],[8.699773,40.213435],[8.701312,40.21361],[8.708736,40.214312],[8.709112,40.214306],[8.709606,40.214208],[8.709882,40.213992],[8.710409,40.21339],[8.710929,40.212643],[8.711129,40.212341],[8.711351,40.212005],[8.711899,40.211177],[8.713564,40.20919],[8.716065,40.206944],[8.717668,40.205651],[8.718116,40.205381],[8.718575,40.205229],[8.719022,40.205095],[8.72001,40.204836],[8.720504,40.20473],[8.721221,40.204668],[8.72202,40.204616],[8.722866,40.204654],[8.730373,40.204816],[8.740407,40.201956],[8.741231,40.201697],[8.74289,40.200979],[8.743126,40.200809],[8.743471,40.200255],[8.7438,40.199585],[8.744038,40.198946],[8.744156,40.198613],[8.745172,40.195305],[8.745268,40.193426],[8.744318,40.189729],[8.742765,40.185391],[8.74579,40.182679],[8.758545,40.190606],[8.764491,40.196247],[8.765276,40.196721],[8.767263,40.19622],[8.773143,40.194727],[8.773429,40.194641],[8.773531,40.194611],[8.776389,40.193553],[8.776707,40.19341],[8.777036,40.193248],[8.777413,40.192934],[8.77838,40.191908],[8.778578,40.191678],[8.790074,40.192151],[8.799299,40.193163],[8.81845,40.198577],[8.829856,40.202852],[8.836842,40.206394],[8.84494,40.208936],[8.848382,40.209497],[8.854596,40.21048],[8.855125,40.210553],[8.856899,40.210736],[8.857104,40.210733],[8.857498,40.210727],[8.858356,40.210593],[8.858733,40.210522],[8.860485,40.209956],[8.861284,40.209696],[8.862213,40.209373],[8.863025,40.209049],[8.863871,40.208879],[8.864694,40.208772],[8.864836,40.208762],[8.865869,40.208692],[8.867444,40.208604],[8.8699,40.208472],[8.875576,40.208189],[8.877433,40.208101],[8.879584,40.208041],[8.901652,40.207746],[8.904084,40.207784],[8.907739,40.207958],[8.91023,40.208104],[8.915047,40.208576],[8.916034,40.208802],[8.928993,40.211045],[8.944433,40.212522],[8.950508,40.21266],[8.957218,40.212068],[8.964456,40.213927],[8.973775,40.216524],[8.982095,40.2183],[8.982273,40.218296],[8.982494,40.218291],[8.982823,40.218219],[8.9832,40.218102],[8.984022,40.217796],[8.986949,40.216589],[8.989252,40.215553],[8.991239,40.214292],[8.991408,40.21395],[8.991181,40.212628],[8.990981,40.212013],[8.991733,40.208544],[8.996998,40.20531],[9.001309,40.203942],[9.003977,40.203436],[9.004518,40.203274],[9.004941,40.203076],[9.006257,40.202436],[9.007232,40.201895],[9.010592,40.200021],[9.011861,40.199255],[9.01253,40.198805],[9.013517,40.197859],[9.016266,40.194741],[9.01623,40.193822],[9.01395,40.190579],[9.010461,40.188165],[9.005638,40.185582],[9.000464,40.183706],[8.999865,40.1773],[9.002011,40.177236],[9.004936,40.175191],[9.009922,40.171479],[9.016647,40.164505],[9.016833,40.163988],[9.017546,40.161874],[9.018637,40.157523],[9.018964,40.155081],[9.018625,40.146315],[9.018553,40.146128],[9.018122,40.145036],[9.017944,40.144667],[9.017929,40.14464],[9.017662,40.144234],[9.011404,40.138189],[9.004522,40.13518],[9.003151,40.133811],[9.005921,40.131559],[9.00776,40.130817],[9.009779,40.129727],[9.014407,40.127161],[9.016061,40.12608],[9.017973,40.119061],[9.030298,40.100391],[9.032388,40.098467],[9.03525,40.095797],[9.035376,40.095479],[9.035399,40.094416],[9.035385,40.088187],[9.035415,40.080622],[9.036321,40.064306],[9.03652,40.063693],[9.038864,40.061872],[9.039275,40.061881],[9.043974,40.058357],[9.041253,40.056078],[9.037806,40.052838],[9.030894,40.043828],[9.026555,40.037676],[9.025898,40.037982],[9.025501,40.038171],[9.024762,40.038523],[9.023953,40.039028],[9.013475,40.045688],[9.006899,40.053067],[9.006747,40.053472],[9.006571,40.053833],[9.006407,40.054076],[9.006114,40.054446],[9.006034,40.054517],[9.005809,40.054707],[9.00534,40.054977],[9.001846,40.056248],[9.001461,40.056378],[9.00128,40.056424],[9.000252,40.056662],[8.992795,40.057752],[8.992526,40.05779],[8.992185,40.057833],[8.990348,40.057784],[8.989875,40.057716],[8.989441,40.057626],[8.988492,40.057346],[8.988152,40.057202],[8.98773,40.056968],[8.971999,40.047352],[8.965636,40.041809],[8.960165,40.035582],[8.952737,40.028837],[8.946522,40.021071],[8.946234,40.01407],[8.946602,40.008403],[8.94692,40.006745],[8.953335,39.997171],[8.957203,39.992622],[8.966447,39.989796],[8.974541,39.989618],[8.989054,39.987512],[9.000591,39.990783],[9.002102,39.991405],[9.006659,39.992252],[9.007022,39.992188],[9.007526,39.992098],[9.008079,39.991924],[9.008545,39.991774],[9.009107,39.991558],[9.009904,39.991233],[9.010395,39.990999],[9.01145,39.990386],[9.011965,39.990071],[9.012199,39.989818],[9.012422,39.989521],[9.017187,39.982439],[9.016683,39.979745],[9.010124,39.974826],[9.004303,39.969142],[9.004092,39.968916],[8.997324,39.96042],[8.994363,39.956573],[8.993378,39.946962],[8.99255,39.938941],[8.991834,39.935157],[8.990362,39.930381],[8.986782,39.922984],[8.98456,39.918596],[8.992214,39.916445],[8.996975,39.91766],[9.009261,39.916632],[9.019101,39.914811],[9.028695,39.914575],[9.035001,39.913032],[9.037703,39.912365],[9.03947,39.911599],[9.041702,39.909338],[9.04452,39.906254],[9.045818,39.90482],[9.046188,39.904397],[9.064349,39.896126],[9.079072,39.889711],[9.088236,39.884646],[9.094556,39.879713],[9.098769,39.873929],[9.100462,39.871972],[9.105392,39.86867],[9.106597,39.869137],[9.108891,39.870505],[9.109312,39.870766],[9.109582,39.871252],[9.109524,39.871874],[9.109431,39.87218],[9.109318,39.872485],[9.108394,39.874605],[9.107332,39.875921],[9.107243,39.87857],[9.109201,39.882055],[9.111039,39.883306],[9.113954,39.884925],[9.117841,39.886975],[9.126245,39.890732],[9.132492,39.885347],[9.136693,39.88044],[9.142339,39.873496],[9.151804,39.86515],[9.154122,39.861543],[9.158205,39.857591],[9.159804,39.856165],[9.160084,39.855921],[9.160469,39.855642],[9.160959,39.855461],[9.162081,39.855099],[9.162688,39.854909],[9.163985,39.8546],[9.164604,39.854464],[9.165107,39.854392],[9.172169,39.850381],[9.169913,39.840915],[9.169737,39.840347],[9.167929,39.83649],[9.1664,39.833279],[9.16558,39.832575],[9.165078,39.83247],[9.164458,39.832408],[9.163816,39.832607],[9.163361,39.832788],[9.162555,39.833258],[9.156371,39.837312],[9.147796,39.844594],[9.145132,39.845138],[9.140221,39.844432],[9.139871,39.84437],[9.138877,39.844164],[9.138187,39.843993],[9.137532,39.843751],[9.132129,39.841609],[9.130722,39.840218],[9.12753,39.839519],[9.119395,39.845861],[9.118426,39.846727],[9.116663,39.848062],[9.116056,39.848414],[9.115577,39.848667],[9.113522,39.849651],[9.111697,39.849158],[9.109725,39.84853],[9.109674,39.848511],[9.109276,39.848349],[9.108773,39.848142],[9.106528,39.847216],[9.106259,39.847018],[9.106035,39.846199],[9.105953,39.84582],[9.105776,39.844793],[9.10581,39.84409],[9.105844,39.84364],[9.106321,39.841964],[9.106507,39.841612],[9.104361,39.836992],[9.10155,39.832363],[9.101198,39.831949],[9.100414,39.831148],[9.100005,39.830806],[9.099595,39.830581],[9.098899,39.830255],[9.09562,39.828728],[9.093399,39.828442],[9.083206,39.826179],[9.081216,39.822874],[9.075909,39.81686],[9.069882,39.814693],[9.062275,39.810974],[9.061948,39.810812],[9.061597,39.810524],[9.061165,39.810092],[9.059135,39.808013],[9.057119,39.805904],[9.056347,39.805076],[9.055763,39.804382],[9.05533,39.80386],[9.055073,39.80349],[9.054722,39.802878],[9.054593,39.802545],[9.054534,39.802283],[9.05145,39.802078],[9.041721,39.803595],[9.030988,39.809599],[9.029645,39.810501],[9.029388,39.810762],[9.029306,39.811167],[9.029494,39.812591],[9.029669,39.81305],[9.031259,39.815293],[9.024367,39.819566],[9.013607,39.826154],[9.009693,39.827758],[9.007671,39.827731],[8.992223,39.826722],[8.986796,39.825582],[8.986549,39.825216],[8.983826,39.819293],[8.976758,39.805637],[8.974622,39.802591],[8.968168,39.797072],[8.954869,39.7834],[8.95452,39.781994],[8.954159,39.78084],[8.953611,39.779347],[8.953436,39.778888],[8.953086,39.778581],[8.95249,39.778473],[8.951997,39.77859],[8.951073,39.778993],[8.950765,39.779144],[8.942326,39.784226],[8.938491,39.789098],[8.930278,39.792346],[8.923992,39.793368],[8.911341,39.795045],[8.903643,39.795742],[8.895468,39.795239],[8.895143,39.795204],[8.889488,39.794585],[8.882437,39.792695],[8.889431,39.779421],[8.891764,39.775288],[8.894236,39.773377],[8.904038,39.772055],[8.912824,39.767431],[8.916092,39.763251],[8.920669,39.759074],[8.924287,39.758391],[8.916626,39.751692],[8.913922,39.748641],[8.912687,39.747073],[8.912268,39.746433],[8.905665,39.735534],[8.904842,39.730911],[8.908043,39.728409],[8.911974,39.725296],[8.912019,39.72526],[8.912435,39.7248],[8.913009,39.723426],[8.913115,39.723057],[8.913185,39.722435],[8.913174,39.722012],[8.913116,39.721732],[8.913,39.721559],[8.912953,39.721489],[8.91272,39.721281],[8.912499,39.721092],[8.903793,39.713994],[8.887976,39.706145],[8.879817,39.700627],[8.879715,39.699969],[8.879194,39.69677],[8.879111,39.696383],[8.878811,39.695014],[8.878708,39.69458],[8.878499,39.694228],[8.875041,39.690648],[8.871793,39.688098],[8.868961,39.686361],[8.864931,39.677761],[8.860754,39.667835],[8.847166,39.664926],[8.842598,39.663974],[8.842272,39.663928],[8.840185,39.663808],[8.839136,39.663951],[8.836522,39.664821],[8.836184,39.665046],[8.835681,39.665523],[8.828012,39.664647],[8.817448,39.660756],[8.804642,39.658011],[8.790281,39.654809],[8.78332,39.651796],[8.778194,39.645399],[8.770937,39.639158],[8.764142,39.635765],[8.757004,39.634412],[8.746555,39.630106],[8.737131,39.632932],[8.733831,39.635715],[8.729811,39.63888],[8.727311,39.639432],[8.71713,39.63758],[8.704574,39.638684],[8.702006,39.641403],[8.701892,39.64175],[8.701202,39.642451],[8.700324,39.643242],[8.700112,39.643429],[8.699225,39.644005],[8.69815,39.644533],[8.697123,39.644999],[8.695201,39.644832],[8.690833,39.644109],[8.690461,39.644044],[8.689856,39.643773],[8.688275,39.643002],[8.677587,39.635621],[8.668137,39.63435],[8.662092,39.64082],[8.661612,39.641251],[8.660584,39.64187],[8.660303,39.642031],[8.659953,39.642174],[8.65441,39.64353],[8.647984,39.646837],[8.64396,39.649623],[8.630641,39.653267],[8.627811,39.655087],[8.625923,39.659216],[8.62593,39.66237],[8.623824,39.666691],[8.615621,39.677672],[8.609988,39.686113],[8.608947,39.688831],[8.605979,39.689821],[8.600063,39.690947],[8.590224,39.691614],[8.579135,39.687456],[8.566728,39.687212],[8.56017,39.692008],[8.556003,39.694119],[8.554387,39.694824],[8.549306,39.696102],[8.548904,39.69602],[8.54877,39.695992],[8.5477,39.695483],[8.547328,39.695275],[8.545961,39.694206],[8.538965,39.693278],[8.521703,39.692811],[8.521326,39.69285],[8.518675,39.694114],[8.518249,39.694551],[8.518185,39.694762],[8.518076,39.69513],[8.518072,39.695157],[8.518018,39.695483],[8.518093,39.695803],[8.518273,39.696402],[8.5185,39.696899],[8.516747,39.699945],[8.512622,39.704279],[8.509618,39.705618],[8.506543,39.706444],[8.501401,39.710737],[8.502623,39.714279],[8.502926,39.714161],[8.50334,39.714758],[8.504635,39.716691],[8.505705,39.718332],[8.505729,39.718369],[8.506312,39.719273],[8.506439,39.71947],[8.506603,39.719724],[8.506677,39.71984],[8.507052,39.720526],[8.507309,39.721079],[8.507492,39.721607],[8.507589,39.721904],[8.50799,39.724235],[8.507991,39.725023],[8.507971,39.72531],[8.507852,39.725493],[8.509996,39.732857],[8.511285,39.73416],[8.51207,39.735065],[8.512741,39.73584],[8.520242,39.744706],[8.520252,39.746669],[8.513863,39.752028],[8.51188,39.753084],[8.521635,39.761186],[8.527563,39.766658],[8.531269,39.770422],[8.532449,39.771824],[8.532654,39.772091],[8.533086,39.772654],[8.533343,39.772994],[8.533837,39.773648],[8.534074,39.774013],[8.534238,39.774267],[8.5386,39.781647],[8.539269,39.782867],[8.539551,39.783381],[8.539615,39.783498],[8.54093,39.785927],[8.543433,39.790739],[8.543721,39.79138],[8.544964,39.794151],[8.545171,39.794665],[8.545366,39.795189],[8.54709,39.803232],[8.547757,39.806388],[8.549831,39.816605],[8.55181,39.825576],[8.553456,39.832089],[8.553552,39.832332],[8.553612,39.83254],[8.55373,39.832955],[8.553739,39.832991],[8.553978,39.833893],[8.554024,39.834064],[8.554162,39.834795],[8.554594,39.837301],[8.554662,39.837867],[8.554759,39.838761],[8.555481,39.847328],[8.555526,39.848315],[8.555538,39.848594],[8.555542,39.849783],[8.55547,39.850567],[8.555428,39.851017],[8.555386,39.851453],[8.555093,39.852818],[8.55478,39.854168],[8.553845,39.857769],[8.553586,39.85875],[8.553274,39.859568],[8.553045,39.860169],[8.55289,39.860468],[8.552818,39.860607],[8.552656,39.860918],[8.545825,39.860343],[8.552916,39.861876],[8.555107,39.862148],[8.556076,39.862264],[8.556127,39.862243],[8.556845,39.861907],[8.556955,39.861854],[8.557339,39.86167],[8.565549,39.860129],[8.569492,39.863742],[8.564003,39.864878],[8.552013,39.86398],[8.544242,39.866011],[8.540118,39.868801],[8.539942,39.868977],[8.539755,39.869163],[8.539816,39.869795],[8.543227,39.873495],[8.544501,39.874851],[8.539464,39.888445],[8.539001,39.889434],[8.538567,39.890135],[8.537844,39.891214],[8.537641,39.891492],[8.537018,39.892102],[8.531742,39.897074],[8.531443,39.897347],[8.529665,39.898862],[8.524025,39.902363],[8.518,39.904886],[8.513234,39.90656],[8.508798,39.907578],[8.50873,39.907593],[8.505675,39.907855],[8.49808,39.906683],[8.491052,39.905408],[8.491039,39.905882],[8.488504,39.906354],[8.482295,39.904228],[8.468109,39.904173],[8.467955,39.904159],[8.467457,39.904048],[8.466652,39.903756],[8.466515,39.90366],[8.466458,39.90362],[8.466276,39.90188],[8.467283,39.901234],[8.467619,39.9011],[8.469085,39.901465],[8.455037,39.890646],[8.446681,39.884418],[8.444249,39.882523],[8.441934,39.880016],[8.441798,39.879808],[8.441502,39.879356],[8.441372,39.879158],[8.441401,39.872885],[8.43935,39.864021],[8.437322,39.859204],[8.436791,39.858366],[8.436504,39.858108],[8.436449,39.858059],[8.435496,39.857967],[8.435241,39.858092],[8.434784,39.858366],[8.43253,39.86027],[8.432456,39.860392],[8.432145,39.860895],[8.432049,39.861206],[8.431888,39.86174],[8.431751,39.862197],[8.431837,39.862641],[8.432332,39.865184],[8.433204,39.865639],[8.434072,39.865792],[8.434314,39.865834],[8.434378,39.865807],[8.437808,39.867167],[8.438149,39.867439],[8.43834,39.867592],[8.438347,39.867628],[8.43852,39.86853],[8.438525,39.868576],[8.438529,39.86862],[8.438663,39.871009],[8.438568,39.875294],[8.438472,39.875738],[8.438387,39.876125],[8.438102,39.877087],[8.43807,39.877194],[8.438043,39.877285],[8.436106,39.881583],[8.432733,39.886187],[8.432122,39.886967],[8.432091,39.887005],[8.43106,39.888207],[8.42322,39.894268],[8.420428,39.895894],[8.411814,39.90003],[8.40523,39.899403],[8.403721,39.898849],[8.402138,39.898509],[8.402091,39.898531],[8.401986,39.898581],[8.401496,39.898954],[8.401096,39.899427],[8.400376,39.900351],[8.400151,39.900773],[8.399784,39.901461],[8.399496,39.902121],[8.398808,39.903741],[8.397894,39.908195],[8.398208,39.910129],[8.399314,39.916987],[8.400739,39.934057],[8.401262,39.941113],[8.401364,39.956989],[8.401101,39.958441],[8.400639,39.960691],[8.400242,39.962491],[8.39949,39.96564],[8.39869,39.968108],[8.398582,39.968338],[8.39765,39.970316],[8.397405,39.970585],[8.396902,39.971137],[8.396424,39.971662],[8.396311,39.971737],[8.395685,39.97215],[8.395138,39.97237],[8.393792,39.972903],[8.393376,39.972924],[8.393886,39.979912],[8.399885,39.986645],[8.406839,39.995298],[8.410496,40.002582],[8.413912,40.013774],[8.414051,40.014496],[8.414117,40.016405],[8.414082,40.016999],[8.414063,40.017067],[8.413841,40.017863],[8.413103,40.019814],[8.406661,40.028979],[8.406105,40.029643],[8.405989,40.029782],[8.404574,40.030974],[8.40188,40.032531],[8.399933,40.033017],[8.399465,40.032974],[8.398702,40.0329],[8.397151,40.03275],[8.395196,40.031733],[8.39506,40.031614],[8.39462,40.030526],[8.391689,40.029569],[8.385846,40.029535],[8.380933,40.029617],[8.378391,40.030116],[8.37734,40.033546],[8.377002,40.034781],[8.377242,40.03573],[8.379892,40.039183],[8.383976,40.042076],[8.389085,40.043797],[8.392399,40.042636],[8.396023,40.043783],[8.39657,40.043975],[8.396844,40.044217],[8.397123,40.044462],[8.397151,40.044487],[8.399103,40.046274],[8.399152,40.048449],[8.398931,40.048783],[8.398268,40.050441],[8.399078,40.05123],[8.399125,40.051275],[8.402577,40.051797],[8.403447,40.051135],[8.405149,40.047981],[8.406812,40.044062],[8.40697,40.043513],[8.407403,40.043233],[8.407993,40.042851],[8.408199,40.042717],[8.408489,40.04253],[8.410225,40.04171],[8.412423,40.041198],[8.414141,40.04128],[8.414737,40.041325],[8.417964,40.041935],[8.419134,40.042187],[8.419719,40.042313],[8.420304,40.042507],[8.423209,40.043488],[8.425937,40.044469],[8.426148,40.044555],[8.426253,40.044601],[8.426899,40.045072],[8.427067,40.045434],[8.433256,40.050501],[8.434823,40.05158],[8.437928,40.052325],[8.440218,40.051348],[8.440313,40.051176],[8.440709,40.049664],[8.441382,40.048549],[8.441451,40.048504],[8.44162,40.048405],[8.44182,40.048316],[8.44302,40.047873],[8.443574,40.047721],[8.444285,40.047803],[8.451622,40.050072],[8.453646,40.050787],[8.4537,40.050806],[8.454814,40.051391],[8.456616,40.052415],[8.459838,40.054607],[8.460063,40.05477],[8.460399,40.055016],[8.469384,40.062268],[8.474503,40.066604],[8.478602,40.070175],[8.48848,40.079138],[8.489335,40.080178],[8.492777,40.086554],[8.487824,40.09399],[8.489054,40.1007],[8.488344,40.105454],[8.486707,40.111618],[8.485756,40.114912],[8.484901,40.117782],[8.484497,40.118384],[8.483968,40.119098],[8.480856,40.121944],[8.475927,40.126487],[8.472838,40.129521],[8.471514,40.130975],[8.465502,40.141794],[8.459437,40.152132],[8.458299,40.154142],[8.458261,40.15465],[8.459799,40.162233],[8.461243,40.171555],[8.461351,40.172263],[8.46134,40.172317],[8.461182,40.172713],[8.461161,40.172767],[8.460283,40.174417],[8.460053,40.174716],[8.459699,40.174923],[8.45964,40.174958],[8.459435,40.175047],[8.45931,40.175091],[8.457797,40.175337],[8.457074,40.17527],[8.457107,40.177378],[8.459192,40.184019],[8.461915,40.18732],[8.464905,40.192105],[8.46742,40.199986],[8.464758,40.204785],[8.463118,40.207471],[8.462103,40.214043],[8.465938,40.224034],[8.46616,40.227037],[8.465975,40.227355],[8.465733,40.227588],[8.465575,40.227713],[8.46533,40.227843],[8.467645,40.234006],[8.469917,40.23711],[8.474333,40.246551],[8.476827,40.256923],[8.479148,40.267068],[8.482743,40.271215],[8.483565,40.275521],[8.483116,40.283492],[8.482458,40.28512],[8.482072,40.285777],[8.48062,40.286753],[8.479002,40.287443],[8.477408,40.287847],[8.475457,40.287847],[8.471388,40.290907],[8.466926,40.297786],[8.465128,40.306041],[8.465421,40.307321],[8.46573,40.309306],[8.465671,40.310469],[8.465273,40.311657],[8.463676,40.31535],[8.461877,40.316626],[8.459433,40.318256],[8.456338,40.319255],[8.453861,40.319968],[8.447363,40.31946],[8.446791,40.319202],[8.445272,40.31868],[8.444432,40.318436],[8.443019,40.318569],[8.44223,40.319006],[8.438525,40.321668],[8.4351,40.326094],[8.433794,40.328375],[8.433904,40.330461],[8.432752,40.333068],[8.430981,40.333735],[8.426878,40.33494],[8.42291,40.335569],[8.419694,40.33582],[8.406022,40.336562],[8.396057,40.339756],[8.395121,40.339904],[8.392747,40.339928],[8.391867,40.339578],[8.391449,40.339038],[8.390776,40.338127],[8.390697,40.337737],[8.390456,40.33765],[8.390284,40.337591],[8.389523,40.337379],[8.384247,40.338101],[8.383048,40.338435],[8.382642,40.338998],[8.383481,40.341415],[8.38473,40.343804],[8.383946,40.35026],[8.381748,40.351843],[8.379581,40.357633],[8.379259,40.359974],[8.379316,40.360199],[8.380007,40.361933],[8.380205,40.362186],[8.380979,40.362487],[8.382425,40.36281],[8.384976,40.363365],[8.389384,40.371118],[8.390478,40.378182],[8.393038,40.386344],[8.397524,40.396219],[8.399753,40.403627],[8.399756,40.407563],[8.401092,40.40672],[8.407038,40.402021],[8.411175,40.397852],[8.422535,40.393712],[8.426443,40.394154],[8.434778,40.397791],[8.439602,40.397282],[8.439535,40.396822],[8.439503,40.396471],[8.439894,40.396229],[8.440201,40.39606],[8.440662,40.395945],[8.442636,40.395658],[8.443086,40.395605],[8.44323,40.395591],[8.443634,40.3956],[8.443668,40.395608],[8.444175,40.395746],[8.447428,40.39713],[8.44928,40.398021],[8.453588,40.40014],[8.454057,40.400576],[8.454177,40.400735],[8.454372,40.400992],[8.456095,40.403622],[8.457642,40.406107],[8.457992,40.406604],[8.458414,40.406876],[8.458919,40.407158],[8.459577,40.407332],[8.460495,40.407571],[8.469942,40.409659],[8.471039,40.40952],[8.473097,40.408584],[8.474649,40.407937],[8.477779,40.408227],[8.479071,40.408701],[8.48284,40.410637],[8.48352,40.411072],[8.483781,40.411253],[8.48386,40.411308],[8.485781,40.412893],[8.486499,40.41388],[8.486516,40.413905],[8.486749,40.414267],[8.487202,40.415034],[8.487585,40.415865],[8.487643,40.417496],[8.487612,40.41903],[8.487608,40.419072],[8.487628,40.419532],[8.487811,40.420325],[8.487985,40.420651],[8.488242,40.420949],[8.488663,40.421428],[8.489706,40.422226],[8.490327,40.422697],[8.494403,40.425555],[8.494878,40.425699],[8.496671,40.426027],[8.499708,40.426161]]]]}},{"type":"Feature","properties":{"province":"padova","geometryId":"uts:28","adminLevel":"province","name":"Padova"},"geometry":{"type":"MultiPolygon","coordinates":[[[[11.840964,45.677103],[11.840582,45.678251],[11.840128,45.679619],[11.839765,45.680886],[11.839254,45.682951],[11.841932,45.683343],[11.865464,45.670649],[11.876155,45.666068],[11.88359,45.660615],[11.890538,45.64096],[11.893587,45.633152],[11.889448,45.631771],[11.891749,45.622622],[11.896901,45.614822],[11.897927,45.61332],[11.898107,45.613091],[11.898172,45.61312],[11.898646,45.613338],[11.900733,45.615994],[11.90123,45.616684],[11.901726,45.617589],[11.901705,45.618436],[11.900485,45.623121],[11.900196,45.623749],[11.899257,45.624943],[11.898368,45.625866],[11.897956,45.626317],[11.897945,45.626866],[11.898336,45.627235],[11.898436,45.627291],[11.898721,45.627451],[11.899113,45.627672],[11.899288,45.627768],[11.899775,45.627947],[11.900046,45.628046],[11.901095,45.627984],[11.905208,45.626619],[11.907864,45.625408],[11.911099,45.620996],[11.911555,45.62039],[11.91223,45.619797],[11.913218,45.619254],[11.913315,45.619202],[11.916501,45.618554],[11.91714,45.61852],[11.917399,45.61881],[11.91746,45.619736],[11.91749,45.62032],[11.917668,45.621026],[11.917964,45.621541],[11.918374,45.62153],[11.922665,45.62116],[11.924113,45.620636],[11.927714,45.618908],[11.930772,45.61673],[11.93271,45.615528],[11.940311,45.613509],[11.94233,45.613093],[11.944558,45.61327],[11.952044,45.612446],[11.960455,45.609474],[11.96543,45.609948],[11.976979,45.618064],[11.986537,45.62317],[11.999283,45.622624],[12.005254,45.622431],[12.005762,45.624528],[12.004874,45.625677],[12.004313,45.626691],[12.004125,45.627497],[12.004057,45.632224],[12.004114,45.633452],[12.004525,45.63619],[12.004748,45.636985],[12.006285,45.64077],[12.008425,45.642406],[12.021724,45.646781],[12.023431,45.647266],[12.028038,45.647972],[12.029722,45.648027],[12.030913,45.647743],[12.049867,45.645294],[12.056202,45.640318],[12.056639,45.639613],[12.05783,45.639113],[12.059011,45.638649],[12.059642,45.638452],[12.060276,45.638318],[12.067944,45.637275],[12.068825,45.637466],[12.068944,45.637492],[12.069946,45.637978],[12.071067,45.638533],[12.072316,45.639318],[12.077454,45.632499],[12.081691,45.623672],[12.087789,45.617109],[12.088185,45.60904],[12.08725,45.608996],[12.087073,45.608983],[12.086787,45.608684],[12.086044,45.606465],[12.085986,45.605715],[12.087333,45.599704],[12.091751,45.598432],[12.092451,45.598332],[12.09217,45.594388],[12.088966,45.588345],[12.083679,45.583439],[12.077118,45.581151],[12.066351,45.57774],[12.062197,45.575931],[12.056381,45.572363],[12.038288,45.571235],[12.034042,45.565695],[12.031884,45.544631],[12.031623,45.534328],[12.028802,45.526752],[12.026321,45.52016],[12.024683,45.520744],[12.023028,45.524699],[12.018353,45.528658],[12.01499,45.530265],[12.013377,45.530891],[12.012089,45.531265],[12.010606,45.531652],[12.008,45.531964],[12.007819,45.5317],[12.007682,45.531486],[12.003609,45.521862],[11.998049,45.517988],[11.995738,45.511869],[12.003569,45.509205],[11.994632,45.48529],[11.990404,45.474155],[11.990138,45.473455],[11.989969,45.47339],[11.989432,45.473513],[11.984377,45.474675],[11.983207,45.474944],[11.983561,45.476087],[11.981987,45.476272],[11.979578,45.471033],[11.977346,45.464246],[11.978305,45.456466],[11.978432,45.456211],[11.979495,45.454293],[11.979935,45.453903],[11.981886,45.452826],[11.982399,45.452635],[11.982927,45.452439],[11.987732,45.451638],[11.988138,45.451587],[11.989632,45.451404],[11.989821,45.451507],[11.998217,45.450533],[12.003111,45.447679],[12.004412,45.447383],[12.008307,45.447038],[12.009474,45.447097],[12.011353,45.44757],[12.014876,45.448584],[12.016733,45.449846],[12.016954,45.450428],[12.017249,45.451176],[12.017846,45.451575],[12.019606,45.45124],[12.020654,45.450987],[12.026313,45.44847],[12.026969,45.44712],[12.025919,45.443989],[12.025372,45.443085],[12.019161,45.429019],[12.014884,45.423902],[12.014651,45.423975],[12.012907,45.424287],[12.010655,45.424599],[12.008383,45.424901],[12.005364,45.425098],[12.003724,45.425033],[11.99806,45.424052],[11.995956,45.422573],[11.994785,45.418132],[11.996026,45.41483],[11.997086,45.414586],[11.998624,45.414177],[12.001276,45.413342],[12.002187,45.412931],[12.00272,45.41262],[12.003756,45.411179],[12.004038,45.410713],[12.002817,45.408423],[12.001545,45.40835],[11.999794,45.408251],[11.999677,45.408244],[11.999054,45.408238],[11.992391,45.40821],[11.992263,45.408211],[11.98406,45.408373],[11.980021,45.408453],[11.975998,45.403431],[11.975062,45.401453],[11.975027,45.396602],[11.975344,45.396551],[11.978611,45.39605],[11.978768,45.396027],[11.979375,45.395994],[11.979709,45.395976],[11.981609,45.396085],[11.984051,45.396169],[11.984906,45.396148],[11.985441,45.396132],[11.986276,45.396069],[11.986536,45.39605],[11.987716,45.395902],[11.988673,45.395625],[11.98927,45.39533],[11.990337,45.394726],[11.990734,45.394491],[11.991141,45.394219],[11.991497,45.393949],[11.993674,45.388725],[11.994789,45.385167],[11.994261,45.384596],[11.994184,45.384413],[11.994041,45.38407],[11.992805,45.380936],[11.994098,45.37982],[11.997339,45.377593],[12.009636,45.372246],[12.02629,45.366522],[12.031815,45.36453],[12.033886,45.357764],[12.026751,45.353152],[12.014213,45.343566],[12.017299,45.337184],[12.014607,45.335785],[12.016184,45.331117],[12.017251,45.328631],[12.018059,45.32675],[12.020691,45.323013],[12.021361,45.322167],[12.022515,45.321318],[12.027854,45.318062],[12.034781,45.314223],[12.048225,45.312886],[12.055366,45.319579],[12.062649,45.321652],[12.06844,45.321519],[12.071566,45.326327],[12.079074,45.332075],[12.082971,45.332158],[12.084617,45.332141],[12.086379,45.331922],[12.086918,45.331813],[12.087721,45.331649],[12.087805,45.331632],[12.09291,45.329765],[12.094039,45.329176],[12.100652,45.325009],[12.102686,45.322299],[12.102713,45.317428],[12.11088,45.306746],[12.111397,45.30639],[12.11642,45.303795],[12.116788,45.303646],[12.118093,45.303119],[12.122037,45.302003],[12.123736,45.301588],[12.127525,45.300908],[12.135418,45.299719],[12.136608,45.299584],[12.137028,45.29954],[12.137478,45.29956],[12.138328,45.299598],[12.139023,45.29963],[12.139152,45.299673],[12.14166,45.300523],[12.148422,45.301611],[12.161799,45.302088],[12.165961,45.302161],[12.185366,45.302233],[12.187035,45.301277],[12.189975,45.297091],[12.190137,45.296854],[12.190323,45.29658],[12.190788,45.295898],[12.190104,45.293703],[12.189947,45.292501],[12.18955,45.2894],[12.189654,45.288179],[12.189797,45.287554],[12.191132,45.284978],[12.192667,45.283927],[12.195808,45.283101],[12.196348,45.282942],[12.1998,45.280847],[12.205602,45.274068],[12.206186,45.273124],[12.203497,45.264765],[12.203276,45.264146],[12.202967,45.263277],[12.202076,45.260809],[12.201622,45.259644],[12.201391,45.259054],[12.195856,45.248327],[12.192794,45.243262],[12.193377,45.239808],[12.195546,45.237389],[12.195474,45.237194],[12.195307,45.236753],[12.195255,45.236665],[12.195196,45.236567],[12.195012,45.236264],[12.194775,45.235876],[12.1946,45.235615],[12.194164,45.234966],[12.193687,45.2343],[12.19365,45.23425],[12.193484,45.234031],[12.19327,45.233848],[12.185215,45.231053],[12.182666,45.230185],[12.182014,45.229965],[12.181653,45.229843],[12.168419,45.226268],[12.161941,45.22591],[12.158769,45.225964],[12.158115,45.225884],[12.157306,45.225528],[12.157165,45.225449],[12.156819,45.225253],[12.154775,45.221838],[12.153976,45.215346],[12.153807,45.208792],[12.153813,45.208633],[12.153816,45.208566],[12.153825,45.208409],[12.153837,45.208188],[12.154486,45.207747],[12.154696,45.207606],[12.164721,45.204907],[12.171378,45.200743],[12.171066,45.198799],[12.178774,45.196613],[12.182446,45.197167],[12.183703,45.19733],[12.18504,45.19687],[12.185024,45.196366],[12.184637,45.195819],[12.183852,45.195143],[12.180696,45.194951],[12.180056,45.194925],[12.178151,45.194849],[12.17632,45.194775],[12.166716,45.194393],[12.1629,45.194313],[12.156819,45.194198],[12.156504,45.194198],[12.155113,45.1942],[12.152403,45.19423],[12.150875,45.194695],[12.145803,45.19668],[12.144579,45.19756],[12.143006,45.198828],[12.142508,45.199243],[12.142081,45.1996],[12.135682,45.203872],[12.125772,45.20914],[12.123035,45.210369],[12.08163,45.203335],[12.066452,45.200703],[12.059612,45.199499],[12.049038,45.197618],[12.046674,45.197201],[12.031152,45.194743],[12.023032,45.193636],[12.021935,45.193493],[12.021652,45.193453],[12.013699,45.192311],[12.000359,45.190393],[11.978938,45.18731],[11.977809,45.187146],[11.975579,45.184161],[11.973533,45.180054],[11.97534,45.168838],[11.975583,45.167643],[11.976619,45.16262],[11.980785,45.162476],[11.981841,45.162475],[11.982612,45.162617],[11.982963,45.162752],[11.983427,45.155565],[11.971093,45.150133],[11.969378,45.149379],[11.969229,45.149429],[11.968578,45.149652],[11.967283,45.150094],[11.966266,45.150441],[11.96543,45.150224],[11.963488,45.14972],[11.962232,45.149394],[11.961946,45.14932],[11.966835,45.13831],[11.968055,45.135562],[11.968754,45.133991],[11.967354,45.13366],[11.966212,45.133483],[11.963109,45.133482],[11.958328,45.133742],[11.954793,45.134238],[11.950443,45.134963],[11.948467,45.135356],[11.94694,45.135846],[11.945534,45.13644],[11.944053,45.137567],[11.942239,45.138892],[11.940924,45.139791],[11.938858,45.141158],[11.937537,45.141939],[11.93593,45.142593],[11.935066,45.142867],[11.934097,45.143013],[11.933261,45.143138],[11.931281,45.143225],[11.926541,45.143302],[11.924472,45.143139],[11.922729,45.142634],[11.92132,45.14195],[11.920398,45.141083],[11.919681,45.140237],[11.911689,45.136652],[11.898382,45.133561],[11.897185,45.133285],[11.895484,45.133346],[11.893755,45.133606],[11.891539,45.134292],[11.891292,45.134438],[11.880067,45.135042],[11.865308,45.133397],[11.863806,45.133119],[11.858874,45.132136],[11.857163,45.131747],[11.845185,45.128463],[11.83632,45.125596],[11.835853,45.124843],[11.835781,45.124728],[11.83403,45.122764],[11.833385,45.122321],[11.832354,45.122036],[11.832277,45.122015],[11.830562,45.121797],[11.824896,45.12137],[11.823424,45.121424],[11.821683,45.121719],[11.819758,45.122384],[11.819433,45.122495],[11.818004,45.122909],[11.816675,45.123283],[11.815039,45.123387],[11.813056,45.123139],[11.808027,45.121192],[11.806828,45.120582],[11.805666,45.119711],[11.792107,45.109439],[11.777944,45.101017],[11.773458,45.098475],[11.762882,45.096009],[11.76125,45.095634],[11.759499,45.095434],[11.758226,45.095384],[11.756757,45.095491],[11.755236,45.095852],[11.745614,45.096885],[11.737432,45.09773],[11.729403,45.097805],[11.718291,45.100393],[11.717231,45.101102],[11.715649,45.101509],[11.715045,45.10164],[11.714504,45.101752],[11.713632,45.101863],[11.7119,45.102048],[11.71024,45.102159],[11.708826,45.102094],[11.707595,45.101862],[11.706402,45.101629],[11.705358,45.101339],[11.702041,45.100319],[11.699094,45.099489],[11.696805,45.098922],[11.695905,45.098709],[11.694453,45.098635],[11.693122,45.098973],[11.690606,45.099815],[11.688971,45.100439],[11.686126,45.101577],[11.684894,45.102128],[11.678673,45.103913],[11.66997,45.105723],[11.664267,45.104079],[11.66296,45.103866],[11.66205,45.103969],[11.655073,45.105635],[11.653839,45.106167],[11.65247,45.107081],[11.640299,45.108606],[11.619324,45.109134],[11.610148,45.110587],[11.606445,45.113849],[11.600812,45.117173],[11.59999,45.11757],[11.598914,45.117936],[11.597159,45.118219],[11.595297,45.118361],[11.590777,45.117662],[11.581408,45.120512],[11.580768,45.121544],[11.580303,45.122229],[11.579819,45.122771],[11.579227,45.123163],[11.578455,45.123531],[11.577591,45.123821],[11.577038,45.123968],[11.57411,45.124169],[11.572551,45.124148],[11.565055,45.121871],[11.553813,45.119828],[11.55211,45.120136],[11.550571,45.120404],[11.548885,45.120523],[11.544657,45.120644],[11.528912,45.12085],[11.527309,45.120823],[11.526136,45.12075],[11.525394,45.120649],[11.522157,45.12018],[11.520215,45.119674],[11.518807,45.119183],[11.517541,45.118428],[11.51664,45.117323],[11.516012,45.116265],[11.51594,45.116141],[11.515434,45.114766],[11.507043,45.10837],[11.496098,45.103704],[11.494591,45.103251],[11.492982,45.10307],[11.49172,45.103287],[11.476575,45.10672],[11.473318,45.107477],[11.469167,45.108494],[11.468015,45.108822],[11.462911,45.110807],[11.461276,45.111509],[11.445639,45.118646],[11.427612,45.124679],[11.416906,45.129333],[11.417233,45.129621],[11.417824,45.130144],[11.418299,45.130671],[11.418618,45.131027],[11.418704,45.131124],[11.418776,45.131223],[11.419393,45.132073],[11.420652,45.133855],[11.423627,45.138639],[11.424232,45.139721],[11.4247,45.140575],[11.425988,45.143644],[11.426727,45.145456],[11.428174,45.149365],[11.427632,45.150819],[11.418853,45.157172],[11.421675,45.166429],[11.417523,45.168443],[11.414359,45.170692],[11.4087,45.174976],[11.407982,45.177565],[11.40681,45.185088],[11.404202,45.202998],[11.402448,45.218294],[11.399971,45.225028],[11.399732,45.2257],[11.400157,45.227515],[11.400842,45.230069],[11.402237,45.235122],[11.40462,45.236999],[11.405047,45.237182],[11.405412,45.237473],[11.406168,45.238076],[11.406418,45.238806],[11.406517,45.239095],[11.406523,45.239758],[11.406528,45.240265],[11.406176,45.24309],[11.406104,45.243346],[11.405788,45.244457],[11.405582,45.24513],[11.405463,45.245517],[11.405063,45.246606],[11.404603,45.247393],[11.404369,45.247792],[11.404349,45.247827],[11.404065,45.248232],[11.403931,45.248424],[11.403592,45.248905],[11.401481,45.251416],[11.401145,45.251612],[11.400394,45.251925],[11.399778,45.252136],[11.398943,45.252289],[11.397967,45.252408],[11.396785,45.252469],[11.395429,45.252345],[11.394459,45.25232],[11.39325,45.252354],[11.392817,45.25238],[11.392309,45.25241],[11.390877,45.252625],[11.390773,45.253214],[11.390703,45.253623],[11.390851,45.254403],[11.392359,45.258764],[11.392601,45.259371],[11.393101,45.259603],[11.393472,45.259776],[11.401129,45.263315],[11.407177,45.262557],[11.415706,45.258092],[11.423665,45.25425],[11.426158,45.253631],[11.428756,45.255079],[11.438665,45.258793],[11.451283,45.261168],[11.464751,45.26195],[11.476481,45.2594],[11.477553,45.258855],[11.478217,45.25865],[11.478813,45.258468],[11.479964,45.258506],[11.480292,45.258516],[11.481429,45.258888],[11.482876,45.260197],[11.483805,45.261041],[11.484264,45.261536],[11.484607,45.261906],[11.484667,45.261991],[11.485137,45.262651],[11.487024,45.265954],[11.490864,45.264785],[11.526309,45.258668],[11.528352,45.25847],[11.529932,45.258444],[11.533506,45.258581],[11.535184,45.25876],[11.541243,45.259459],[11.545466,45.260097],[11.547259,45.260309],[11.557993,45.261491],[11.563295,45.262038],[11.56717,45.261753],[11.570987,45.261355],[11.574911,45.260733],[11.575196,45.260654],[11.575981,45.260439],[11.577771,45.259147],[11.5784,45.258692],[11.590008,45.256367],[11.606423,45.255526],[11.609681,45.255703],[11.61301,45.256227],[11.6151,45.257695],[11.616367,45.25936],[11.610545,45.261481],[11.603914,45.263954],[11.594712,45.267576],[11.588867,45.269968],[11.582539,45.272649],[11.580309,45.287291],[11.580215,45.297879],[11.580234,45.298581],[11.58031,45.299974],[11.580468,45.301186],[11.58086,45.302172],[11.581173,45.302952],[11.58184,45.304161],[11.582782,45.305796],[11.583943,45.307498],[11.585112,45.309083],[11.587438,45.311974],[11.588303,45.313035],[11.589931,45.313772],[11.596052,45.316216],[11.597397,45.316627],[11.604123,45.318337],[11.60483,45.317888],[11.605994,45.316845],[11.606857,45.315916],[11.614591,45.317908],[11.618015,45.327009],[11.616876,45.336498],[11.620436,45.343383],[11.623238,45.344055],[11.623484,45.344222],[11.623659,45.344344],[11.624043,45.344651],[11.624106,45.344712],[11.62436,45.344961],[11.624805,45.345398],[11.625109,45.345904],[11.625342,45.346704],[11.625367,45.34679],[11.62679,45.352076],[11.626902,45.35254],[11.626984,45.352891],[11.627149,45.353914],[11.627445,45.356364],[11.625253,45.359223],[11.624542,45.360131],[11.623731,45.360824],[11.623074,45.361245],[11.622243,45.361421],[11.621974,45.361477],[11.620947,45.361356],[11.619973,45.362108],[11.616433,45.365646],[11.615569,45.366575],[11.614847,45.367536],[11.614111,45.368732],[11.61221,45.372376],[11.611469,45.37432],[11.611341,45.374863],[11.614388,45.384163],[11.6157,45.388022],[11.615883,45.388324],[11.617253,45.389429],[11.636863,45.402693],[11.641365,45.405235],[11.646256,45.407634],[11.653102,45.411055],[11.656955,45.415603],[11.66163,45.421534],[11.664457,45.42267],[11.666321,45.423153],[11.672197,45.42388],[11.673699,45.423745],[11.693292,45.437801],[11.693449,45.443633],[11.693429,45.448422],[11.699288,45.457204],[11.702032,45.459358],[11.705261,45.460141],[11.707848,45.460295],[11.708075,45.460184],[11.7084,45.460086],[11.708632,45.460016],[11.709641,45.461585],[11.710039,45.462683],[11.708426,45.467996],[11.707129,45.471366],[11.706592,45.47272],[11.706292,45.473133],[11.706071,45.473307],[11.717977,45.474286],[11.720645,45.473665],[11.722934,45.473321],[11.73863,45.471182],[11.744361,45.471188],[11.744851,45.471249],[11.745265,45.471564],[11.745447,45.471703],[11.745491,45.471795],[11.745649,45.472139],[11.745616,45.472403],[11.745602,45.472506],[11.745535,45.47296],[11.744559,45.476756],[11.743137,45.482586],[11.744938,45.485955],[11.741892,45.488074],[11.737595,45.489966],[11.735952,45.495676],[11.735278,45.498653],[11.73469,45.501845],[11.734591,45.502702],[11.734524,45.504243],[11.733999,45.512249],[11.733146,45.512512],[11.732245,45.513218],[11.729867,45.51539],[11.72933,45.516213],[11.728038,45.519783],[11.727954,45.520053],[11.727914,45.520549],[11.72829,45.520797],[11.729289,45.521453],[11.732226,45.519841],[11.734322,45.51856],[11.743259,45.51803],[11.7589,45.518959],[11.75906,45.519873],[11.758958,45.520415],[11.75836,45.523373],[11.757814,45.524242],[11.751401,45.532706],[11.741218,45.545013],[11.732458,45.557517],[11.730984,45.559343],[11.730167,45.559939],[11.729971,45.56004],[11.729182,45.560444],[11.729093,45.560489],[11.728766,45.560656],[11.727741,45.560645],[11.722876,45.560349],[11.722411,45.560198],[11.720505,45.559526],[11.720299,45.559121],[11.720726,45.558293],[11.721617,45.556689],[11.722174,45.556165],[11.722838,45.555652],[11.723161,45.555439],[11.724148,45.552641],[11.723993,45.551114],[11.722962,45.544568],[11.722941,45.544436],[11.722617,45.544167],[11.721685,45.543838],[11.721093,45.544115],[11.711219,45.543234],[11.706617,45.542894],[11.703442,45.542897],[11.702031,45.543704],[11.700936,45.544491],[11.70062,45.544719],[11.699624,45.546407],[11.694519,45.550658],[11.685775,45.551985],[11.681893,45.551625],[11.678351,45.549609],[11.679303,45.545507],[11.679358,45.545358],[11.679575,45.544773],[11.679179,45.542521],[11.679168,45.542475],[11.678995,45.541785],[11.675528,45.539175],[11.675241,45.539104],[11.674196,45.538844],[11.6731,45.538587],[11.67223,45.538458],[11.668157,45.53811],[11.662055,45.538096],[11.657907,45.541796],[11.65572,45.549978],[11.656005,45.551564],[11.657303,45.553008],[11.658885,45.554366],[11.665828,45.560562],[11.669892,45.56512],[11.668086,45.568803],[11.665859,45.570808],[11.666544,45.576367],[11.667475,45.578972],[11.669954,45.582459],[11.673982,45.585014],[11.674266,45.591875],[11.674016,45.592286],[11.671539,45.594117],[11.666479,45.59501],[11.65907,45.594507],[11.659079,45.593085],[11.657591,45.592257],[11.656243,45.592295],[11.65524,45.592409],[11.649806,45.593273],[11.646027,45.594162],[11.642927,45.598051],[11.642748,45.598595],[11.642793,45.599017],[11.644764,45.610943],[11.646883,45.617806],[11.64576,45.627168],[11.64554,45.627424],[11.645495,45.627844],[11.645434,45.628452],[11.645459,45.629253],[11.645777,45.630819],[11.646552,45.634196],[11.646932,45.634637],[11.651635,45.638587],[11.653886,45.639795],[11.655834,45.640294],[11.656184,45.640373],[11.657166,45.640511],[11.658343,45.640592],[11.659547,45.640672],[11.66005,45.640705],[11.661098,45.640636],[11.662188,45.640331],[11.662385,45.639885],[11.676678,45.640136],[11.685521,45.647892],[11.68584,45.657151],[11.689198,45.659077],[11.691919,45.657278],[11.692989,45.657564],[11.699558,45.659904],[11.700402,45.660224],[11.70063,45.660311],[11.701494,45.660659],[11.701862,45.660839],[11.702096,45.661058],[11.705107,45.666063],[11.709924,45.667788],[11.710394,45.66832],[11.71083,45.669451],[11.710938,45.669857],[11.710861,45.670317],[11.710337,45.67165],[11.708614,45.67516],[11.706956,45.678561],[11.706734,45.680075],[11.708088,45.680625],[11.712882,45.681309],[11.713476,45.681377],[11.713798,45.68139],[11.714521,45.681389],[11.716677,45.681283],[11.737285,45.679968],[11.756474,45.678077],[11.756969,45.677947],[11.757198,45.677913],[11.757699,45.677894],[11.757949,45.677906],[11.761594,45.678257],[11.762493,45.678356],[11.768084,45.67904],[11.795312,45.683043],[11.817696,45.686541],[11.821677,45.687169],[11.82433,45.685785],[11.830253,45.682531],[11.832051,45.681579],[11.839833,45.677657],[11.840964,45.677103]]]]}},{"type":"Feature","properties":{"province":"pavia","geometryId":"uts:18","adminLevel":"province","name":"Pavia"},"geometry":{"type":"MultiPolygon","coordinates":[[[[8.814271,45.017394],[8.81351,45.017231],[8.812951,45.017194],[8.812037,45.017238],[8.811263,45.017281],[8.810742,45.017335],[8.810653,45.017435],[8.810569,45.017532],[8.810513,45.017595],[8.810013,45.019074],[8.810382,45.019332],[8.81047,45.019384],[8.810979,45.019682],[8.811014,45.019702],[8.816417,45.022305],[8.816692,45.021944],[8.816795,45.021611],[8.816925,45.020567],[8.816991,45.019685],[8.816979,45.019433],[8.816903,45.0191],[8.816765,45.018812],[8.816258,45.018388],[8.814271,45.017394]]],[[[8.706386,45.013563],[8.706123,45.012905],[8.705602,45.013084],[8.703503,45.014131],[8.703349,45.014464],[8.703348,45.01468],[8.703745,45.016409],[8.703969,45.017337],[8.704043,45.017526],[8.704872,45.022243],[8.704699,45.023638],[8.704722,45.024079],[8.705088,45.024402],[8.705428,45.024483],[8.705684,45.024543],[8.706017,45.024103],[8.706062,45.02393],[8.706095,45.023797],[8.706148,45.023491],[8.706279,45.022618],[8.70645,45.021412],[8.706508,45.019675],[8.706524,45.018982],[8.7065,45.016156],[8.70649,45.015696],[8.706445,45.014418],[8.706407,45.013858],[8.706386,45.013563]]],[[[8.847645,45.390338],[8.847598,45.389095],[8.847075,45.384107],[8.847113,45.379373],[8.847539,45.373285],[8.847925,45.37202],[8.849839,45.367765],[8.850518,45.36683],[8.850718,45.366707],[8.851439,45.366264],[8.857935,45.36268],[8.862491,45.360555],[8.866432,45.354707],[8.864566,45.3499],[8.865869,45.344264],[8.87223,45.342282],[8.878129,45.341614],[8.887042,45.339896],[8.893986,45.337987],[8.908937,45.333186],[8.909753,45.332871],[8.91043,45.332557],[8.910929,45.332116],[8.911171,45.331729],[8.911197,45.331431],[8.911045,45.331045],[8.910765,45.330631],[8.909656,45.329694],[8.908955,45.329216],[8.908305,45.328783],[8.907527,45.328225],[8.906903,45.327756],[8.906279,45.327117],[8.905999,45.326773],[8.906267,45.326378],[8.909587,45.324518],[8.911222,45.323646],[8.921,45.319022],[8.926811,45.317949],[8.926932,45.318084],[8.927469,45.318684],[8.928565,45.319477],[8.929675,45.319838],[8.931346,45.319938],[8.932276,45.319848],[8.933029,45.319723],[8.94052,45.316711],[8.941988,45.316019],[8.943176,45.315084],[8.943877,45.313617],[8.943993,45.312341],[8.943957,45.310889],[8.943691,45.309125],[8.944003,45.301132],[8.944534,45.292449],[8.944611,45.291465],[8.946589,45.28908],[8.948269,45.288049],[8.950148,45.286895],[8.962629,45.280576],[8.973845,45.274714],[8.973911,45.274422],[8.974112,45.273598],[8.974596,45.272842],[8.97559,45.271843],[8.981375,45.266336],[8.982939,45.264994],[8.983719,45.265031],[8.991291,45.266742],[8.993307,45.270823],[9.002796,45.276392],[9.006545,45.277913],[9.006979,45.278066],[9.008037,45.277859],[9.008967,45.277355],[9.009261,45.277149],[9.011682,45.276148],[9.014319,45.275509],[9.015088,45.275908],[9.015441,45.276103],[9.016412,45.277012],[9.017982,45.278812],[9.018093,45.279051],[9.018697,45.280578],[9.019101,45.281785],[9.015809,45.29059],[9.01519,45.291099],[9.013928,45.291567],[9.010041,45.29281],[9.007746,45.293044],[8.996259,45.296595],[8.996275,45.301308],[8.995363,45.308743],[8.98968,45.318617],[8.988686,45.320516],[8.988307,45.321596],[8.99004,45.322447],[8.991665,45.322756],[8.992145,45.322722],[8.995806,45.320985],[8.997373,45.318635],[9.001278,45.319913],[9.009764,45.322812],[9.014844,45.324341],[9.018022,45.325223],[9.019208,45.324476],[9.031684,45.314513],[9.034051,45.310083],[9.036299,45.303624],[9.036421,45.30319],[9.035392,45.302787],[9.032549,45.303495],[9.031695,45.303828],[9.030727,45.305008],[9.030278,45.306001],[9.029531,45.306664],[9.028677,45.307042],[9.027771,45.306818],[9.026813,45.306206],[9.02512,45.305054],[9.025003,45.304965],[9.02501,45.304922],[9.025128,45.304496],[9.025509,45.303839],[9.028627,45.298559],[9.030087,45.296514],[9.030337,45.296205],[9.030411,45.296145],[9.030525,45.29617],[9.031298,45.296869],[9.031694,45.297312],[9.041157,45.302938],[9.056693,45.30367],[9.058427,45.303813],[9.060864,45.304244],[9.070829,45.306137],[9.071872,45.306415],[9.071194,45.309756],[9.070496,45.311556],[9.069926,45.313231],[9.069737,45.314376],[9.069851,45.314536],[9.078123,45.315836],[9.080848,45.315784],[9.076873,45.310169],[9.073616,45.307989],[9.077706,45.304898],[9.079864,45.303501],[9.094608,45.304832],[9.109471,45.306852],[9.125918,45.308637],[9.134688,45.307772],[9.138097,45.308421],[9.1383,45.308902],[9.139105,45.309837],[9.140279,45.309908],[9.141069,45.309619],[9.142508,45.3086],[9.146925,45.305453],[9.147879,45.304398],[9.15132,45.298831],[9.158051,45.298003],[9.159518,45.298307],[9.164813,45.299289],[9.175194,45.299427],[9.178327,45.299196],[9.180687,45.2985],[9.180966,45.298203],[9.182529,45.296355],[9.183543,45.294679],[9.183847,45.293896],[9.187565,45.292224],[9.192955,45.291189],[9.19864,45.290828],[9.200844,45.291059],[9.20072,45.29132],[9.198085,45.292774],[9.19745,45.293027],[9.196049,45.293551],[9.193707,45.295009],[9.188626,45.301028],[9.183695,45.308174],[9.182059,45.310742],[9.182359,45.310839],[9.184249,45.311439],[9.186891,45.31201],[9.196635,45.316978],[9.198907,45.322657],[9.201774,45.332436],[9.20485,45.333704],[9.210473,45.332537],[9.212508,45.331139],[9.213221,45.330615],[9.213921,45.330092],[9.214569,45.329541],[9.215103,45.329027],[9.215561,45.328576],[9.215919,45.32817],[9.216565,45.327422],[9.217403,45.326674],[9.218195,45.326145],[9.218228,45.326123],[9.218269,45.326096],[9.219187,45.325896],[9.220348,45.325867],[9.224162,45.325958],[9.224915,45.326002],[9.225937,45.326468],[9.227191,45.327312],[9.229765,45.329656],[9.237149,45.328957],[9.247564,45.325349],[9.256294,45.325813],[9.263514,45.325695],[9.273527,45.324593],[9.277996,45.326031],[9.281231,45.327764],[9.28226,45.330113],[9.287145,45.330762],[9.307404,45.326903],[9.31812,45.324322],[9.324735,45.318192],[9.331628,45.312177],[9.33325,45.312487],[9.338008,45.314553],[9.338824,45.312965],[9.336191,45.311453],[9.33345,45.307401],[9.334597,45.305093],[9.336665,45.305429],[9.33804,45.305682],[9.338351,45.305739],[9.354357,45.301469],[9.357604,45.292584],[9.357348,45.29244],[9.357263,45.292413],[9.356479,45.292155],[9.35446,45.291594],[9.35289,45.291293],[9.349076,45.290837],[9.343033,45.291197],[9.339936,45.293366],[9.339897,45.293475],[9.339519,45.294223],[9.338508,45.295738],[9.33744,45.296345],[9.335609,45.297124],[9.333687,45.297823],[9.330144,45.298238],[9.329429,45.298159],[9.328713,45.297792],[9.322919,45.292651],[9.323672,45.292712],[9.324207,45.29271],[9.324755,45.292664],[9.325264,45.292473],[9.325773,45.29222],[9.326154,45.291886],[9.32792,45.290278],[9.329372,45.288294],[9.33224,45.28383],[9.331166,45.283419],[9.331354,45.280601],[9.333029,45.277022],[9.333776,45.276129],[9.337211,45.274931],[9.338934,45.274733],[9.339058,45.274718],[9.34145,45.271307],[9.336815,45.27044],[9.33439,45.270015],[9.332565,45.269706],[9.329508,45.269651],[9.325033,45.268791],[9.319263,45.263425],[9.315285,45.258557],[9.310848,45.253123],[9.310681,45.252772],[9.310577,45.252494],[9.310201,45.251217],[9.310209,45.250334],[9.310282,45.249866],[9.310406,45.249227],[9.311443,45.247645],[9.312876,45.246871],[9.317503,45.244918],[9.319778,45.243998],[9.320083,45.243925],[9.320453,45.243951],[9.321739,45.244046],[9.32244,45.244108],[9.322361,45.245881],[9.327852,45.2497],[9.332561,45.247278],[9.333579,45.246553],[9.350242,45.240452],[9.357951,45.238718],[9.359069,45.240155],[9.359257,45.245591],[9.358584,45.246016],[9.356934,45.247056],[9.356286,45.247401],[9.355904,45.247303],[9.354039,45.246534],[9.352607,45.24572],[9.351778,45.245578],[9.349609,45.245216],[9.349151,45.245226],[9.348554,45.245534],[9.347958,45.245977],[9.348177,45.246237],[9.348676,45.246722],[9.349522,45.247394],[9.350249,45.24777],[9.353738,45.249281],[9.355665,45.249103],[9.362822,45.247155],[9.368123,45.245437],[9.371561,45.243175],[9.375102,45.237403],[9.378492,45.231973],[9.379963,45.230987],[9.381091,45.230245],[9.381838,45.230418],[9.383453,45.231056],[9.385179,45.231937],[9.386992,45.231941],[9.389623,45.231845],[9.390935,45.231733],[9.391845,45.229029],[9.391926,45.226979],[9.391358,45.226699],[9.390272,45.226181],[9.38947,45.226265],[9.388423,45.225962],[9.387197,45.225309],[9.387289,45.223986],[9.387818,45.223102],[9.392256,45.218577],[9.397988,45.217036],[9.401382,45.209022],[9.402209,45.201871],[9.402818,45.201437],[9.40452,45.200918],[9.405563,45.200707],[9.405983,45.200787],[9.4078,45.202041],[9.407956,45.202517],[9.408735,45.204522],[9.409209,45.204825],[9.409336,45.204907],[9.411555,45.205439],[9.416243,45.20589],[9.416695,45.205908],[9.417249,45.205931],[9.419832,45.20413],[9.420351,45.203696],[9.421146,45.202721],[9.421245,45.202415],[9.4213,45.202244],[9.42142,45.201874],[9.42109,45.200255],[9.425651,45.197358],[9.428637,45.199371],[9.429446,45.199189],[9.429839,45.199043],[9.430219,45.1987],[9.432198,45.196145],[9.433081,45.193603],[9.432124,45.19159],[9.43034,45.190158],[9.427726,45.188172],[9.427693,45.186305],[9.429613,45.184462],[9.430057,45.184262],[9.431064,45.18451],[9.431677,45.184706],[9.435493,45.186051],[9.436808,45.186631],[9.438367,45.187426],[9.43855,45.187636],[9.439726,45.185985],[9.445204,45.187084],[9.447006,45.187019],[9.45683,45.183258],[9.457362,45.182758],[9.457341,45.181871],[9.45937,45.177802],[9.464142,45.173165],[9.468996,45.168635],[9.474755,45.167351],[9.477504,45.165701],[9.478273,45.161498],[9.481443,45.161487],[9.484264,45.161566],[9.488034,45.161741],[9.519354,45.164177],[9.528878,45.165074],[9.531579,45.165354],[9.530878,45.163791],[9.530576,45.162829],[9.531114,45.161864],[9.532366,45.161199],[9.533711,45.160772],[9.53508,45.160225],[9.53634,45.159449],[9.536774,45.159182],[9.538118,45.158246],[9.538424,45.15803],[9.538696,45.157836],[9.543152,45.154322],[9.544235,45.153201],[9.545118,45.148516],[9.544449,45.143359],[9.543501,45.138977],[9.542962,45.138031],[9.542867,45.137864],[9.542937,45.137135],[9.543262,45.136602],[9.544926,45.135154],[9.54576,45.134565],[9.548661,45.132652],[9.547108,45.132596],[9.545975,45.132475],[9.544994,45.132318],[9.54294,45.13159],[9.541867,45.1311],[9.540885,45.130591],[9.540014,45.129992],[9.539259,45.129447],[9.53872,45.128927],[9.538193,45.128327],[9.537754,45.127671],[9.536804,45.125354],[9.536557,45.124671],[9.536337,45.124033],[9.535836,45.12237],[9.535754,45.122001],[9.535827,45.121451],[9.5362,45.119226],[9.536432,45.11819],[9.536676,45.117145],[9.536972,45.116144],[9.537443,45.114877],[9.537955,45.113979],[9.539082,45.112173],[9.540025,45.111044],[9.550611,45.095231],[9.551148,45.094157],[9.551365,45.093085],[9.55133,45.092113],[9.551,45.090791],[9.550482,45.089804],[9.549915,45.088996],[9.548748,45.087796],[9.547403,45.08665],[9.544882,45.084682],[9.54368,45.083859],[9.541643,45.082573],[9.540736,45.082019],[9.539792,45.081474],[9.539013,45.081046],[9.537968,45.080583],[9.533418,45.078903],[9.532576,45.07861],[9.532408,45.078555],[9.532026,45.078432],[9.530047,45.078369],[9.529324,45.078404],[9.528106,45.078693],[9.5275,45.078957],[9.525478,45.080137],[9.524645,45.08078],[9.52399,45.081413],[9.523414,45.082127],[9.522988,45.08275],[9.522957,45.083389],[9.522985,45.08365],[9.522886,45.083974],[9.522175,45.085463],[9.521599,45.086357],[9.520344,45.088109],[9.519629,45.088994],[9.518207,45.090594],[9.508907,45.099196],[9.507696,45.100192],[9.506069,45.101468],[9.505052,45.102076],[9.504875,45.102176],[9.504649,45.102274],[9.503357,45.10284],[9.503085,45.102945],[9.501593,45.10352],[9.501469,45.103568],[9.499541,45.103879],[9.499286,45.10392],[9.4978,45.103899],[9.496874,45.103806],[9.495993,45.103718],[9.493704,45.103377],[9.491309,45.102757],[9.489155,45.102109],[9.4876,45.101585],[9.485892,45.100917],[9.476286,45.09706],[9.475277,45.096578],[9.472667,45.095841],[9.471406,45.095496],[9.467741,45.09488],[9.465897,45.09469],[9.455765,45.093984],[9.453209,45.093832],[9.452888,45.093815],[9.452719,45.093807],[9.439069,45.091952],[9.438465,45.087669],[9.436963,45.083542],[9.436368,45.082567],[9.436221,45.082358],[9.435961,45.082102],[9.435602,45.081829],[9.434838,45.081706],[9.434466,45.081708],[9.433771,45.08171],[9.427457,45.081846],[9.426409,45.082615],[9.426273,45.083131],[9.421908,45.083978],[9.41265,45.083652],[9.412243,45.083554],[9.410778,45.082755],[9.410744,45.082727],[9.41078,45.082448],[9.412558,45.078908],[9.406359,45.073216],[9.398937,45.069379],[9.388527,45.063145],[9.384563,45.059301],[9.378174,45.055722],[9.372206,45.05027],[9.371266,45.048535],[9.370999,45.047855],[9.371063,45.046523],[9.371165,45.045632],[9.375588,45.040408],[9.373459,45.037023],[9.370745,45.030029],[9.37031,45.028706],[9.369943,45.025957],[9.370172,45.023328],[9.372323,45.021584],[9.373132,45.020969],[9.374334,45.020398],[9.370295,45.01167],[9.366204,45.003609],[9.365935,45.00315],[9.365871,45.003043],[9.365425,45.002675],[9.36508,45.002415],[9.364302,45.001913],[9.361367,45.00009],[9.358963,45.000247],[9.357304,45.000743],[9.353513,45.00107],[9.353208,45.001017],[9.352763,45.000784],[9.350852,44.999741],[9.348075,44.997841],[9.347463,44.997411],[9.346319,44.995943],[9.343979,44.992916],[9.343736,44.99253],[9.343107,44.991406],[9.339213,44.980634],[9.338118,44.979971],[9.33743,44.979442],[9.337085,44.978939],[9.336803,44.978454],[9.336495,44.977869],[9.336276,44.977303],[9.335462,44.97474],[9.335223,44.972859],[9.335143,44.96996],[9.335151,44.969258],[9.335211,44.968619],[9.335322,44.968088],[9.328255,44.960772],[9.325126,44.95655],[9.324456,44.954787],[9.323346,44.951316],[9.323211,44.95077],[9.323125,44.950425],[9.322958,44.949651],[9.322889,44.949039],[9.322356,44.945638],[9.321543,44.943966],[9.318049,44.940168],[9.315258,44.937493],[9.314532,44.93682],[9.306305,44.934151],[9.305643,44.933964],[9.298017,44.934236],[9.288196,44.934243],[9.287613,44.934235],[9.286826,44.934129],[9.286346,44.933951],[9.285028,44.931766],[9.285012,44.931064],[9.28535,44.930217],[9.285852,44.929415],[9.287265,44.927998],[9.288211,44.927086],[9.289346,44.926183],[9.290736,44.925352],[9.292967,44.920458],[9.290414,44.914262],[9.286044,44.907441],[9.284064,44.9035],[9.281014,44.896038],[9.281343,44.895983],[9.282266,44.895774],[9.283166,44.895448],[9.283429,44.895348],[9.284301,44.894959],[9.285185,44.894516],[9.288404,44.892885],[9.292826,44.890319],[9.293115,44.889797],[9.292742,44.888708],[9.292361,44.888111],[9.292091,44.887693],[9.291491,44.886731],[9.290927,44.885436],[9.290911,44.885393],[9.290855,44.885249],[9.290478,44.884276],[9.290055,44.883152],[9.289886,44.882387],[9.290114,44.882207],[9.294612,44.880476],[9.307238,44.876139],[9.308693,44.875901],[9.309579,44.875881],[9.310542,44.876049],[9.311581,44.876245],[9.313077,44.876538],[9.316843,44.877715],[9.325788,44.874288],[9.335948,44.87099],[9.342382,44.867271],[9.34537,44.855833],[9.347787,44.84412],[9.350325,44.837027],[9.355988,44.830024],[9.361287,44.823634],[9.363098,44.822404],[9.362498,44.821155],[9.357651,44.814562],[9.354522,44.812309],[9.345771,44.807532],[9.330847,44.800546],[9.323304,44.799235],[9.320419,44.796533],[9.319129,44.791766],[9.317872,44.786215],[9.307158,44.780042],[9.299367,44.776732],[9.291999,44.774194],[9.291013,44.774143],[9.289786,44.773984],[9.288521,44.773672],[9.287545,44.773134],[9.286975,44.772496],[9.284722,44.767092],[9.28503,44.762959],[9.285211,44.761257],[9.285522,44.760068],[9.2859,44.759428],[9.286513,44.758679],[9.287432,44.757984],[9.2882,44.757442],[9.29426,44.754068],[9.295684,44.753344],[9.298065,44.752159],[9.299326,44.75158],[9.314423,44.744652],[9.315432,44.744334],[9.317703,44.743878],[9.31894,44.743658],[9.320101,44.743457],[9.321199,44.743418],[9.331675,44.735259],[9.332034,44.733953],[9.330547,44.730104],[9.33015,44.72925],[9.329575,44.728063],[9.328582,44.726536],[9.325911,44.723096],[9.325327,44.72262],[9.32439,44.722101],[9.323162,44.721528],[9.322314,44.721215],[9.321213,44.720822],[9.317229,44.719492],[9.312969,44.714057],[9.308481,44.705635],[9.30844,44.705122],[9.308575,44.70432],[9.309435,44.702346],[9.310138,44.701597],[9.315429,44.697405],[9.322103,44.69456],[9.325357,44.694083],[9.325911,44.693928],[9.32615,44.69381],[9.326097,44.693351],[9.325737,44.692092],[9.325111,44.690744],[9.324805,44.690258],[9.324637,44.690016],[9.321442,44.689138],[9.310747,44.688051],[9.309662,44.688009],[9.300995,44.683684],[9.296627,44.68081],[9.285493,44.679876],[9.285806,44.684457],[9.278606,44.6856],[9.269957,44.684487],[9.26598,44.683974],[9.26324,44.680775],[9.260397,44.679944],[9.259476,44.679947],[9.258456,44.680525],[9.257589,44.68122],[9.255639,44.685745],[9.254787,44.689797],[9.254331,44.692129],[9.248146,44.700875],[9.240011,44.711515],[9.239295,44.712363],[9.238301,44.713346],[9.236302,44.715295],[9.235623,44.715927],[9.235185,44.716278],[9.235084,44.71636],[9.234966,44.715937],[9.233003,44.707625],[9.232259,44.703326],[9.234701,44.69827],[9.238581,44.692244],[9.242132,44.687457],[9.237088,44.685118],[9.223794,44.683407],[9.217914,44.683472],[9.216803,44.683529],[9.212553,44.684104],[9.211836,44.684217],[9.211002,44.68435],[9.204154,44.68555],[9.203133,44.685759],[9.201995,44.686005],[9.20032,44.686405],[9.203012,44.691053],[9.206359,44.699144],[9.207229,44.70553],[9.206213,44.707341],[9.205362,44.709539],[9.204206,44.714817],[9.20283,44.722057],[9.203112,44.723146],[9.203418,44.724001],[9.203799,44.724693],[9.206233,44.728217],[9.210982,44.734456],[9.214041,44.74546],[9.21355,44.752348],[9.209283,44.753553],[9.19926,44.756083],[9.194158,44.756839],[9.189076,44.759449],[9.173819,44.770024],[9.173374,44.770353],[9.173088,44.770565],[9.171726,44.771683],[9.171437,44.772278],[9.17036,44.775484],[9.170337,44.776356],[9.170428,44.777221],[9.170449,44.777399],[9.170477,44.777626],[9.170493,44.777753],[9.170505,44.777843],[9.170532,44.778049],[9.170695,44.778878],[9.170724,44.779021],[9.170967,44.779885],[9.171387,44.780433],[9.1715,44.780578],[9.172121,44.781126],[9.173835,44.783851],[9.17409,44.788667],[9.173505,44.796149],[9.170031,44.798667],[9.164887,44.802089],[9.15566,44.808906],[9.15512,44.809408],[9.155403,44.811199],[9.156075,44.81172],[9.157126,44.812359],[9.155527,44.814953],[9.150039,44.81073],[9.146726,44.80904],[9.126116,44.806185],[9.115799,44.807304],[9.106828,44.811354],[9.103167,44.814536],[9.095901,44.818665],[9.095745,44.81874],[9.095145,44.819026],[9.094434,44.818871],[9.094194,44.818819],[9.086842,44.81662],[9.085337,44.816108],[9.08394,44.815629],[9.083843,44.815596],[9.082679,44.815011],[9.081616,44.814463],[9.080806,44.814283],[9.079896,44.814203],[9.077001,44.81479],[9.076697,44.814943],[9.073297,44.816728],[9.07264,44.817089],[9.072257,44.817477],[9.072147,44.817593],[9.071932,44.817863],[9.071807,44.818331],[9.071985,44.819178],[9.07272,44.820248],[9.07372,44.820977],[9.075012,44.822956],[9.073424,44.827044],[9.072907,44.828035],[9.071062,44.83017],[9.071001,44.83022],[9.070418,44.830683],[9.069305,44.830891],[9.067888,44.83109],[9.067015,44.831072],[9.064493,44.833104],[9.053377,44.844223],[9.049687,44.850103],[9.056703,44.854438],[9.065091,44.859322],[9.065568,44.859384],[9.065721,44.859419],[9.065958,44.859474],[9.066745,44.859654],[9.067581,44.860094],[9.06805,44.860535],[9.069851,44.864153],[9.070067,44.864684],[9.070104,44.866038],[9.069771,44.866895],[9.069677,44.867133],[9.069261,44.867812],[9.069235,44.867853],[9.068811,44.868339],[9.068628,44.868547],[9.067971,44.868989],[9.061517,44.876023],[9.059514,44.880651],[9.055621,44.888161],[9.055224,44.888925],[9.048668,44.887713],[9.047415,44.887408],[9.046731,44.886877],[9.043048,44.884354],[9.042268,44.884452],[9.04217,44.884467],[9.040854,44.885052],[9.029875,44.890538],[9.029632,44.89108],[9.029511,44.891348],[9.028777,44.892294],[9.025423,44.895391],[9.019991,44.900199],[9.019079,44.900694],[9.018398,44.900803],[9.014199,44.901419],[9.008048,44.902982],[9.006341,44.903671],[9.006173,44.903739],[9.005249,44.904405],[9.001347,44.908195],[9.000575,44.911715],[8.998307,44.917881],[8.995546,44.918619],[8.991287,44.92474],[8.988206,44.930852],[8.981894,44.935613],[8.97288,44.941958],[8.97061,44.943245],[8.969989,44.944639],[8.97124,44.952525],[8.971404,44.953291],[8.971721,44.953921],[8.973026,44.953867],[8.974941,44.953652],[8.975981,44.953472],[8.978325,44.956839],[8.97763,44.96601],[8.97253,44.973361],[8.96687,44.979886],[8.961276,44.985365],[8.958505,44.987485],[8.951954,44.988221],[8.944498,44.987137],[8.943612,44.984499],[8.938161,44.982012],[8.927788,44.98233],[8.916861,44.988119],[8.910571,44.995479],[8.908423,44.998285],[8.901274,45.007763],[8.901251,45.007847],[8.901159,45.008185],[8.90112,45.00905],[8.901243,45.011039],[8.901319,45.011822],[8.901419,45.012642],[8.902579,45.017004],[8.902755,45.017463],[8.903071,45.018364],[8.903311,45.019219],[8.90349,45.019995],[8.903525,45.020147],[8.904657,45.02662],[8.904374,45.029572],[8.904169,45.030499],[8.902521,45.037141],[8.900045,45.043986],[8.892749,45.050023],[8.889447,45.050245],[8.885721,45.050613],[8.881059,45.05408],[8.881299,45.054477],[8.881996,45.055126],[8.882973,45.055748],[8.884127,45.056271],[8.879271,45.059038],[8.869356,45.052366],[8.86373,45.04817],[8.858605,45.05076],[8.848882,45.049676],[8.840522,45.047469],[8.837991,45.044233],[8.830911,45.042702],[8.82536,45.044008],[8.82178,45.039654],[8.80992,45.034283],[8.804452,45.035683],[8.800311,45.036207],[8.799537,45.036287],[8.798852,45.036286],[8.7979,45.03623],[8.797303,45.036121],[8.796213,45.035813],[8.795642,45.035524],[8.795364,45.03528],[8.794643,45.034487],[8.794378,45.03409],[8.794153,45.033199],[8.794242,45.032911],[8.79437,45.032623],[8.795478,45.031419],[8.795873,45.031041],[8.796345,45.030592],[8.796854,45.030143],[8.797554,45.029757],[8.797754,45.029674],[8.797817,45.029648],[8.798075,45.029542],[8.79871,45.029372],[8.799243,45.029409],[8.799839,45.029518],[8.800409,45.029735],[8.800904,45.029826],[8.801261,45.029331],[8.802713,45.027265],[8.802213,45.025588],[8.801911,45.024813],[8.801697,45.024363],[8.801242,45.023489],[8.801015,45.023192],[8.800749,45.022858],[8.80037,45.02248],[8.799952,45.022119],[8.799522,45.021767],[8.799079,45.021469],[8.79804,45.020972],[8.79695,45.020466],[8.796431,45.020276],[8.795771,45.020041],[8.795199,45.019922],[8.794712,45.019881],[8.794542,45.019867],[8.792955,45.019793],[8.792104,45.019818],[8.791469,45.019898],[8.790949,45.020014],[8.789475,45.020633],[8.789055,45.020875],[8.788508,45.021216],[8.786029,45.022364],[8.782434,45.023338],[8.781431,45.023597],[8.781329,45.023616],[8.780948,45.023686],[8.780263,45.023766],[8.779564,45.023819],[8.779069,45.023854],[8.778523,45.023853],[8.777699,45.023734],[8.775994,45.021372],[8.775732,45.020156],[8.776385,45.018717],[8.778677,45.013249],[8.775764,45.008544],[8.775659,45.008383],[8.775524,45.008174],[8.775233,45.007949],[8.773282,45.007198],[8.772699,45.007008],[8.772282,45.006893],[8.771748,45.006781],[8.771279,45.006726],[8.770721,45.006689],[8.769198,45.006659],[8.768678,45.006694],[8.768055,45.006854],[8.767649,45.007043],[8.767321,45.007245],[8.767242,45.007294],[8.767214,45.007325],[8.766937,45.007634],[8.766804,45.007916],[8.766741,45.008048],[8.766706,45.008121],[8.766616,45.008526],[8.76664,45.008886],[8.766702,45.009273],[8.766767,45.009526],[8.766815,45.009705],[8.766953,45.010083],[8.767024,45.010274],[8.761729,45.012098],[8.751081,45.009645],[8.749661,45.009336],[8.748736,45.009163],[8.74788,45.009147],[8.747726,45.009294],[8.748211,45.013248],[8.751631,45.014795],[8.751986,45.014823],[8.752328,45.014869],[8.75366,45.015132],[8.753784,45.015186],[8.754077,45.015312],[8.754111,45.015327],[8.753463,45.016582],[8.751279,45.019953],[8.75096,45.020384],[8.75054,45.020725],[8.750145,45.020967],[8.750054,45.021023],[8.749802,45.021165],[8.743814,45.023672],[8.739278,45.023601],[8.733928,45.023415],[8.728016,45.022848],[8.720575,45.026796],[8.714998,45.035567],[8.714704,45.036025],[8.714346,45.036546],[8.713937,45.036969],[8.713211,45.03739],[8.712929,45.037523],[8.712869,45.037551],[8.712512,45.037703],[8.712143,45.037846],[8.711762,45.03798],[8.711393,45.03807],[8.710999,45.03815],[8.710643,45.038221],[8.710059,45.038291],[8.708092,45.038157],[8.707556,45.038042],[8.706641,45.037794],[8.706063,45.037559],[8.705525,45.037332],[8.704996,45.037052],[8.702981,45.034976],[8.70251,45.034489],[8.702007,45.03377],[8.701323,45.032598],[8.701005,45.031823],[8.701045,45.030567],[8.701104,45.030275],[8.701847,45.028229],[8.700814,45.026518],[8.695044,45.023226],[8.689604,45.024861],[8.685747,45.027074],[8.68169,45.028842],[8.672932,45.02792],[8.666842,45.02446],[8.666917,45.024095],[8.667001,45.023501],[8.667028,45.023078],[8.667006,45.022731],[8.666928,45.022445],[8.666676,45.021697],[8.666437,45.021208],[8.665999,45.020608],[8.665888,45.020482],[8.665822,45.020427],[8.665624,45.020269],[8.665408,45.020118],[8.665144,45.019984],[8.659319,45.017942],[8.659238,45.017924],[8.659068,45.017975],[8.658386,45.018333],[8.656813,45.019303],[8.652502,45.022899],[8.65196,45.023689],[8.65258,45.024028],[8.653189,45.02437],[8.65449,45.025251],[8.65493,45.025571],[8.655307,45.02587],[8.65601,45.02652],[8.656346,45.02687],[8.656576,45.027185],[8.656791,45.027535],[8.656966,45.0279],[8.657027,45.028431],[8.656949,45.029401],[8.65259,45.034314],[8.644247,45.035639],[8.634738,45.040962],[8.643215,45.051263],[8.64477,45.052069],[8.645034,45.052249],[8.645395,45.052534],[8.646082,45.053214],[8.646353,45.053563],[8.646616,45.053938],[8.646798,45.054316],[8.646949,45.054686],[8.646995,45.054987],[8.646977,45.055244],[8.646951,45.055541],[8.64469,45.060935],[8.644536,45.061259],[8.64419,45.061771],[8.643795,45.062153],[8.643552,45.062389],[8.641141,45.064083],[8.642338,45.072],[8.639918,45.077119],[8.636562,45.083787],[8.630321,45.088201],[8.622432,45.092288],[8.620676,45.098602],[8.613522,45.102413],[8.613254,45.102565],[8.612462,45.10321],[8.61223,45.103441],[8.612147,45.103524],[8.611489,45.104179],[8.609967,45.105731],[8.609095,45.106889],[8.608671,45.107608],[8.608475,45.108346],[8.608584,45.109147],[8.608848,45.10967],[8.611942,45.124081],[8.610851,45.127642],[8.601443,45.129466],[8.594543,45.130828],[8.588161,45.136601],[8.588013,45.137803],[8.587947,45.138339],[8.587934,45.138436],[8.587555,45.141355],[8.587299,45.142801],[8.587158,45.143593],[8.587128,45.143756],[8.586827,45.14534],[8.586785,45.145542],[8.58647,45.146716],[8.585099,45.148127],[8.580674,45.152258],[8.580648,45.152279],[8.580001,45.152699],[8.577701,45.153019],[8.577294,45.153027],[8.556691,45.157702],[8.555466,45.164697],[8.553541,45.166986],[8.547782,45.168151],[8.547662,45.168724],[8.547173,45.169889],[8.547157,45.169924],[8.546436,45.170975],[8.54559,45.171817],[8.545481,45.171884],[8.545286,45.172003],[8.544695,45.172363],[8.543637,45.17253],[8.542966,45.173003],[8.542902,45.177091],[8.543691,45.180333],[8.543733,45.180488],[8.54395,45.181289],[8.544593,45.182138],[8.545541,45.182943],[8.562406,45.194484],[8.572394,45.198653],[8.573387,45.198549],[8.574577,45.198847],[8.57481,45.198905],[8.575312,45.199093],[8.576843,45.199895],[8.58121,45.20221],[8.577794,45.207916],[8.577644,45.207899],[8.575752,45.207658],[8.574443,45.207275],[8.556876,45.205174],[8.556026,45.204856],[8.554871,45.204284],[8.550605,45.201153],[8.550459,45.200286],[8.550774,45.199162],[8.551085,45.198329],[8.552049,45.197207],[8.552297,45.196425],[8.551929,45.196261],[8.551193,45.19598],[8.550076,45.19566],[8.546479,45.194862],[8.544292,45.194532],[8.530936,45.193344],[8.529407,45.193446],[8.52796,45.194592],[8.524543,45.198408],[8.524769,45.200214],[8.525417,45.201989],[8.526744,45.201572],[8.527604,45.200729],[8.531803,45.199334],[8.532237,45.199281],[8.540626,45.201035],[8.543254,45.201864],[8.547227,45.203438],[8.547985,45.204072],[8.548049,45.204125],[8.548031,45.204183],[8.547892,45.204637],[8.547812,45.204866],[8.547644,45.205347],[8.547307,45.206066],[8.546756,45.206694],[8.545343,45.208264],[8.544624,45.208964],[8.537617,45.214228],[8.536593,45.214971],[8.535543,45.215669],[8.534726,45.216101],[8.534548,45.216195],[8.533702,45.216633],[8.532505,45.216592],[8.53113,45.216641],[8.530391,45.216809],[8.529343,45.217146],[8.527527,45.218066],[8.526657,45.218603],[8.52567,45.219292],[8.524159,45.220551],[8.524094,45.220609],[8.523681,45.221091],[8.523245,45.221604],[8.523001,45.222133],[8.522935,45.222278],[8.522778,45.222619],[8.522582,45.223257],[8.522591,45.223305],[8.522741,45.224055],[8.52306,45.224968],[8.523101,45.225087],[8.523542,45.225826],[8.523667,45.226034],[8.523688,45.226063],[8.524498,45.227127],[8.525322,45.227832],[8.525535,45.228013],[8.525896,45.22828],[8.52708,45.229154],[8.528104,45.229539],[8.528413,45.229655],[8.529736,45.229948],[8.531045,45.230224],[8.53237,45.230229],[8.533861,45.23019],[8.535747,45.230036],[8.53748,45.229917],[8.539172,45.23014],[8.540369,45.230607],[8.540569,45.230685],[8.541634,45.231392],[8.542449,45.232],[8.542495,45.232034],[8.543202,45.232919],[8.543398,45.233387],[8.543652,45.234001],[8.54348,45.234739],[8.542388,45.235896],[8.541722,45.236361],[8.540356,45.236824],[8.538824,45.237159],[8.537665,45.237101],[8.535959,45.236959],[8.534945,45.236964],[8.534268,45.236967],[8.533959,45.236969],[8.532098,45.23715],[8.530816,45.237351],[8.530529,45.237396],[8.530309,45.237519],[8.52962,45.237906],[8.528976,45.238748],[8.529076,45.239377],[8.529098,45.239514],[8.542281,45.239784],[8.544141,45.239818],[8.545174,45.239696],[8.545778,45.239307],[8.546184,45.239043],[8.547209,45.238426],[8.548041,45.237925],[8.548729,45.237955],[8.55536,45.238809],[8.556215,45.240199],[8.556352,45.240613],[8.556325,45.240738],[8.556181,45.241396],[8.554778,45.243182],[8.55405,45.243368],[8.553044,45.243346],[8.551656,45.243125],[8.550347,45.242786],[8.549037,45.242385],[8.546215,45.241807],[8.544533,45.241809],[8.542798,45.24209],[8.540998,45.242383],[8.537795,45.243105],[8.536238,45.243513],[8.528718,45.24549],[8.5278,45.245784],[8.527655,45.24583],[8.525818,45.246459],[8.525178,45.246906],[8.522495,45.24924],[8.522082,45.249922],[8.522768,45.254626],[8.524044,45.254514],[8.526327,45.254299],[8.530906,45.253688],[8.531623,45.253277],[8.53256,45.252371],[8.533601,45.25125],[8.534395,45.250365],[8.534493,45.24982],[8.536014,45.247588],[8.536864,45.247996],[8.539043,45.249616],[8.542727,45.252511],[8.543384,45.25328],[8.543606,45.253941],[8.54362,45.253982],[8.543604,45.254102],[8.543539,45.254603],[8.543011,45.255222],[8.542344,45.255713],[8.542293,45.25575],[8.542083,45.255863],[8.54118,45.256349],[8.539634,45.256619],[8.539514,45.25664],[8.539419,45.256657],[8.537659,45.256803],[8.534604,45.261024],[8.532723,45.265334],[8.534651,45.271103],[8.535678,45.271719],[8.536108,45.272216],[8.535526,45.276327],[8.53543,45.276831],[8.535353,45.277226],[8.535106,45.277802],[8.534021,45.278058],[8.522412,45.279136],[8.522363,45.278856],[8.522584,45.276814],[8.522887,45.275654],[8.523784,45.275082],[8.523825,45.274758],[8.523255,45.274368],[8.521956,45.274165],[8.520606,45.273997],[8.517549,45.273768],[8.514078,45.274321],[8.513423,45.274901],[8.513092,45.275268],[8.513024,45.275344],[8.512822,45.281105],[8.512804,45.281744],[8.513089,45.282663],[8.513569,45.283259],[8.515744,45.285186],[8.51742,45.286632],[8.511997,45.291021],[8.510265,45.290887],[8.506098,45.290572],[8.504415,45.290565],[8.499177,45.291748],[8.498337,45.292226],[8.50005,45.296614],[8.507206,45.307101],[8.507711,45.307752],[8.510365,45.31058],[8.513544,45.313278],[8.514228,45.312156],[8.51473,45.311673],[8.515969,45.311498],[8.517717,45.311496],[8.519512,45.311765],[8.519755,45.311802],[8.521613,45.312278],[8.523013,45.312809],[8.523151,45.312862],[8.524894,45.313534],[8.526646,45.314396],[8.537734,45.320405],[8.532968,45.332204],[8.528158,45.336802],[8.526633,45.340702],[8.526365,45.34215],[8.526451,45.342547],[8.52665,45.34316],[8.527004,45.343656],[8.531895,45.344829],[8.542019,45.347804],[8.550851,45.356147],[8.551755,45.361317],[8.553196,45.361485],[8.553757,45.361523],[8.557205,45.353301],[8.559294,45.352292],[8.565667,45.350237],[8.571031,45.348632],[8.577851,45.347771],[8.580899,45.349997],[8.581904,45.350387],[8.584133,45.351134],[8.586897,45.351927],[8.590753,45.351923],[8.598238,45.34951],[8.608375,45.353082],[8.622863,45.355247],[8.628818,45.34978],[8.630633,45.346109],[8.63419,45.336943],[8.641493,45.333276],[8.654457,45.327006],[8.655711,45.325681],[8.660868,45.308473],[8.663486,45.294853],[8.663591,45.294331],[8.664888,45.292832],[8.666028,45.291917],[8.67616,45.292846],[8.693649,45.293723],[8.7012,45.295633],[8.702333,45.295969],[8.702753,45.296123],[8.708986,45.299173],[8.716672,45.308076],[8.723377,45.322036],[8.725748,45.330431],[8.724315,45.33581],[8.733895,45.333682],[8.735087,45.333405],[8.742908,45.336939],[8.74529,45.339497],[8.749167,45.341588],[8.755582,45.344482],[8.759377,45.34572],[8.762304,45.348392],[8.762538,45.348619],[8.762675,45.349934],[8.762675,45.350231],[8.760662,45.355696],[8.757228,45.356898],[8.75609,45.357211],[8.753371,45.357043],[8.75184,45.35686],[8.747489,45.356292],[8.73529,45.363169],[8.722242,45.370582],[8.719881,45.373024],[8.718484,45.376486],[8.71847,45.376819],[8.719077,45.37808],[8.719293,45.378379],[8.722096,45.379744],[8.722568,45.379692],[8.722914,45.37945],[8.723325,45.378883],[8.736177,45.375736],[8.745675,45.376487],[8.755048,45.376895],[8.759738,45.376383],[8.760887,45.376484],[8.764025,45.3773],[8.762398,45.382115],[8.764953,45.387591],[8.769053,45.387608],[8.779136,45.383272],[8.793381,45.37896],[8.794735,45.378989],[8.801543,45.379181],[8.804056,45.379879],[8.806926,45.380919],[8.810102,45.382292],[8.8119,45.383267],[8.812026,45.383835],[8.811536,45.385112],[8.810982,45.38665],[8.810658,45.387928],[8.810515,45.388783],[8.810818,45.388921],[8.811228,45.389108],[8.814163,45.390067],[8.82143,45.391856],[8.823291,45.392224],[8.825682,45.391791],[8.826388,45.391198],[8.833169,45.391374],[8.840064,45.392788],[8.840995,45.393105],[8.842897,45.393838],[8.845315,45.392314],[8.846736,45.391398],[8.847645,45.390338]],[[9.289675,44.701219],[9.289862,44.700822],[9.290928,44.70091],[9.290968,44.700917],[9.291965,44.7011],[9.292203,44.701144],[9.301733,44.703087],[9.299682,44.704517],[9.292822,44.705891],[9.292696,44.705867],[9.291287,44.705581],[9.290944,44.705158],[9.289675,44.701219]],[[9.299185,44.692462],[9.299791,44.692433],[9.300676,44.692502],[9.301165,44.692614],[9.303001,44.693037],[9.303616,44.693348],[9.303646,44.693367],[9.304122,44.693698],[9.304607,44.694263],[9.304715,44.695293],[9.304674,44.695649],[9.304655,44.695787],[9.304205,44.696551],[9.29894,44.693723],[9.298671,44.693114],[9.298633,44.693021],[9.298858,44.692652],[9.299185,44.692462]]]]}},{"type":"Feature","properties":{"province":"ravenna","geometryId":"uts:39","adminLevel":"province","name":"Ravenna"},"geometry":{"type":"MultiPolygon","coordinates":[[[[12.273192,44.620822],[12.274743,44.617562],[12.275787,44.614793],[12.276913,44.610497],[12.278179,44.604041],[12.28108,44.596334],[12.281933,44.591568],[12.282516,44.586797],[12.282599,44.585487],[12.282694,44.583382],[12.282728,44.57708],[12.282584,44.573312],[12.283287,44.558552],[12.28218,44.548409],[12.280262,44.541194],[12.279854,44.532697],[12.279611,44.523792],[12.279584,44.522238],[12.27963,44.520822],[12.279717,44.519049],[12.279884,44.517062],[12.280013,44.516051],[12.280236,44.514363],[12.280543,44.512313],[12.280675,44.511642],[12.280933,44.510516],[12.281128,44.509671],[12.281364,44.50872],[12.281925,44.506672],[12.282377,44.505203],[12.283361,44.502666],[12.284335,44.500299],[12.28439,44.500197],[12.285634,44.49788],[12.291258,44.490928],[12.293778,44.488899],[12.288629,44.48723],[12.285858,44.486011],[12.287423,44.472088],[12.287574,44.471057],[12.287769,44.470085],[12.288148,44.468194],[12.289026,44.46412],[12.291709,44.455665],[12.292056,44.454579],[12.292373,44.453735],[12.292732,44.452935],[12.295823,44.446196],[12.30277,44.431414],[12.308325,44.419789],[12.312345,44.413754],[12.315123,44.406623],[12.315225,44.406287],[12.316451,44.401702],[12.316894,44.39945],[12.316904,44.397738],[12.32387,44.366673],[12.325154,44.361526],[12.326025,44.358483],[12.329575,44.3473],[12.330048,44.345857],[12.332734,44.338955],[12.333419,44.337236],[12.334677,44.334401],[12.335073,44.333524],[12.335688,44.332665],[12.335733,44.332604],[12.335873,44.332418],[12.335899,44.332384],[12.335979,44.33229],[12.336011,44.332253],[12.336137,44.332119],[12.336193,44.332063],[12.336723,44.331638],[12.336777,44.331599],[12.336828,44.331582],[12.336875,44.331591],[12.343275,44.31831],[12.344305,44.314737],[12.347373,44.303039],[12.347953,44.29999],[12.347914,44.299613],[12.348171,44.298009],[12.348483,44.296495],[12.348946,44.294788],[12.351403,44.286429],[12.35152,44.286096],[12.354265,44.278354],[12.354469,44.27778],[12.355176,44.275865],[12.357196,44.270554],[12.357512,44.269876],[12.357737,44.269464],[12.36406,44.257279],[12.367199,44.250756],[12.367873,44.24941],[12.375322,44.237562],[12.383913,44.224619],[12.383524,44.224494],[12.381871,44.223348],[12.377356,44.220142],[12.374757,44.218256],[12.374567,44.218019],[12.374217,44.217579],[12.371965,44.213873],[12.368552,44.209779],[12.368138,44.209323],[12.366897,44.208189],[12.366224,44.207588],[12.365539,44.206987],[12.364802,44.206351],[12.361247,44.203398],[12.35903,44.201573],[12.349336,44.190732],[12.348779,44.191023],[12.347511,44.191798],[12.328738,44.203323],[12.283658,44.231086],[12.280876,44.232801],[12.280455,44.23306],[12.280241,44.233189],[12.256275,44.23134],[12.247126,44.230797],[12.246373,44.229984],[12.239389,44.220929],[12.226473,44.213548],[12.222261,44.21319],[12.216133,44.213199],[12.216053,44.214269],[12.216003,44.215051],[12.215918,44.216597],[12.211968,44.220038],[12.202673,44.225917],[12.204557,44.232958],[12.207971,44.235635],[12.20921,44.236779],[12.209688,44.237504],[12.209979,44.238018],[12.211078,44.249006],[12.209522,44.254019],[12.208966,44.255304],[12.20882,44.255606],[12.205078,44.256143],[12.204427,44.256143],[12.195911,44.255023],[12.190064,44.253449],[12.185414,44.251769],[12.177008,44.246404],[12.176539,44.245111],[12.175892,44.243347],[12.175573,44.242529],[12.174823,44.242655],[12.174031,44.242789],[12.171033,44.243347],[12.168112,44.245625],[12.16634,44.247694],[12.153437,44.252468],[12.140917,44.256585],[12.126236,44.262615],[12.113657,44.267668],[12.111412,44.268584],[12.103247,44.271975],[12.103243,44.272146],[12.103282,44.27265],[12.10347,44.274778],[12.103705,44.275672],[12.10456,44.277364],[12.105905,44.280086],[12.10598,44.280307],[12.106631,44.282218],[12.10705,44.283746],[12.107967,44.288416],[12.096776,44.296101],[12.095806,44.296566],[12.094423,44.297206],[12.086938,44.300524],[12.085434,44.30052],[12.083915,44.30048],[12.082554,44.300345],[12.077222,44.29931],[12.076744,44.299171],[12.076177,44.298744],[12.073638,44.299091],[12.072743,44.299224],[12.070678,44.299774],[12.068589,44.300335],[12.061096,44.303066],[12.049901,44.311531],[12.047284,44.316809],[12.048296,44.320468],[12.048973,44.322368],[12.049517,44.323947],[12.049455,44.324589],[12.049444,44.324669],[12.049303,44.325132],[12.048992,44.325523],[12.048476,44.325866],[12.046111,44.327432],[12.035587,44.330809],[12.033222,44.330674],[12.032578,44.330574],[12.032018,44.330418],[12.031583,44.330258],[12.02873,44.327948],[12.027982,44.327302],[12.027362,44.326724],[12.027009,44.326193],[12.026915,44.325575],[12.026499,44.320913],[12.022334,44.315505],[12.021544,44.314536],[12.017952,44.310516],[12.005496,44.299601],[11.998258,44.289402],[11.996304,44.284997],[11.993024,44.278889],[11.989399,44.273637],[11.978916,44.259849],[11.971405,44.253986],[11.962227,44.247085],[11.957496,44.242099],[11.95576,44.240501],[11.95474,44.239888],[11.947628,44.23607],[11.946026,44.235833],[11.943431,44.235774],[11.942386,44.235917],[11.940149,44.236241],[11.939491,44.236366],[11.936714,44.236932],[11.935979,44.23723],[11.93532,44.23758],[11.934305,44.23857],[11.933328,44.239824],[11.932648,44.240507],[11.932553,44.240594],[11.932312,44.240813],[11.931826,44.241105],[11.930584,44.241551],[11.928006,44.241594],[11.927193,44.241606],[11.926695,44.241403],[11.926248,44.240982],[11.925745,44.240428],[11.925549,44.240046],[11.924906,44.234418],[11.925553,44.229774],[11.929426,44.219056],[11.92858,44.216386],[11.927582,44.215341],[11.923134,44.212073],[11.922121,44.211334],[11.921511,44.210909],[11.920718,44.210569],[11.918288,44.209784],[11.916077,44.209112],[11.913985,44.20831],[11.913537,44.207853],[11.911743,44.205729],[11.911121,44.204791],[11.910399,44.203616],[11.910059,44.203035],[11.908789,44.199134],[11.905956,44.194245],[11.898927,44.188959],[11.898561,44.187114],[11.897159,44.184296],[11.889224,44.171452],[11.88383,44.172659],[11.877633,44.174607],[11.864288,44.180075],[11.857839,44.183297],[11.852743,44.186027],[11.846113,44.190171],[11.841744,44.192738],[11.832247,44.197439],[11.826884,44.197793],[11.816667,44.198725],[11.816381,44.199038],[11.808741,44.199375],[11.80669,44.199439],[11.8012,44.196639],[11.795869,44.192934],[11.791232,44.189348],[11.786985,44.185508],[11.782692,44.181787],[11.780759,44.180474],[11.778086,44.180945],[11.777312,44.181243],[11.776605,44.181629],[11.776078,44.182026],[11.776013,44.182076],[11.773797,44.186838],[11.773505,44.188583],[11.773751,44.190359],[11.771997,44.197496],[11.771794,44.19823],[11.771386,44.19887],[11.770032,44.198552],[11.756696,44.194896],[11.755515,44.194519],[11.75383,44.193812],[11.75248,44.192963],[11.74702,44.187541],[11.745173,44.182578],[11.737416,44.176084],[11.727565,44.168902],[11.721849,44.159936],[11.721087,44.159675],[11.720565,44.15922],[11.720228,44.158688],[11.719898,44.158029],[11.719674,44.157233],[11.71971,44.156395],[11.720364,44.152418],[11.720745,44.150636],[11.721072,44.149584],[11.721089,44.149538],[11.721339,44.148866],[11.721868,44.148133],[11.721073,44.137646],[11.717997,44.128635],[11.715894,44.122547],[11.710705,44.121839],[11.70055,44.120649],[11.697413,44.121381],[11.697301,44.121394],[11.696679,44.121468],[11.696467,44.121493],[11.687351,44.122451],[11.681738,44.122696],[11.678303,44.121344],[11.676652,44.118647],[11.673196,44.113445],[11.666386,44.109985],[11.652574,44.100857],[11.643512,44.106316],[11.638746,44.111523],[11.621406,44.117146],[11.614095,44.119235],[11.611609,44.119535],[11.600828,44.118607],[11.598044,44.117536],[11.595761,44.115923],[11.590728,44.113581],[11.586467,44.112559],[11.585048,44.112294],[11.584574,44.112205],[11.584272,44.112738],[11.583926,44.114418],[11.583898,44.11458],[11.583786,44.115249],[11.583758,44.11542],[11.583894,44.116246],[11.583994,44.116463],[11.584156,44.116815],[11.587832,44.1237],[11.588627,44.124242],[11.589632,44.124382],[11.590288,44.124474],[11.590581,44.124508],[11.591769,44.124647],[11.599715,44.125151],[11.601916,44.132466],[11.603613,44.137215],[11.605284,44.138654],[11.610356,44.141409],[11.610706,44.141575],[11.610846,44.141642],[11.610989,44.141711],[11.611342,44.141716],[11.61172,44.141721],[11.61232,44.141717],[11.613169,44.141706],[11.614291,44.141644],[11.614592,44.141694],[11.615916,44.142508],[11.616346,44.142903],[11.616652,44.14331],[11.616706,44.143381],[11.616855,44.143609],[11.617094,44.143975],[11.617745,44.145157],[11.617805,44.145534],[11.617833,44.145713],[11.617781,44.146086],[11.61776,44.146235],[11.617251,44.149802],[11.614749,44.157662],[11.608885,44.162187],[11.608328,44.162334],[11.607866,44.162252],[11.607657,44.162214],[11.60692,44.161835],[11.606586,44.161589],[11.606326,44.161398],[11.605661,44.160667],[11.604879,44.159784],[11.592825,44.160968],[11.577513,44.16136],[11.570709,44.164901],[11.568479,44.166729],[11.564068,44.167475],[11.552976,44.165743],[11.552617,44.165466],[11.552452,44.165339],[11.552538,44.165018],[11.552638,44.164644],[11.553045,44.163571],[11.553644,44.16206],[11.553532,44.160944],[11.553506,44.160688],[11.553476,44.160637],[11.552671,44.159267],[11.552054,44.158599],[11.551923,44.158456],[11.544819,44.152609],[11.544416,44.152528],[11.542301,44.152773],[11.541371,44.152947],[11.540567,44.153145],[11.540232,44.153228],[11.539369,44.153518],[11.539331,44.153533],[11.538558,44.153851],[11.529555,44.157949],[11.524947,44.157663],[11.525185,44.15792],[11.525476,44.1583],[11.525763,44.15887],[11.527367,44.162157],[11.528218,44.1644],[11.529399,44.171659],[11.533255,44.176399],[11.53539,44.179133],[11.53586,44.181752],[11.536279,44.18507],[11.535675,44.186433],[11.535635,44.190389],[11.536374,44.190436],[11.539582,44.190621],[11.545765,44.189449],[11.546803,44.189202],[11.547581,44.189012],[11.549367,44.188226],[11.551815,44.186056],[11.556645,44.184505],[11.557414,44.184598],[11.560839,44.185156],[11.561677,44.185493],[11.562209,44.186921],[11.562383,44.187662],[11.562254,44.188022],[11.561704,44.189201],[11.5613,44.189639],[11.560183,44.190133],[11.555471,44.194918],[11.549129,44.205028],[11.549041,44.205695],[11.549242,44.206284],[11.550955,44.208551],[11.55103,44.216868],[11.551259,44.218695],[11.554598,44.222298],[11.555204,44.222869],[11.555679,44.22307],[11.557508,44.222388],[11.560763,44.221147],[11.562786,44.220327],[11.563567,44.218784],[11.564064,44.218372],[11.564883,44.218241],[11.565566,44.218275],[11.56786,44.219425],[11.573035,44.222185],[11.577821,44.224882],[11.578028,44.225503],[11.576901,44.228481],[11.58016,44.231311],[11.581391,44.232147],[11.583804,44.233754],[11.585615,44.234532],[11.590375,44.236405],[11.601285,44.238502],[11.614454,44.243918],[11.620835,44.245131],[11.625992,44.247128],[11.627023,44.247779],[11.629072,44.249911],[11.629931,44.251012],[11.633439,44.256063],[11.634306,44.257816],[11.634416,44.258309],[11.634077,44.258857],[11.633326,44.259433],[11.633402,44.263626],[11.639616,44.271175],[11.643538,44.273686],[11.647846,44.273919],[11.655509,44.27472],[11.663085,44.277855],[11.665751,44.280538],[11.668578,44.284578],[11.671334,44.289285],[11.668844,44.306993],[11.668313,44.309301],[11.667732,44.311907],[11.672783,44.315476],[11.675321,44.315835],[11.682236,44.31421],[11.684967,44.313533],[11.695438,44.310194],[11.695976,44.309992],[11.697551,44.309338],[11.697772,44.308964],[11.697865,44.308593],[11.697932,44.308019],[11.697954,44.306713],[11.69764,44.305267],[11.697319,44.304608],[11.695623,44.302326],[11.694952,44.301599],[11.693429,44.299983],[11.692458,44.29897],[11.692168,44.298698],[11.691561,44.298375],[11.69124,44.29511],[11.691385,44.290578],[11.692041,44.289428],[11.694049,44.289039],[11.696116,44.288684],[11.70218,44.288059],[11.708544,44.290001],[11.708609,44.290045],[11.708913,44.29029],[11.709125,44.290519],[11.709427,44.291106],[11.709835,44.292046],[11.709905,44.292584],[11.710189,44.293131],[11.711528,44.295503],[11.712839,44.297371],[11.712985,44.297575],[11.71318,44.297827],[11.713713,44.298165],[11.722524,44.303159],[11.728038,44.304369],[11.735095,44.307959],[11.740471,44.31184],[11.742089,44.313998],[11.753204,44.323364],[11.754835,44.32553],[11.757111,44.328932],[11.758745,44.332201],[11.761507,44.332562],[11.764499,44.332849],[11.769075,44.333139],[11.76981,44.333468],[11.77434,44.335885],[11.776814,44.338006],[11.785621,44.347771],[11.788715,44.358084],[11.790292,44.362124],[11.794541,44.366567],[11.798788,44.366953],[11.80068,44.369076],[11.801423,44.373235],[11.806408,44.377916],[11.810852,44.387488],[11.819454,44.397305],[11.828348,44.405336],[11.836211,44.412608],[11.840108,44.416522],[11.840492,44.416934],[11.840691,44.417147],[11.841666,44.419391],[11.841853,44.419882],[11.841972,44.420509],[11.842042,44.420921],[11.841918,44.421996],[11.841783,44.422323],[11.841372,44.42291],[11.840742,44.423393],[11.840428,44.42357],[11.840322,44.423606],[11.840264,44.423626],[11.840187,44.423632],[11.840063,44.42364],[11.839855,44.423645],[11.839488,44.4236],[11.833337,44.422741],[11.82861,44.419292],[11.827608,44.418039],[11.827319,44.417749],[11.807968,44.425199],[11.791581,44.432929],[11.785876,44.43473],[11.782363,44.435919],[11.781816,44.436104],[11.781336,44.436269],[11.78132,44.43644],[11.790524,44.449092],[11.794371,44.454318],[11.797731,44.458976],[11.798245,44.459693],[11.79837,44.459874],[11.798912,44.460766],[11.798875,44.460782],[11.798649,44.460885],[11.798232,44.46107],[11.797642,44.461328],[11.792572,44.46305],[11.790941,44.46295],[11.786491,44.464761],[11.781066,44.46699],[11.780648,44.467595],[11.781675,44.470743],[11.781856,44.470955],[11.782358,44.471537],[11.784112,44.473546],[11.787581,44.477454],[11.789676,44.479729],[11.790009,44.480082],[11.790692,44.480723],[11.790925,44.480924],[11.792887,44.482587],[11.795276,44.484563],[11.790215,44.487401],[11.779802,44.490725],[11.771891,44.493082],[11.7638,44.494696],[11.761802,44.495096],[11.759379,44.495586],[11.751735,44.497144],[11.751152,44.497266],[11.750188,44.497474],[11.749773,44.497569],[11.755874,44.503863],[11.761644,44.507838],[11.765536,44.509288],[11.770505,44.507106],[11.778689,44.503516],[11.779477,44.511287],[11.780151,44.51807],[11.780614,44.522556],[11.780805,44.523294],[11.78486,44.538735],[11.786196,44.543627],[11.789133,44.554331],[11.789195,44.554343],[11.791272,44.554862],[11.793614,44.555398],[11.798847,44.556341],[11.800345,44.556602],[11.831862,44.561589],[11.844403,44.555798],[11.849586,44.556069],[11.85655,44.558287],[11.860322,44.559791],[11.860441,44.560975],[11.860723,44.563232],[11.861635,44.565515],[11.863145,44.569099],[11.863565,44.56995],[11.864089,44.570798],[11.864481,44.571249],[11.86601,44.572957],[11.866409,44.573378],[11.870507,44.577617],[11.884949,44.579386],[11.903995,44.582807],[11.921821,44.586121],[11.95655,44.591987],[11.977203,44.595588],[11.997221,44.599556],[11.997653,44.599662],[11.999814,44.600019],[12.000663,44.600114],[12.001467,44.6002],[12.001537,44.600208],[12.001725,44.600207],[12.002197,44.600203],[12.003885,44.599858],[12.005543,44.599291],[12.006372,44.598579],[12.006683,44.598159],[12.007004,44.5975],[12.007217,44.596892],[12.007433,44.595918],[12.007394,44.595586],[12.005989,44.584505],[12.015177,44.580836],[12.015225,44.580827],[12.018454,44.580164],[12.020311,44.579781],[12.022167,44.57939],[12.023798,44.579014],[12.025056,44.578503],[12.026151,44.577754],[12.027033,44.576803],[12.030965,44.569252],[12.029861,44.564557],[12.028838,44.564017],[12.028153,44.563432],[12.028044,44.563192],[12.027983,44.563043],[12.028001,44.562873],[12.028253,44.560623],[12.028322,44.560414],[12.030375,44.559673],[12.034223,44.558608],[12.038792,44.557604],[12.048647,44.553677],[12.050734,44.552181],[12.051996,44.551535],[12.05261,44.551222],[12.057729,44.549212],[12.059543,44.548506],[12.061521,44.548066],[12.06346,44.548068],[12.063834,44.548081],[12.064169,44.548094],[12.066052,44.549426],[12.066744,44.549979],[12.067223,44.550566],[12.067412,44.550812],[12.067633,44.551308],[12.06784,44.551916],[12.067905,44.552402],[12.067938,44.552652],[12.067508,44.555386],[12.067086,44.55718],[12.067703,44.558613],[12.069199,44.560004],[12.071142,44.560555],[12.07389,44.561093],[12.074695,44.561184],[12.075056,44.561224],[12.075991,44.561297],[12.079324,44.561226],[12.091278,44.559093],[12.110055,44.548476],[12.111121,44.547814],[12.114136,44.547227],[12.116812,44.546761],[12.117017,44.546726],[12.125991,44.545751],[12.127078,44.545721],[12.127502,44.545709],[12.127618,44.545706],[12.127949,44.545697],[12.128543,44.545681],[12.130633,44.54571],[12.130722,44.545711],[12.130869,44.545759],[12.132158,44.546203],[12.133465,44.546989],[12.133746,44.547159],[12.13426,44.547491],[12.134998,44.54797],[12.135145,44.548079],[12.136053,44.548752],[12.146437,44.548342],[12.147353,44.547575],[12.147519,44.547585],[12.147857,44.547625],[12.151891,44.54818],[12.15204,44.548201],[12.153781,44.548452],[12.157109,44.55134],[12.164086,44.557394],[12.176525,44.568481],[12.199498,44.588491],[12.230458,44.614985],[12.236277,44.619898],[12.237034,44.620474],[12.237782,44.620662],[12.242839,44.621395],[12.24509,44.621689],[12.245785,44.621779],[12.246318,44.62175],[12.247054,44.621709],[12.252574,44.622272],[12.260868,44.623726],[12.265054,44.626433],[12.265932,44.627029],[12.267164,44.627867],[12.267774,44.628393],[12.269191,44.627342],[12.270154,44.625778],[12.273192,44.620822]]]]}},{"type":"Feature","properties":{"province":"ragusa","geometryId":"uts:88","adminLevel":"province","name":"Ragusa"},"geometry":{"type":"MultiPolygon","coordinates":[[[[14.932212,36.68581],[14.932084,36.68574],[14.93202,36.685739],[14.931942,36.685752],[14.931815,36.685776],[14.931758,36.685792],[14.931723,36.68581],[14.931544,36.685918],[14.931494,36.686033],[14.931566,36.6863],[14.931602,36.686384],[14.931697,36.68646],[14.931827,36.68653],[14.931937,36.686586],[14.932074,36.686594],[14.932369,36.68643],[14.932547,36.686282],[14.93259,36.686223],[14.932632,36.686154],[14.932639,36.686086],[14.93264,36.686011],[14.932603,36.685914],[14.932553,36.685845],[14.932426,36.685829],[14.932212,36.68581]]],[[[14.785406,37.136258],[14.79387,37.132043],[14.795409,37.131292],[14.796244,37.130535],[14.800105,37.126675],[14.800579,37.126108],[14.801041,37.125387],[14.801122,37.124929],[14.801158,37.12445],[14.801054,37.124174],[14.800869,37.123893],[14.800845,37.123855],[14.800618,37.123637],[14.800196,37.123322],[14.800123,37.123267],[14.799752,37.123043],[14.799492,37.122934],[14.797215,37.121081],[14.794143,37.115477],[14.794965,37.113645],[14.799196,37.111836],[14.80296,37.110229],[14.810465,37.11135],[14.811241,37.111649],[14.813332,37.113095],[14.816684,37.108692],[14.821285,37.094925],[14.822164,37.089643],[14.821406,37.087236],[14.820869,37.085604],[14.820756,37.085396],[14.820555,37.08508],[14.819855,37.083865],[14.819324,37.082104],[14.819407,37.081831],[14.819551,37.081355],[14.819789,37.080725],[14.820625,37.08006],[14.826581,37.075735],[14.832096,37.07117],[14.833218,37.067494],[14.83653,37.064453],[14.840529,37.061809],[14.840901,37.061752],[14.842759,37.060954],[14.842876,37.060882],[14.843107,37.060739],[14.842592,37.060215],[14.839421,37.059552],[14.838938,37.059453],[14.838036,37.059495],[14.837565,37.059622],[14.833894,37.061943],[14.83317,37.062537],[14.829124,37.066938],[14.829111,37.067155],[14.828549,37.067864],[14.826254,37.067862],[14.825704,37.067747],[14.824916,37.067582],[14.824684,37.06748],[14.823589,37.067001],[14.822613,37.066424],[14.822242,37.065969],[14.82204,37.065721],[14.821921,37.065552],[14.821557,37.065033],[14.818155,37.05966],[14.817972,37.056551],[14.818004,37.055464],[14.818334,37.05396],[14.818887,37.05341],[14.820348,37.052781],[14.825934,37.050402],[14.831728,37.049221],[14.832523,37.050997],[14.832847,37.051555],[14.833396,37.052467],[14.835012,37.054498],[14.835568,37.055173],[14.836101,37.055724],[14.836887,37.055852],[14.836979,37.055798],[14.837417,37.055538],[14.837561,37.05541],[14.837934,37.055078],[14.84046,37.046169],[14.839901,37.045653],[14.839351,37.044976],[14.839015,37.044182],[14.838871,37.043361],[14.83962,37.039956],[14.839746,37.03946],[14.839836,37.039108],[14.839991,37.038842],[14.840059,37.038724],[14.840138,37.038687],[14.840512,37.038522],[14.840591,37.038488],[14.844025,37.037104],[14.847681,37.036563],[14.856096,37.029205],[14.859468,37.019783],[14.867265,37.010506],[14.873152,37.004501],[14.877967,37.000552],[14.881271,36.996639],[14.886499,36.989756],[14.886924,36.988903],[14.887121,36.988506],[14.887315,36.986244],[14.887543,36.982217],[14.885865,36.974107],[14.886535,36.969815],[14.887331,36.966818],[14.888305,36.964134],[14.890676,36.961369],[14.899462,36.950413],[14.905036,36.942573],[14.907453,36.939335],[14.911098,36.936522],[14.918645,36.935493],[14.920517,36.927388],[14.925125,36.923599],[14.932069,36.91463],[14.937582,36.903347],[14.934612,36.900269],[14.927595,36.906374],[14.922332,36.911656],[14.915627,36.916258],[14.909111,36.919083],[14.903303,36.922143],[14.893299,36.92987],[14.883148,36.937954],[14.860713,36.957583],[14.860658,36.957636],[14.859444,36.958824],[14.859172,36.95909],[14.857002,36.966576],[14.859043,36.972675],[14.860247,36.973086],[14.860341,36.973446],[14.860464,36.973921],[14.860505,36.97408],[14.860561,36.974301],[14.859676,36.974554],[14.857566,36.975154],[14.856441,36.975473],[14.856053,36.975582],[14.850528,36.975855],[14.846935,36.975801],[14.840252,36.974304],[14.83704,36.973068],[14.838185,36.969982],[14.839113,36.967231],[14.839163,36.967028],[14.839241,36.966707],[14.839259,36.966634],[14.839419,36.965965],[14.8395,36.965039],[14.839514,36.964878],[14.839988,36.95931],[14.840518,36.949283],[14.83921,36.946485],[14.840143,36.945662],[14.841042,36.94501],[14.842831,36.944971],[14.845536,36.945664],[14.848441,36.947298],[14.865382,36.943912],[14.868342,36.94158],[14.870296,36.940113],[14.872725,36.938512],[14.877511,36.936605],[14.881601,36.935501],[14.884142,36.933935],[14.895741,36.926067],[14.89682,36.925302],[14.897176,36.924538],[14.897202,36.924482],[14.897047,36.923756],[14.896612,36.923303],[14.896565,36.923255],[14.892345,36.92106],[14.891514,36.920654],[14.890988,36.920518],[14.889856,36.92023],[14.88678,36.919676],[14.886196,36.919604],[14.885499,36.919729],[14.884601,36.919926],[14.88428,36.920019],[14.883725,36.920179],[14.882169,36.920203],[14.879233,36.920245],[14.878493,36.920246],[14.878202,36.920134],[14.877853,36.920001],[14.877614,36.919589],[14.877515,36.919413],[14.877406,36.918864],[14.877432,36.916729],[14.877559,36.914538],[14.881588,36.908197],[14.882625,36.90497],[14.884067,36.898782],[14.889742,36.895071],[14.89983,36.889642],[14.905521,36.889069],[14.907987,36.888902],[14.913457,36.887297],[14.915131,36.886228],[14.919671,36.880175],[14.920814,36.87791],[14.92698,36.873199],[14.936802,36.866314],[14.937792,36.864527],[14.938358,36.863409],[14.935573,36.860069],[14.928928,36.850137],[14.921577,36.848797],[14.909469,36.853744],[14.897067,36.859108],[14.896796,36.859684],[14.896133,36.860541],[14.893236,36.863594],[14.892939,36.863905],[14.892447,36.864422],[14.886182,36.868212],[14.885216,36.868427],[14.870068,36.870535],[14.864366,36.865375],[14.86385,36.864531],[14.862454,36.861596],[14.862382,36.861401],[14.861917,36.860136],[14.861015,36.856892],[14.861106,36.855772],[14.861782,36.854149],[14.863749,36.851889],[14.865032,36.85075],[14.864416,36.846961],[14.860495,36.833427],[14.859928,36.831522],[14.859876,36.831465],[14.859694,36.831267],[14.858753,36.830241],[14.857051,36.828435],[14.855627,36.828208],[14.853774,36.827955],[14.856455,36.823511],[14.860548,36.817847],[14.862525,36.815902],[14.866472,36.814429],[14.867224,36.815194],[14.867446,36.81542],[14.867076,36.816314],[14.86611,36.816726],[14.867884,36.821362],[14.879497,36.824086],[14.882323,36.824717],[14.886907,36.824815],[14.887053,36.824786],[14.88793,36.824613],[14.888266,36.824547],[14.890495,36.824077],[14.890656,36.823921],[14.891834,36.822495],[14.892675,36.820678],[14.893453,36.819047],[14.894824,36.817684],[14.902329,36.81403],[14.904927,36.813467],[14.911658,36.8122],[14.912657,36.812099],[14.914428,36.81229],[14.915527,36.812615],[14.92354,36.81377],[14.932089,36.80931],[14.942411,36.803304],[14.941666,36.802879],[14.941277,36.802634],[14.940996,36.802455],[14.940169,36.800795],[14.940154,36.800433],[14.940146,36.800245],[14.940636,36.798159],[14.941208,36.797552],[14.942759,36.796784],[14.94443,36.796712],[14.947332,36.798073],[14.948667,36.79896],[14.949214,36.799365],[14.949619,36.799665],[14.949774,36.79978],[14.950996,36.800862],[14.951212,36.801226],[14.958124,36.799567],[14.969583,36.791753],[14.9852,36.780724],[14.985349,36.780588],[14.986015,36.779984],[14.986043,36.779959],[14.988193,36.777253],[14.988463,36.77685],[14.988687,36.776515],[14.989013,36.775306],[14.991591,36.765491],[14.992154,36.761473],[14.990191,36.757513],[14.989048,36.756916],[14.988869,36.756816],[14.988391,36.756551],[14.988142,36.756413],[14.987794,36.756182],[14.987555,36.756023],[14.987356,36.75589],[14.986841,36.755412],[14.986792,36.755339],[14.986603,36.755058],[14.986467,36.754849],[14.986384,36.754573],[14.986304,36.754302],[14.985939,36.751367],[14.986528,36.750074],[14.987749,36.748199],[14.988006,36.747927],[14.988276,36.747641],[14.989158,36.747112],[14.989336,36.747008],[14.989641,36.746907],[14.99018,36.746729],[14.994113,36.743512],[14.995783,36.738077],[14.996829,36.73425],[14.997465,36.731623],[14.997519,36.731393],[14.999046,36.720154],[14.998487,36.713982],[14.999271,36.706261],[15.000376,36.702777],[14.996141,36.702072],[14.994273,36.701443],[14.99356,36.701096],[14.992517,36.700511],[14.990969,36.698151],[14.982825,36.695839],[14.973191,36.692817],[14.968471,36.69308],[14.956616,36.694086],[14.955775,36.694368],[14.954901,36.694831],[14.954142,36.695284],[14.951668,36.696929],[14.949841,36.698255],[14.942947,36.703736],[14.940631,36.705814],[14.939634,36.706541],[14.92892,36.713702],[14.924367,36.716573],[14.918547,36.719817],[14.912265,36.723314],[14.91027,36.724314],[14.90544,36.726357],[14.902126,36.727534],[14.901017,36.727911],[14.89798,36.728731],[14.895124,36.729404],[14.881591,36.730775],[14.878838,36.731028],[14.876858,36.731098],[14.872574,36.730978],[14.869491,36.730889],[14.867588,36.73075],[14.863028,36.73029],[14.860684,36.729945],[14.857556,36.72935],[14.852562,36.728264],[14.848936,36.727411],[14.848508,36.72723],[14.839182,36.722472],[14.831846,36.717559],[14.831,36.716699],[14.830304,36.7104],[14.828333,36.712186],[14.825498,36.715585],[14.81986,36.716984],[14.81847,36.717024],[14.816669,36.716896],[14.814662,36.71652],[14.81256,36.716022],[14.812379,36.715977],[14.811671,36.715754],[14.811161,36.715569],[14.80896,36.713665],[14.80759,36.712679],[14.805307,36.711188],[14.801438,36.708774],[14.800592,36.708302],[14.800119,36.708056],[14.798157,36.707177],[14.797157,36.70684],[14.796947,36.706772],[14.793586,36.705826],[14.783089,36.703605],[14.782574,36.703567],[14.781049,36.703678],[14.78066,36.703829],[14.780417,36.704066],[14.780343,36.704227],[14.780395,36.704481],[14.780846,36.705033],[14.781127,36.705242],[14.782409,36.706128],[14.782671,36.706306],[14.782618,36.706603],[14.78228,36.707195],[14.781879,36.707651],[14.78132,36.708226],[14.780551,36.709013],[14.779792,36.709562],[14.777643,36.710837],[14.776791,36.711157],[14.775936,36.711371],[14.769893,36.710333],[14.762255,36.709959],[14.76149,36.709956],[14.757715,36.710384],[14.756767,36.71095],[14.755842,36.71276],[14.75634,36.714021],[14.756414,36.714126],[14.756459,36.714313],[14.756291,36.714873],[14.756194,36.714992],[14.75617,36.715022],[14.755748,36.715398],[14.754216,36.716581],[14.754163,36.71662],[14.753899,36.716819],[14.753716,36.716951],[14.753627,36.717015],[14.752774,36.717534],[14.752562,36.71765],[14.752122,36.71789],[14.751798,36.718067],[14.751147,36.718402],[14.750775,36.718565],[14.747969,36.719681],[14.74769,36.719774],[14.747523,36.719829],[14.747142,36.71994],[14.746586,36.720071],[14.746276,36.72013],[14.746158,36.720152],[14.744385,36.720439],[14.743188,36.720576],[14.742057,36.720606],[14.74135,36.720624],[14.740483,36.720597],[14.73961,36.720568],[14.739563,36.720566],[14.738426,36.720385],[14.738037,36.72027],[14.727185,36.721356],[14.718441,36.720551],[14.707828,36.717787],[14.699685,36.717926],[14.691251,36.7208],[14.685418,36.725089],[14.684079,36.728344],[14.679586,36.733638],[14.677506,36.735977],[14.676739,36.736792],[14.675468,36.738057],[14.671591,36.741689],[14.669418,36.743155],[14.664357,36.745697],[14.660586,36.747441],[14.658629,36.748294],[14.658596,36.748308],[14.65784,36.748622],[14.657139,36.748854],[14.657021,36.748883],[14.656516,36.748997],[14.656215,36.748996],[14.655904,36.748958],[14.655127,36.749077],[14.653865,36.749271],[14.652945,36.749453],[14.649879,36.750772],[14.649146,36.751272],[14.647614,36.752556],[14.646048,36.754051],[14.643541,36.756785],[14.642254,36.758115],[14.640696,36.75965],[14.639658,36.760591],[14.639125,36.761058],[14.638983,36.761128],[14.638452,36.761389],[14.628193,36.765109],[14.614447,36.76694],[14.607013,36.768237],[14.604909,36.768765],[14.602426,36.769477],[14.599298,36.770496],[14.598729,36.770692],[14.598229,36.770883],[14.596333,36.771656],[14.595502,36.772028],[14.595451,36.77205],[14.595215,36.772248],[14.58369,36.777183],[14.566566,36.780096],[14.554936,36.782523],[14.548289,36.782465],[14.544358,36.780405],[14.537908,36.780309],[14.533149,36.780345],[14.531337,36.78048],[14.531043,36.78057],[14.530721,36.780709],[14.52991,36.781104],[14.529614,36.781382],[14.527158,36.783126],[14.525832,36.783857],[14.517465,36.787155],[14.516689,36.787449],[14.516419,36.787539],[14.514162,36.787854],[14.513444,36.787914],[14.512737,36.787911],[14.506491,36.787868],[14.501171,36.786708],[14.4986,36.786182],[14.493513,36.786546],[14.482868,36.798264],[14.47955,36.80297],[14.474156,36.808017],[14.466995,36.81458],[14.461095,36.815619],[14.458673,36.82173],[14.459416,36.823031],[14.459592,36.82372],[14.459702,36.824226],[14.459794,36.824758],[14.459649,36.826384],[14.459569,36.826912],[14.458569,36.831196],[14.457453,36.8358],[14.456688,36.838699],[14.456491,36.839366],[14.456484,36.839391],[14.456377,36.839742],[14.45625,36.840079],[14.455951,36.840682],[14.45581,36.84086],[14.455317,36.841486],[14.455193,36.841616],[14.455031,36.841646],[14.452798,36.843766],[14.450205,36.851885],[14.448157,36.858732],[14.44254,36.871593],[14.435149,36.885456],[14.430043,36.889428],[14.42783,36.890582],[14.425349,36.892358],[14.425028,36.892618],[14.425259,36.893127],[14.425681,36.894154],[14.425597,36.895557],[14.425248,36.896552],[14.424738,36.897976],[14.424526,36.898554],[14.424102,36.899549],[14.422089,36.903578],[14.421906,36.9039],[14.420462,36.906094],[14.420097,36.906627],[14.417462,36.910324],[14.416495,36.911678],[14.415893,36.912422],[14.412702,36.916233],[14.403781,36.926487],[14.402412,36.928801],[14.399304,36.933703],[14.397948,36.935757],[14.397117,36.936989],[14.397007,36.93715],[14.396689,36.937615],[14.39657,36.937788],[14.394225,36.941192],[14.388236,36.949544],[14.387593,36.950423],[14.386671,36.951581],[14.384652,36.954115],[14.382916,36.956248],[14.375121,36.965156],[14.368398,36.972586],[14.368321,36.972667],[14.367876,36.973139],[14.367844,36.973173],[14.367323,36.973715],[14.362642,36.978563],[14.340921,36.999116],[14.337889,37.001582],[14.337918,37.001969],[14.338161,37.002323],[14.338344,37.002382],[14.339227,37.002662],[14.339707,37.002773],[14.339833,37.002801],[14.340217,37.002849],[14.340674,37.002905],[14.35656,37.003776],[14.36536,37.005005],[14.376053,37.014219],[14.384877,37.021081],[14.385738,37.021726],[14.390035,37.024726],[14.394548,37.026795],[14.402439,37.028451],[14.413074,37.029642],[14.430346,37.042852],[14.441982,37.05092],[14.444109,37.052936],[14.4459,37.054843],[14.463442,37.050516],[14.46399,37.050373],[14.464366,37.050275],[14.464899,37.050199],[14.465346,37.050135],[14.465411,37.050136],[14.465722,37.050137],[14.465804,37.050138],[14.465952,37.050139],[14.470405,37.050392],[14.471022,37.050485],[14.471322,37.050574],[14.471485,37.050623],[14.471627,37.050665],[14.471853,37.050732],[14.474938,37.051782],[14.475304,37.051945],[14.475683,37.052114],[14.47634,37.052529],[14.476451,37.052601],[14.476611,37.052727],[14.477091,37.053103],[14.477167,37.053163],[14.479075,37.054815],[14.489626,37.0585],[14.49588,37.060194],[14.504326,37.063763],[14.511271,37.067524],[14.520259,37.071708],[14.531993,37.075257],[14.532891,37.075408],[14.533961,37.075448],[14.533546,37.071734],[14.533525,37.07164],[14.533478,37.071446],[14.53291,37.065331],[14.533206,37.064736],[14.533253,37.064642],[14.533718,37.06372],[14.533921,37.06339],[14.534116,37.063073],[14.540724,37.058909],[14.546885,37.055225],[14.548353,37.055743],[14.54887,37.055886],[14.55068,37.056186],[14.551344,37.056099],[14.558923,37.054149],[14.561383,37.052992],[14.564639,37.051829],[14.568391,37.052611],[14.571301,37.05472],[14.57133,37.054749],[14.571718,37.055165],[14.578821,37.064376],[14.579892,37.065758],[14.584204,37.069442],[14.586282,37.071023],[14.587902,37.071745],[14.596316,37.07714],[14.600773,37.080064],[14.609483,37.087993],[14.609316,37.088169],[14.60928,37.088593],[14.61067,37.09027],[14.611904,37.091323],[14.611961,37.091359],[14.612641,37.091694],[14.612719,37.091732],[14.613244,37.091508],[14.613333,37.091386],[14.613725,37.090779],[14.613753,37.090719],[14.614055,37.090083],[14.614407,37.08934],[14.615833,37.085838],[14.616384,37.084199],[14.616715,37.083124],[14.616723,37.082956],[14.616817,37.082326],[14.616931,37.081829],[14.616963,37.081715],[14.617086,37.081261],[14.617115,37.081155],[14.617126,37.081126],[14.617261,37.080768],[14.617361,37.080501],[14.617376,37.08046],[14.617412,37.080418],[14.617728,37.080038],[14.618212,37.079815],[14.61952,37.079476],[14.620399,37.079254],[14.6207,37.079302],[14.620927,37.079337],[14.624421,37.080204],[14.629014,37.082103],[14.638981,37.085664],[14.641568,37.085756],[14.643652,37.089305],[14.647965,37.098333],[14.648341,37.099667],[14.648407,37.099841],[14.648664,37.100525],[14.64932,37.101254],[14.649379,37.101319],[14.652095,37.102751],[14.660317,37.10667],[14.660488,37.106592],[14.660639,37.106524],[14.660948,37.106383],[14.663138,37.105137],[14.667658,37.103683],[14.67134,37.1025],[14.673698,37.101864],[14.677124,37.100994],[14.677729,37.101147],[14.678031,37.101334],[14.678212,37.101466],[14.678878,37.104009],[14.683566,37.110087],[14.692658,37.114374],[14.704587,37.121205],[14.710687,37.12557],[14.72094,37.121052],[14.727782,37.117876],[14.728786,37.116838],[14.729176,37.115059],[14.72924,37.113257],[14.726038,37.105345],[14.725058,37.102323],[14.725003,37.102015],[14.72638,37.097719],[14.726616,37.097199],[14.727026,37.096403],[14.727386,37.096068],[14.727422,37.096035],[14.72782,37.095946],[14.727859,37.095937],[14.730977,37.095998],[14.731731,37.096188],[14.738225,37.099017],[14.742193,37.100566],[14.742924,37.100839],[14.7438,37.100959],[14.744735,37.100861],[14.75057,37.099232],[14.750728,37.099187],[14.751029,37.099101],[14.7512,37.099053],[14.751877,37.098711],[14.752487,37.098324],[14.7526,37.098252],[14.752679,37.098187],[14.752769,37.098114],[14.753377,37.097578],[14.754232,37.096703],[14.754267,37.096671],[14.756656,37.095918],[14.757044,37.095809],[14.757581,37.095659],[14.76045,37.095613],[14.761774,37.095616],[14.765143,37.095666],[14.765553,37.097658],[14.765113,37.098325],[14.765116,37.098366],[14.765144,37.098776],[14.765261,37.09893],[14.765514,37.099262],[14.765853,37.099489],[14.766997,37.100184],[14.767649,37.100555],[14.770918,37.102185],[14.781752,37.106647],[14.789831,37.107376],[14.791559,37.110183],[14.787061,37.112265],[14.784507,37.115608],[14.781139,37.121007],[14.774649,37.131207],[14.774315,37.131354],[14.774281,37.131389],[14.774078,37.131697],[14.77394,37.131907],[14.773762,37.132257],[14.773563,37.132648],[14.773487,37.132895],[14.773371,37.13327],[14.773354,37.133531],[14.773324,37.133974],[14.773333,37.134338],[14.773341,37.134679],[14.773351,37.135055],[14.773564,37.135569],[14.775231,37.139268],[14.775424,37.139475],[14.777561,37.139607],[14.777977,37.139562],[14.785406,37.136258]]]]}},{"type":"Feature","properties":{"province":"rimini","geometryId":"uts:99","adminLevel":"province","name":"Rimini"},"geometry":{"type":"MultiPolygon","coordinates":[[[[12.44976,44.162465],[12.450624,44.16225],[12.454073,44.15957],[12.472795,44.144156],[12.489699,44.128782],[12.501978,44.117648],[12.511053,44.109659],[12.517277,44.104264],[12.529409,44.095226],[12.535495,44.090981],[12.539454,44.088419],[12.543405,44.085861],[12.545755,44.084419],[12.548684,44.082697],[12.555807,44.078531],[12.56185,44.07634],[12.562362,44.07626],[12.564097,44.07605],[12.568068,44.076092],[12.568374,44.07611],[12.568654,44.076156],[12.568883,44.076238],[12.569432,44.076495],[12.569572,44.076612],[12.569617,44.076656],[12.569736,44.076772],[12.56983,44.076972],[12.569925,44.077244],[12.56999,44.0775],[12.570051,44.077919],[12.569945,44.07803],[12.569668,44.078144],[12.572721,44.078891],[12.574598,44.079123],[12.577304,44.076751],[12.582887,44.070868],[12.592758,44.060481],[12.595279,44.05808],[12.605039,44.048801],[12.610367,44.044034],[12.61794,44.037283],[12.625428,44.031012],[12.626259,44.03032],[12.630822,44.026545],[12.635222,44.022945],[12.640991,44.018761],[12.646102,44.015071],[12.652626,44.010367],[12.655698,44.008169],[12.67151,43.997726],[12.676341,43.99458],[12.678025,43.993511],[12.684533,43.989448],[12.689834,43.986219],[12.705339,43.978489],[12.708696,43.976832],[12.713355,43.974613],[12.717018,43.973354],[12.736855,43.968394],[12.747079,43.969418],[12.748649,43.969209],[12.750621,43.968545],[12.753406,43.965533],[12.752271,43.958959],[12.746927,43.947012],[12.741681,43.941031],[12.736589,43.935575],[12.735568,43.934713],[12.734218,43.933524],[12.733521,43.932538],[12.730797,43.927104],[12.728688,43.921659],[12.728525,43.911928],[12.731517,43.90266],[12.733234,43.899744],[12.734702,43.896495],[12.734831,43.896025],[12.73468,43.895742],[12.734504,43.895477],[12.734314,43.895207],[12.730054,43.891655],[12.728884,43.890732],[12.728526,43.890489],[12.728104,43.890276],[12.727897,43.890211],[12.727842,43.890225],[12.727558,43.8903],[12.725661,43.886536],[12.723733,43.881976],[12.727278,43.876387],[12.731389,43.873525],[12.732156,43.872741],[12.733362,43.871434],[12.733574,43.871094],[12.733734,43.870828],[12.733828,43.87064],[12.733993,43.870259],[12.727959,43.86374],[12.727212,43.863218],[12.725838,43.86233],[12.725694,43.862239],[12.724975,43.861823],[12.724811,43.861738],[12.724181,43.861451],[12.724004,43.861375],[12.723632,43.861237],[12.723435,43.86118],[12.723025,43.861074],[12.722823,43.861029],[12.7224,43.860935],[12.710562,43.85959],[12.703085,43.858698],[12.699317,43.855433],[12.699386,43.855228],[12.699127,43.854827],[12.698794,43.854463],[12.698536,43.854233],[12.697083,43.853015],[12.696278,43.852792],[12.690586,43.852204],[12.688971,43.852273],[12.684616,43.852468],[12.681744,43.85073],[12.678366,43.839349],[12.680084,43.83222],[12.680934,43.829925],[12.6802,43.827489],[12.673461,43.823894],[12.673414,43.823873],[12.673289,43.82382],[12.673024,43.823708],[12.672885,43.823653],[12.672568,43.823565],[12.672406,43.823543],[12.669945,43.82328],[12.669794,43.823269],[12.669216,43.823243],[12.669027,43.823264],[12.668914,43.823277],[12.667588,43.823518],[12.667167,43.823641],[12.666858,43.823759],[12.666463,43.824004],[12.665061,43.824916],[12.657184,43.826245],[12.645781,43.826926],[12.645633,43.826931],[12.644464,43.826892],[12.644318,43.826883],[12.644213,43.826871],[12.643756,43.826818],[12.643648,43.826805],[12.6435,43.826785],[12.642954,43.826636],[12.637916,43.824584],[12.632677,43.822323],[12.631868,43.821981],[12.631746,43.821934],[12.630114,43.821307],[12.629993,43.821262],[12.629548,43.821119],[12.629416,43.821083],[12.628804,43.820949],[12.624301,43.821047],[12.614627,43.827028],[12.614285,43.827262],[12.614059,43.827424],[12.613502,43.827874],[12.611627,43.829786],[12.61122,43.830231],[12.610035,43.834358],[12.609993,43.83616],[12.609996,43.836222],[12.610013,43.836564],[12.610175,43.836937],[12.610329,43.837092],[12.618306,43.84216],[12.618751,43.842443],[12.618903,43.842628],[12.619035,43.842797],[12.61924,43.843202],[12.619431,43.843792],[12.61944,43.844339],[12.617543,43.845657],[12.617044,43.845984],[12.61658,43.846186],[12.616492,43.846224],[12.614729,43.846969],[12.613769,43.846966],[12.612126,43.846605],[12.610474,43.846054],[12.610019,43.845765],[12.609914,43.845703],[12.609433,43.845448],[12.609309,43.845407],[12.608956,43.845292],[12.607349,43.845026],[12.606985,43.844976],[12.606571,43.84501],[12.606064,43.845132],[12.605856,43.845189],[12.605585,43.845264],[12.605137,43.845595],[12.604757,43.845985],[12.600999,43.850511],[12.601059,43.852589],[12.601073,43.852697],[12.601104,43.852934],[12.601214,43.853363],[12.601446,43.853758],[12.601742,43.854075],[12.602085,43.854272],[12.603081,43.857751],[12.60295,43.862236],[12.596747,43.863488],[12.58936,43.865252],[12.589312,43.866429],[12.589392,43.866922],[12.590206,43.868706],[12.590348,43.869005],[12.590553,43.869256],[12.590799,43.869412],[12.590914,43.869469],[12.591259,43.869636],[12.592001,43.870632],[12.592883,43.873036],[12.592433,43.876501],[12.590023,43.882016],[12.588284,43.885107],[12.575829,43.885021],[12.572455,43.884856],[12.567251,43.882419],[12.564777,43.879071],[12.564779,43.8782],[12.564713,43.876635],[12.564549,43.874444],[12.564426,43.873845],[12.5643,43.873329],[12.564119,43.872855],[12.563429,43.871294],[12.562982,43.870516],[12.562619,43.870005],[12.562452,43.869817],[12.562066,43.869545],[12.561486,43.869338],[12.54836,43.865594],[12.542953,43.864522],[12.541126,43.864533],[12.531274,43.869768],[12.521988,43.873627],[12.518539,43.880103],[12.518529,43.880257],[12.518508,43.880572],[12.518379,43.880927],[12.518175,43.881041],[12.518009,43.881055],[12.517564,43.881092],[12.515951,43.880642],[12.512138,43.879566],[12.511587,43.879408],[12.511191,43.879294],[12.508761,43.878486],[12.50795,43.878187],[12.506936,43.877782],[12.506091,43.877429],[12.505273,43.877067],[12.50283,43.875945],[12.502391,43.875724],[12.502242,43.875641],[12.501844,43.875417],[12.500673,43.874544],[12.495205,43.877291],[12.489682,43.882508],[12.487312,43.886419],[12.487344,43.892557],[12.487404,43.896469],[12.490186,43.903161],[12.49263,43.906305],[12.493876,43.908076],[12.494489,43.910088],[12.492792,43.915933],[12.492378,43.917494],[12.49238,43.917737],[12.492391,43.918043],[12.492407,43.918277],[12.492621,43.918531],[12.493821,43.91989],[12.494893,43.921046],[12.496437,43.922227],[12.497268,43.922575],[12.514432,43.937673],[12.514555,43.938016],[12.515666,43.941533],[12.515763,43.942201],[12.515686,43.943144],[12.51556,43.944098],[12.514901,43.94645],[12.513663,43.949571],[12.513227,43.950165],[12.511101,43.952765],[12.510253,43.953683],[12.50951,43.954475],[12.507276,43.95905],[12.507586,43.965347],[12.509463,43.971154],[12.514596,43.984663],[12.512722,43.991152],[12.509622,43.992094],[12.508243,43.991643],[12.504584,43.99031],[12.497952,43.986175],[12.491737,43.983006],[12.487485,43.98204],[12.480804,43.981003],[12.479337,43.980856],[12.478893,43.980785],[12.478846,43.980776],[12.473843,43.9791],[12.469885,43.977719],[12.46363,43.974686],[12.462799,43.974277],[12.457357,43.971522],[12.456335,43.971],[12.453432,43.969515],[12.447463,43.965909],[12.443315,43.962523],[12.439291,43.959097],[12.425104,43.957291],[12.416992,43.954068],[12.40492,43.955014],[12.404516,43.954635],[12.403846,43.953106],[12.403687,43.952071],[12.403605,43.951083],[12.404418,43.945946],[12.404669,43.944669],[12.40481,43.944084],[12.40482,43.944043],[12.405068,43.943594],[12.405659,43.942591],[12.406082,43.942196],[12.407426,43.941084],[12.408118,43.940766],[12.409118,43.940376],[12.412203,43.937732],[12.414232,43.934232],[12.414738,43.93322],[12.414988,43.932476],[12.41525,43.930735],[12.415165,43.929851],[12.415063,43.92944],[12.414725,43.928748],[12.414164,43.928306],[12.413659,43.927916],[12.410872,43.925861],[12.409778,43.92502],[12.409372,43.924623],[12.409213,43.924294],[12.408273,43.921522],[12.408212,43.921164],[12.408275,43.920523],[12.409632,43.917408],[12.412503,43.909404],[12.41209,43.908237],[12.410948,43.907204],[12.410058,43.906232],[12.408356,43.902972],[12.408426,43.902805],[12.411358,43.901493],[12.416372,43.899858],[12.439163,43.905306],[12.448464,43.899176],[12.449257,43.897599],[12.449695,43.896987],[12.450648,43.89609],[12.451119,43.895679],[12.454562,43.894027],[12.455005,43.893928],[12.456816,43.893769],[12.462394,43.893771],[12.463642,43.891242],[12.46314,43.890157],[12.462232,43.888771],[12.460514,43.887274],[12.455555,43.878368],[12.451744,43.875057],[12.448618,43.872527],[12.445806,43.871248],[12.427673,43.87265],[12.414189,43.874404],[12.40775,43.876712],[12.405293,43.876133],[12.403543,43.874911],[12.401509,43.873116],[12.39743,43.865263],[12.392878,43.853762],[12.391469,43.846992],[12.392398,43.841702],[12.394604,43.836525],[12.398544,43.826358],[12.397671,43.824777],[12.396215,43.823002],[12.38776,43.816433],[12.386079,43.815344],[12.382894,43.814583],[12.368305,43.812895],[12.363513,43.808372],[12.360181,43.804829],[12.355223,43.801772],[12.349794,43.799602],[12.348652,43.799847],[12.348039,43.8],[12.333536,43.801284],[12.323933,43.804184],[12.323444,43.804558],[12.32288,43.804921],[12.322336,43.805198],[12.321839,43.80542],[12.321328,43.805624],[12.320927,43.805734],[12.320666,43.805733],[12.315887,43.805638],[12.312394,43.804011],[12.310038,43.802551],[12.298794,43.797517],[12.295854,43.797125],[12.291934,43.796355],[12.291384,43.796245],[12.2862,43.79486],[12.284539,43.793368],[12.282961,43.790249],[12.282772,43.789696],[12.282758,43.789435],[12.28289,43.789184],[12.283166,43.788937],[12.283562,43.78875],[12.284206,43.788709],[12.285214,43.788734],[12.289073,43.785954],[12.288079,43.77521],[12.287214,43.77167],[12.286375,43.770465],[12.286152,43.770697],[12.285838,43.770814],[12.285458,43.770735],[12.285087,43.770484],[12.284758,43.770151],[12.283365,43.76763],[12.283027,43.766956],[12.282927,43.766715],[12.282757,43.766284],[12.282891,43.766055],[12.28303,43.765871],[12.283781,43.764917],[12.281428,43.764985],[12.277927,43.764842],[12.277678,43.764773],[12.27702,43.764589],[12.270859,43.762718],[12.258027,43.760427],[12.254386,43.7545],[12.255209,43.753905],[12.255075,43.753698],[12.254799,43.753435],[12.254661,43.753304],[12.254617,43.753278],[12.254531,43.753228],[12.254206,43.753038],[12.253691,43.75281],[12.253099,43.752633],[12.248581,43.751546],[12.248321,43.751508],[12.248246,43.751497],[12.24591,43.751194],[12.244112,43.751012],[12.24363,43.751052],[12.241949,43.751208],[12.241394,43.751417],[12.241276,43.751857],[12.241162,43.75254],[12.241172,43.752833],[12.241282,43.753225],[12.241351,43.753539],[12.241344,43.753656],[12.241326,43.753909],[12.24126,43.754226],[12.239574,43.75513],[12.238517,43.755696],[12.235755,43.757038],[12.233362,43.758108],[12.233065,43.758236],[12.233021,43.758255],[12.232693,43.758383],[12.232632,43.758405],[12.232456,43.758468],[12.232228,43.758551],[12.231847,43.758685],[12.230999,43.758985],[12.228992,43.759554],[12.228789,43.759568],[12.22862,43.759579],[12.228554,43.759583],[12.228169,43.759594],[12.228089,43.759597],[12.217516,43.757877],[12.209248,43.75526],[12.19972,43.741789],[12.198387,43.73686],[12.195995,43.732971],[12.19239,43.733878],[12.187317,43.735622],[12.187261,43.735646],[12.186953,43.735776],[12.186593,43.736011],[12.16949,43.754435],[12.164806,43.761088],[12.160047,43.761688],[12.152521,43.758718],[12.148184,43.755538],[12.139803,43.752451],[12.126008,43.749426],[12.125209,43.749291],[12.124725,43.749223],[12.124203,43.749183],[12.123577,43.74915],[12.122792,43.749334],[12.110378,43.752563],[12.108554,43.753063],[12.107443,43.753774],[12.102252,43.759456],[12.100339,43.760903],[12.099288,43.761958],[12.096191,43.765304],[12.096175,43.765881],[12.096203,43.766202],[12.096285,43.76655],[12.096518,43.767208],[12.09694,43.768117],[12.099698,43.773984],[12.103429,43.781731],[12.103695,43.786921],[12.103394,43.787335],[12.103097,43.787847],[12.102859,43.788276],[12.102676,43.788653],[12.102595,43.78913],[12.102488,43.790285],[12.102469,43.790493],[12.102677,43.791649],[12.102893,43.792271],[12.103632,43.793558],[12.10409,43.794117],[12.105007,43.795071],[12.107509,43.795922],[12.109292,43.796083],[12.111679,43.796258],[12.114,43.796101],[12.118715,43.802841],[12.116896,43.806447],[12.119834,43.812102],[12.120222,43.812821],[12.120593,43.813486],[12.120899,43.813883],[12.121089,43.81413],[12.121457,43.814558],[12.130735,43.82532],[12.132357,43.82686],[12.139978,43.827569],[12.140643,43.827686],[12.144574,43.828613],[12.145285,43.828818],[12.145698,43.828952],[12.146209,43.829216],[12.147071,43.829769],[12.147723,43.830364],[12.148316,43.830995],[12.148521,43.831349],[12.148855,43.831968],[12.149047,43.832385],[12.149288,43.832982],[12.150661,43.837281],[12.148667,43.839763],[12.148205,43.839983],[12.147749,43.840265],[12.147388,43.8405],[12.144659,43.842331],[12.144049,43.842762],[12.14363,43.843071],[12.139777,43.846211],[12.13826,43.847641],[12.138459,43.847951],[12.140273,43.849704],[12.142509,43.851953],[12.142901,43.85241],[12.143083,43.852971],[12.143137,43.853141],[12.143201,43.853586],[12.142731,43.858193],[12.142082,43.860958],[12.152659,43.868994],[12.156462,43.87438],[12.158635,43.877471],[12.159219,43.878676],[12.16022,43.880931],[12.16716,43.895827],[12.16383,43.899489],[12.162651,43.900388],[12.160452,43.902854],[12.159571,43.904764],[12.158151,43.910054],[12.158434,43.91893],[12.158454,43.919233],[12.158851,43.920484],[12.159229,43.921415],[12.159498,43.921747],[12.164176,43.924277],[12.164403,43.924395],[12.164772,43.924585],[12.170511,43.926368],[12.171674,43.926492],[12.17226,43.926512],[12.173197,43.92561],[12.173344,43.92537],[12.173416,43.925248],[12.173479,43.923732],[12.173247,43.923392],[12.172527,43.922192],[12.173734,43.921481],[12.175354,43.920713],[12.176012,43.920402],[12.179383,43.919408],[12.187303,43.917272],[12.191062,43.916404],[12.196777,43.916861],[12.202122,43.916744],[12.203199,43.916489],[12.203169,43.913119],[12.203516,43.912967],[12.20515,43.912275],[12.212469,43.909479],[12.219088,43.908056],[12.221891,43.908576],[12.222361,43.908876],[12.222316,43.909901],[12.222263,43.910757],[12.221865,43.911679],[12.221628,43.912512],[12.221695,43.913297],[12.221877,43.914858],[12.222236,43.91529],[12.223165,43.915407],[12.229708,43.916231],[12.239993,43.916164],[12.244287,43.913855],[12.250841,43.910724],[12.25337,43.910301],[12.255703,43.913116],[12.255725,43.915948],[12.255169,43.917695],[12.255053,43.918284],[12.255127,43.918741],[12.255438,43.919866],[12.255618,43.920342],[12.25616,43.920929],[12.263368,43.925257],[12.270187,43.928707],[12.274728,43.930943],[12.275764,43.931273],[12.276575,43.931305],[12.276489,43.929363],[12.28217,43.926952],[12.290613,43.929193],[12.296721,43.931672],[12.310473,43.939135],[12.315522,43.952355],[12.323165,43.961944],[12.32371,43.962558],[12.325601,43.964501],[12.327436,43.965663],[12.334445,43.969285],[12.339871,43.971521],[12.34785,43.97718],[12.349175,43.98076],[12.350739,43.983964],[12.353595,43.985852],[12.357807,43.987205],[12.360963,43.987017],[12.361682,43.986717],[12.3626,43.986645],[12.363404,43.986747],[12.365659,43.987383],[12.366826,43.987718],[12.367373,43.988109],[12.369097,43.989514],[12.36984,43.991401],[12.370889,43.995169],[12.373458,43.999469],[12.378484,44.002858],[12.384418,44.008503],[12.385527,44.013296],[12.387747,44.020297],[12.392088,44.028109],[12.392812,44.031436],[12.388673,44.033026],[12.382599,44.035493],[12.381885,44.035884],[12.381176,44.036373],[12.379105,44.038064],[12.378288,44.038835],[12.378177,44.039748],[12.369996,44.044896],[12.368642,44.044576],[12.367523,44.045086],[12.364235,44.046831],[12.362569,44.04805],[12.361106,44.049336],[12.360806,44.049606],[12.360548,44.049838],[12.3599,44.050514],[12.359537,44.051155],[12.359175,44.051823],[12.358982,44.052594],[12.359402,44.054499],[12.359579,44.055205],[12.359697,44.055526],[12.363627,44.062324],[12.370474,44.066031],[12.375652,44.066957],[12.376342,44.067008],[12.377153,44.06679],[12.378096,44.066461],[12.379142,44.06598],[12.38041,44.065393],[12.382233,44.06479],[12.383757,44.064358],[12.38608,44.064046],[12.387313,44.063883],[12.388792,44.063768],[12.392116,44.063804],[12.395416,44.06475],[12.400512,44.066309],[12.402311,44.068938],[12.403493,44.071478],[12.406159,44.074621],[12.407792,44.076544],[12.407896,44.076665],[12.408033,44.076825],[12.408387,44.077029],[12.408627,44.077167],[12.41278,44.079213],[12.41671,44.080832],[12.422264,44.08514],[12.423055,44.0878],[12.423266,44.088433],[12.424382,44.088498],[12.428116,44.08871],[12.432055,44.08879],[12.437243,44.088859],[12.438213,44.088784],[12.438571,44.088735],[12.438783,44.088706],[12.439055,44.088669],[12.43998,44.088461],[12.44034,44.088316],[12.441042,44.088033],[12.442169,44.087648],[12.44304,44.087387],[12.446468,44.086627],[12.447454,44.086498],[12.447919,44.086439],[12.449061,44.08653],[12.449895,44.086694],[12.450552,44.086836],[12.45208,44.0872],[12.45555,44.088991],[12.453329,44.110754],[12.451415,44.116132],[12.448501,44.119281],[12.444357,44.123143],[12.443879,44.12331],[12.443467,44.12353],[12.443012,44.123876],[12.441959,44.124899],[12.43939,44.127569],[12.439427,44.12971],[12.439538,44.131422],[12.439637,44.132472],[12.439961,44.135893],[12.440291,44.136846],[12.441244,44.138402],[12.433716,44.144822],[12.429921,44.146674],[12.429546,44.146883],[12.428721,44.147345],[12.428912,44.147596],[12.43948,44.158162],[12.441116,44.159625],[12.441631,44.159888],[12.448321,44.162225],[12.44976,44.162465]],[[12.17636,43.78829],[12.17727,43.788025],[12.177386,43.787991],[12.177846,43.787753],[12.17834,43.787434],[12.183274,43.782515],[12.184189,43.7815],[12.184524,43.780797],[12.184576,43.780363],[12.184677,43.776741],[12.187734,43.773739],[12.197458,43.77073],[12.199395,43.771803],[12.201297,43.774957],[12.212435,43.781706],[12.218993,43.783931],[12.230737,43.786686],[12.234116,43.787239],[12.235807,43.787189],[12.236254,43.787136],[12.237261,43.787004],[12.23735,43.786991],[12.23806,43.786881],[12.238235,43.786853],[12.239522,43.786518],[12.240246,43.7906],[12.23709,43.801238],[12.234865,43.804415],[12.23338,43.8061],[12.232509,43.807057],[12.231215,43.807888],[12.229992,43.808601],[12.229788,43.808681],[12.227124,43.809402],[12.225063,43.809883],[12.22452,43.809893],[12.224259,43.809859],[12.224193,43.809849],[12.224141,43.809807],[12.223975,43.809674],[12.223583,43.809114],[12.223567,43.809081],[12.223319,43.808577],[12.222487,43.807342],[12.220523,43.804714],[12.218693,43.803245],[12.218548,43.803139],[12.218301,43.802963],[12.218028,43.80279],[12.217771,43.802775],[12.217442,43.802757],[12.217275,43.802751],[12.214975,43.803104],[12.213662,43.803515],[12.212308,43.803999],[12.211053,43.804447],[12.210739,43.804596],[12.207653,43.80527],[12.201397,43.80593],[12.200012,43.806062],[12.198222,43.806152],[12.193982,43.805727],[12.191489,43.805349],[12.188949,43.804655],[12.184393,43.806843],[12.178864,43.810699],[12.176355,43.811113],[12.171146,43.80794],[12.1711,43.807902],[12.171071,43.807878],[12.170915,43.807749],[12.1707,43.807502],[12.170534,43.807267],[12.17046,43.807159],[12.1703,43.806923],[12.170233,43.806808],[12.170052,43.806427],[12.169935,43.805975],[12.169796,43.805344],[12.169755,43.804625],[12.170107,43.803639],[12.17636,43.78829]]]]}},{"type":"Feature","properties":{"province":"rovigo","geometryId":"uts:29","adminLevel":"province","name":"Rovigo"},"geometry":{"type":"MultiPolygon","coordinates":[[[[12.330528,45.153427],[12.327371,45.140632],[12.327247,45.139903],[12.326792,45.137015],[12.326756,45.136756],[12.327281,45.130968],[12.328518,45.122163],[12.329078,45.118792],[12.32972,45.116797],[12.330795,45.113883],[12.33312,45.108194],[12.334712,45.104337],[12.336949,45.098294],[12.335617,45.093331],[12.334017,45.091258],[12.333897,45.089019],[12.338073,45.089194],[12.34434,45.089472],[12.344895,45.089194],[12.347299,45.086599],[12.350115,45.083015],[12.350161,45.082938],[12.351583,45.080548],[12.356549,45.075471],[12.359605,45.073438],[12.359701,45.073399],[12.364201,45.071568],[12.371336,45.06669],[12.383086,45.057209],[12.396664,45.04627],[12.410031,45.03696],[12.413453,45.034861],[12.422448,45.029317],[12.427729,45.025969],[12.439451,45.017802],[12.448606,45.011526],[12.449163,45.011183],[12.450144,45.010602],[12.450523,45.010419],[12.451394,45.010089],[12.451597,45.010022],[12.45496,45.009388],[12.460772,45.006497],[12.46847,45.00189],[12.475055,44.997929],[12.484937,44.993059],[12.489509,44.99476],[12.491758,44.99553],[12.495564,44.99629],[12.504212,44.994538],[12.504161,44.991949],[12.506543,44.989627],[12.505157,44.995957],[12.505689,44.996741],[12.509264,44.994612],[12.513609,44.990645],[12.514013,44.990399],[12.517674,44.988226],[12.521573,44.985999],[12.529149,44.981725],[12.529646,44.981475],[12.53049,44.981051],[12.531036,44.980777],[12.538786,44.977532],[12.543563,44.975777],[12.55353,44.968966],[12.555264,44.965749],[12.555254,44.960376],[12.551845,44.959072],[12.546785,44.957096],[12.540857,44.954739],[12.53787,44.952419],[12.527871,44.94362],[12.514759,44.932842],[12.509931,44.926606],[12.507194,44.921317],[12.501553,44.910267],[12.49778,44.902751],[12.489401,44.885405],[12.481404,44.868012],[12.474463,44.85619],[12.466073,44.8437],[12.454505,44.838085],[12.436987,44.831821],[12.428861,44.829267],[12.424356,44.827176],[12.415451,44.82004],[12.418947,44.817723],[12.422787,44.815389],[12.423437,44.814572],[12.423544,44.813014],[12.422366,44.811058],[12.41618,44.805568],[12.413591,44.803359],[12.403911,44.795659],[12.3998,44.792876],[12.398108,44.792777],[12.390227,44.795924],[12.376228,44.803244],[12.374038,44.804713],[12.368858,44.808044],[12.364038,44.81104],[12.363828,44.811159],[12.36312,44.811562],[12.362047,44.812035],[12.360563,44.81261],[12.358973,44.813106],[12.35737,44.813604],[12.355193,44.815082],[12.355161,44.815113],[12.353282,44.817027],[12.353229,44.817106],[12.353167,44.817198],[12.351747,44.819359],[12.347047,44.828166],[12.345708,44.831473],[12.344856,44.834082],[12.344555,44.835171],[12.343893,44.838584],[12.343739,44.840083],[12.343625,44.841824],[12.343588,44.843805],[12.343566,44.844125],[12.343452,44.845835],[12.343092,44.846826],[12.342466,44.847817],[12.341575,44.849031],[12.340534,44.85007],[12.339389,44.850745],[12.338429,44.851311],[12.336318,44.852237],[12.334392,44.852617],[12.321675,44.853761],[12.303836,44.855388],[12.301932,44.85574],[12.299854,44.856358],[12.297879,44.857235],[12.29515,44.859303],[12.294944,44.859512],[12.294109,44.860359],[12.287909,44.868622],[12.28717,44.86961],[12.286651,44.870305],[12.286166,44.871831],[12.285996,44.872368],[12.284705,44.878373],[12.284024,44.886423],[12.284049,44.888645],[12.284268,44.890268],[12.284615,44.891915],[12.285156,44.894519],[12.285282,44.895613],[12.28515,44.897066],[12.28488,44.899451],[12.283996,44.903804],[12.283326,44.905683],[12.282329,44.907797],[12.281952,44.90963],[12.281872,44.910016],[12.282185,44.91151],[12.283306,44.91317],[12.28409,44.914246],[12.285068,44.91519],[12.290401,44.920275],[12.29191,44.921627],[12.293183,44.923057],[12.294134,44.924398],[12.294747,44.925371],[12.294871,44.926213],[12.294737,44.927415],[12.29401,44.929101],[12.293308,44.930336],[12.292279,44.931626],[12.28383,44.939693],[12.283118,44.940307],[12.281854,44.941262],[12.280869,44.941767],[12.276164,44.943289],[12.274489,44.943472],[12.272157,44.94326],[12.270423,44.942859],[12.269192,44.942381],[12.267715,44.941596],[12.246718,44.935624],[12.235447,44.931385],[12.234854,44.930538],[12.233912,44.9292],[12.233646,44.928849],[12.233187,44.928248],[12.231719,44.926481],[12.22959,44.924677],[12.228485,44.923953],[12.226762,44.923272],[12.225321,44.923036],[12.225133,44.923006],[12.224972,44.922981],[12.223702,44.923152],[12.221952,44.923579],[12.220156,44.924089],[12.217938,44.924764],[12.215873,44.925452],[12.201449,44.92584],[12.199963,44.925539],[12.198054,44.925404],[12.194174,44.92535],[12.191272,44.925576],[12.189249,44.92594],[12.189139,44.925959],[12.18767,44.926433],[12.186894,44.926813],[12.186054,44.927225],[12.184186,44.928267],[12.183148,44.928942],[12.182167,44.929584],[12.180655,44.930643],[12.179338,44.931832],[12.177887,44.933529],[12.176558,44.935402],[12.175982,44.937037],[12.175857,44.937393],[12.174891,44.93941],[12.173617,44.940678],[12.17315,44.941024],[12.172326,44.941632],[12.171049,44.941954],[12.170676,44.942047],[12.169145,44.94209],[12.16734,44.941546],[12.165034,44.940638],[12.163247,44.939724],[12.161069,44.938596],[12.159877,44.937657],[12.159155,44.936516],[12.158723,44.934646],[12.158764,44.933752],[12.152669,44.931024],[12.14443,44.928289],[12.138891,44.929567],[12.132057,44.932762],[12.12758,44.935495],[12.122296,44.943194],[12.117532,44.951209],[12.117533,44.953099],[12.117474,44.954829],[12.117059,44.956047],[12.116183,44.957673],[12.114929,44.959102],[12.113441,44.960151],[12.113134,44.960367],[12.091564,44.970207],[12.072348,44.97204],[12.069182,44.970694],[12.067798,44.970305],[12.066465,44.96993],[12.064035,44.969527],[12.062771,44.96955],[12.061057,44.96958],[12.059035,44.96995],[12.057299,44.970477],[12.056889,44.970601],[12.056844,44.970621],[12.055368,44.971326],[12.053713,44.972415],[12.053093,44.972836],[12.052294,44.97338],[12.051636,44.973856],[12.051583,44.973895],[12.051343,44.974071],[12.050792,44.974473],[12.04311,44.976704],[12.031395,44.977016],[12.028857,44.976984],[12.023225,44.976728],[12.016908,44.976463],[12.015454,44.976556],[12.013163,44.977111],[12.006244,44.979284],[12.000009,44.981324],[11.994335,44.982539],[11.975008,44.985832],[11.964173,44.98678],[11.963251,44.986809],[11.962679,44.986828],[11.96099,44.986547],[11.958894,44.985999],[11.951242,44.983465],[11.950387,44.983127],[11.946325,44.981323],[11.944897,44.980667],[11.94314,44.979803],[11.941636,44.979158],[11.938748,44.977972],[11.936597,44.977289],[11.932258,44.976006],[11.930242,44.975517],[11.927809,44.975013],[11.926941,44.974877],[11.926377,44.974793],[11.924583,44.974677],[11.922868,44.974608],[11.921183,44.974651],[11.915395,44.97524],[11.911408,44.975648],[11.909545,44.975921],[11.909051,44.975998],[11.908422,44.976096],[11.907683,44.976212],[11.907165,44.976319],[11.906537,44.97645],[11.906202,44.976519],[11.889779,44.976972],[11.87094,44.974725],[11.855895,44.97458],[11.846925,44.973503],[11.839413,44.972809],[11.838318,44.972789],[11.837928,44.972783],[11.837871,44.972789],[11.83724,44.972857],[11.836843,44.9729],[11.835458,44.973087],[11.83472,44.973193],[11.833644,44.973348],[11.829077,44.974497],[11.825322,44.97549],[11.824009,44.975936],[11.819519,44.976705],[11.817757,44.976973],[11.815865,44.977182],[11.813994,44.97725],[11.813598,44.977265],[11.81336,44.977268],[11.812093,44.977284],[11.811267,44.977295],[11.810191,44.977294],[11.808819,44.977293],[11.806468,44.977161],[11.804719,44.976961],[11.803824,44.976761],[11.802578,44.976483],[11.800684,44.975845],[11.799071,44.975003],[11.797316,44.973848],[11.795528,44.972299],[11.793272,44.970225],[11.791602,44.968736],[11.790037,44.967545],[11.788447,44.966387],[11.787074,44.965529],[11.783827,44.964186],[11.782516,44.96384],[11.780673,44.963471],[11.768043,44.961019],[11.756049,44.95905],[11.754145,44.959004],[11.753987,44.959],[11.752119,44.958874],[11.750965,44.958787],[11.750313,44.958738],[11.748679,44.958507],[11.748534,44.958471],[11.747036,44.958097],[11.745631,44.957334],[11.744445,44.956405],[11.743958,44.956024],[11.743896,44.955968],[11.742919,44.955091],[11.742356,44.954586],[11.741233,44.953092],[11.741197,44.953029],[11.740404,44.951626],[11.740262,44.951104],[11.740003,44.95016],[11.739972,44.94978],[11.739905,44.948587],[11.739968,44.946983],[11.740143,44.946123],[11.742664,44.941571],[11.7429,44.941139],[11.74313,44.94072],[11.743399,44.94023],[11.743599,44.939772],[11.743707,44.939525],[11.744027,44.938792],[11.744746,44.937128],[11.744758,44.937043],[11.744907,44.935981],[11.74489,44.93569],[11.744885,44.935606],[11.744847,44.934974],[11.744063,44.933709],[11.744023,44.933643],[11.743829,44.933465],[11.743029,44.932731],[11.740043,44.93066],[11.738707,44.929747],[11.737047,44.928671],[11.734073,44.927135],[11.733686,44.926957],[11.732933,44.926609],[11.732317,44.926538],[11.73168,44.926465],[11.731187,44.926408],[11.731043,44.926395],[11.729609,44.926265],[11.729136,44.92625],[11.728501,44.92623],[11.727845,44.926209],[11.726212,44.926239],[11.72597,44.926299],[11.725327,44.926458],[11.723806,44.926701],[11.721452,44.926739],[11.71845,44.926657],[11.718129,44.926623],[11.715532,44.926338],[11.710322,44.925169],[11.707574,44.924465],[11.706659,44.9241],[11.70261,44.922343],[11.697808,44.920221],[11.682163,44.916264],[11.672845,44.915166],[11.671278,44.914756],[11.66959,44.914063],[11.665882,44.912111],[11.665478,44.911898],[11.664519,44.911386],[11.663382,44.910773],[11.65011,44.903271],[11.629885,44.891969],[11.624809,44.889223],[11.623269,44.888781],[11.621441,44.888391],[11.61959,44.888065],[11.617373,44.888035],[11.615477,44.888095],[11.61512,44.888107],[11.614654,44.888124],[11.600854,44.888988],[11.599288,44.889213],[11.596777,44.889738],[11.595206,44.89023],[11.595142,44.890253],[11.593536,44.890892],[11.592084,44.892039],[11.591792,44.892459],[11.591421,44.892995],[11.591255,44.893235],[11.590953,44.893779],[11.590229,44.895081],[11.589386,44.896786],[11.589082,44.89746],[11.588836,44.898013],[11.588811,44.898074],[11.588332,44.899263],[11.588234,44.900654],[11.588136,44.902114],[11.588134,44.902151],[11.588137,44.903887],[11.588135,44.904787],[11.588129,44.905641],[11.587918,44.907133],[11.587623,44.908727],[11.587611,44.908771],[11.587075,44.910121],[11.586429,44.911339],[11.58551,44.912358],[11.585432,44.912443],[11.584687,44.913184],[11.583335,44.914195],[11.581706,44.915202],[11.579304,44.916605],[11.57764,44.91711],[11.574803,44.917886],[11.572742,44.918396],[11.57143,44.918524],[11.571032,44.918556],[11.570029,44.918637],[11.568503,44.918671],[11.566413,44.918808],[11.565346,44.918891],[11.565099,44.91891],[11.564089,44.919114],[11.563743,44.919183],[11.561208,44.920023],[11.560064,44.920508],[11.558645,44.921295],[11.558543,44.921352],[11.55848,44.921392],[11.557606,44.92194],[11.556463,44.922767],[11.554627,44.924195],[11.552803,44.925694],[11.551753,44.926581],[11.551469,44.926825],[11.551362,44.926917],[11.550569,44.927598],[11.550529,44.927632],[11.549918,44.928153],[11.549489,44.92852],[11.549421,44.928578],[11.548392,44.929384],[11.546229,44.930838],[11.545438,44.931311],[11.542817,44.932857],[11.542207,44.933183],[11.541911,44.933342],[11.541727,44.933439],[11.53978,44.934446],[11.539123,44.93474],[11.537837,44.935164],[11.535974,44.935746],[11.531977,44.936834],[11.529693,44.937083],[11.529535,44.937091],[11.526874,44.937226],[11.505253,44.937059],[11.503069,44.937147],[11.500892,44.937232],[11.500259,44.937257],[11.499893,44.937271],[11.499626,44.937272],[11.498993,44.937276],[11.497701,44.937283],[11.489489,44.937305],[11.485681,44.937174],[11.469602,44.936373],[11.467516,44.936202],[11.46582,44.935995],[11.459652,44.934946],[11.456404,44.934208],[11.455986,44.934094],[11.455067,44.933825],[11.445098,44.931704],[11.434077,44.929395],[11.432557,44.929113],[11.431093,44.928955],[11.429373,44.929046],[11.427495,44.929563],[11.426352,44.9301],[11.425555,44.931053],[11.425036,44.932132],[11.424973,44.932263],[11.424622,44.933558],[11.424,44.936559],[11.423971,44.937106],[11.423948,44.937557],[11.42393,44.937893],[11.423941,44.938007],[11.423983,44.938456],[11.424026,44.938905],[11.424066,44.939331],[11.424116,44.939803],[11.424235,44.940938],[11.424673,44.943805],[11.424919,44.944737],[11.42493,44.944781],[11.425372,44.946261],[11.426163,44.948792],[11.426337,44.949208],[11.426502,44.949604],[11.426742,44.950083],[11.426932,44.950767],[11.427507,44.952837],[11.427646,44.953734],[11.42765,44.953865],[11.427673,44.955228],[11.427588,44.956535],[11.427316,44.957891],[11.426835,44.95881],[11.426296,44.959723],[11.426232,44.959831],[11.425487,44.960819],[11.424417,44.961895],[11.423343,44.962775],[11.422983,44.963069],[11.422757,44.96323],[11.421912,44.96383],[11.420178,44.964812],[11.41959,44.965105],[11.41906,44.965368],[11.41844,44.965677],[11.41747,44.966139],[11.41614,44.96677],[11.415613,44.966996],[11.414792,44.967348],[11.412651,44.968248],[11.411302,44.968727],[11.409028,44.969531],[11.407681,44.969766],[11.405809,44.969869],[11.401788,44.970422],[11.395839,44.971285],[11.394559,44.971618],[11.386445,44.97411],[11.375188,44.977669],[11.366234,44.980598],[11.365802,44.98074],[11.365176,44.980944],[11.364674,44.981109],[11.36455,44.981149],[11.363925,44.981354],[11.363681,44.981434],[11.362049,44.982023],[11.361425,44.982248],[11.360769,44.982484],[11.36064,44.982543],[11.341001,44.988554],[11.338246,44.989421],[11.335812,44.990398],[11.333471,44.991418],[11.331854,44.992234],[11.327288,44.995594],[11.322129,45.000174],[11.317929,45.004197],[11.313216,45.00973],[11.310864,45.011209],[11.310369,45.011477],[11.30874,45.012359],[11.306948,45.012927],[11.30539,45.0133],[11.303705,45.013703],[11.303416,45.013772],[11.303072,45.013852],[11.301618,45.014187],[11.297398,45.014651],[11.296133,45.014757],[11.292747,45.015],[11.289053,45.015429],[11.283015,45.016144],[11.282863,45.016166],[11.281526,45.016354],[11.277361,45.016942],[11.275497,45.017312],[11.27468,45.017842],[11.274357,45.018051],[11.274038,45.018259],[11.27391,45.01842],[11.2733,45.01921],[11.273207,45.020382],[11.266425,45.030554],[11.264074,45.03209],[11.263213,45.032806],[11.263053,45.032939],[11.263079,45.033129],[11.263142,45.033585],[11.267352,45.039893],[11.268512,45.041607],[11.269279,45.042699],[11.269986,45.043548],[11.270187,45.04379],[11.27037,45.04401],[11.270408,45.044235],[11.270455,45.044512],[11.270474,45.044684],[11.270516,45.045087],[11.27052,45.045133],[11.270556,45.045583],[11.270591,45.046032],[11.270618,45.046363],[11.270601,45.047382],[11.270599,45.047498],[11.270504,45.047834],[11.270298,45.048566],[11.269534,45.051075],[11.269203,45.052009],[11.269073,45.052369],[11.268699,45.053405],[11.267551,45.055201],[11.265903,45.056224],[11.264325,45.056786],[11.262712,45.056809],[11.261412,45.056349],[11.25948,45.055361],[11.256959,45.053908],[11.254917,45.052346],[11.252988,45.050439],[11.25165,45.048701],[11.251621,45.048658],[11.251331,45.048214],[11.251041,45.04777],[11.250751,45.047325],[11.250501,45.046942],[11.250024,45.046439],[11.249773,45.046175],[11.249111,45.045479],[11.249031,45.045395],[11.247935,45.04468],[11.247598,45.04446],[11.24716,45.044313],[11.246517,45.044097],[11.245705,45.043824],[11.245423,45.043729],[11.244081,45.043406],[11.243308,45.04322],[11.243039,45.043155],[11.240441,45.042954],[11.238533,45.043207],[11.23669,45.043792],[11.235031,45.044572],[11.230587,45.047135],[11.228818,45.048393],[11.227471,45.049347],[11.225996,45.050285],[11.216389,45.055684],[11.214905,45.056388],[11.212191,45.057484],[11.200549,45.060257],[11.197422,45.060497],[11.193381,45.060773],[11.191492,45.060872],[11.181129,45.061234],[11.178564,45.060931],[11.176414,45.060495],[11.17528,45.060066],[11.174295,45.061561],[11.173628,45.070783],[11.175487,45.074888],[11.182571,45.078864],[11.187326,45.082511],[11.18822,45.083305],[11.188368,45.084085],[11.187959,45.085776],[11.187775,45.086284],[11.187454,45.086533],[11.182882,45.087926],[11.181783,45.088118],[11.18085,45.087955],[11.180027,45.08771],[11.179309,45.087553],[11.178122,45.087746],[11.177309,45.088077],[11.176816,45.088492],[11.176718,45.089259],[11.176698,45.092076],[11.177055,45.095112],[11.177509,45.097345],[11.177846,45.097474],[11.178442,45.097703],[11.188408,45.10152],[11.202024,45.107641],[11.205478,45.109491],[11.2053,45.104013],[11.205121,45.099669],[11.21038,45.094004],[11.222982,45.084388],[11.229075,45.085539],[11.236208,45.089225],[11.249322,45.091497],[11.260967,45.092248],[11.273985,45.092367],[11.280078,45.091553],[11.285993,45.090435],[11.298537,45.092046],[11.300299,45.092254],[11.302337,45.092375],[11.304194,45.092401],[11.305674,45.092227],[11.314782,45.09026],[11.315714,45.090052],[11.31664,45.089376],[11.318021,45.088034],[11.318456,45.087476],[11.318889,45.086558],[11.319047,45.08606],[11.319694,45.083211],[11.33246,45.075929],[11.334583,45.07504],[11.342907,45.071989],[11.345824,45.071048],[11.348065,45.071388],[11.350143,45.071237],[11.353908,45.070439],[11.356472,45.068038],[11.359569,45.060486],[11.359855,45.059073],[11.359838,45.058335],[11.359995,45.057846],[11.360323,45.057479],[11.360786,45.057316],[11.363666,45.057221],[11.370397,45.057216],[11.378277,45.057367],[11.385761,45.05713],[11.394142,45.054371],[11.399786,45.052974],[11.400706,45.052802],[11.401721,45.052799],[11.402416,45.053],[11.412972,45.060602],[11.416333,45.064292],[11.421738,45.06758],[11.422886,45.067988],[11.424597,45.068203],[11.431954,45.068245],[11.434989,45.068243],[11.437983,45.069331],[11.442382,45.072596],[11.444147,45.075708],[11.445591,45.080334],[11.444908,45.081018],[11.440663,45.090138],[11.44123,45.090623],[11.441569,45.090967],[11.441654,45.091249],[11.441679,45.091538],[11.440999,45.095993],[11.436196,45.102669],[11.436016,45.102858],[11.435688,45.1032],[11.434761,45.103832],[11.434307,45.104132],[11.43336,45.104363],[11.424687,45.113255],[11.416475,45.119095],[11.412874,45.120428],[11.412094,45.12087],[11.411911,45.120974],[11.411756,45.121063],[11.410975,45.121586],[11.410181,45.123433],[11.410046,45.123757],[11.409726,45.124536],[11.409624,45.125377],[11.409248,45.131009],[11.409691,45.131562],[11.410206,45.131934],[11.410622,45.132168],[11.410954,45.132337],[11.416906,45.129333],[11.427612,45.124679],[11.445639,45.118646],[11.461276,45.111509],[11.462911,45.110807],[11.468015,45.108822],[11.469167,45.108494],[11.473318,45.107477],[11.476575,45.10672],[11.49172,45.103287],[11.492982,45.10307],[11.494591,45.103251],[11.496098,45.103704],[11.507043,45.10837],[11.515434,45.114766],[11.51594,45.116141],[11.516012,45.116265],[11.51664,45.117323],[11.517541,45.118428],[11.518807,45.119183],[11.520215,45.119674],[11.522157,45.12018],[11.525394,45.120649],[11.526136,45.12075],[11.527309,45.120823],[11.528912,45.12085],[11.544657,45.120644],[11.548885,45.120523],[11.550571,45.120404],[11.55211,45.120136],[11.553813,45.119828],[11.565055,45.121871],[11.572551,45.124148],[11.57411,45.124169],[11.577038,45.123968],[11.577591,45.123821],[11.578455,45.123531],[11.579227,45.123163],[11.579819,45.122771],[11.580303,45.122229],[11.580768,45.121544],[11.581408,45.120512],[11.590777,45.117662],[11.595297,45.118361],[11.597159,45.118219],[11.598914,45.117936],[11.59999,45.11757],[11.600812,45.117173],[11.606445,45.113849],[11.610148,45.110587],[11.619324,45.109134],[11.640299,45.108606],[11.65247,45.107081],[11.653839,45.106167],[11.655073,45.105635],[11.66205,45.103969],[11.66296,45.103866],[11.664267,45.104079],[11.66997,45.105723],[11.678673,45.103913],[11.684894,45.102128],[11.686126,45.101577],[11.688971,45.100439],[11.690606,45.099815],[11.693122,45.098973],[11.694453,45.098635],[11.695905,45.098709],[11.696805,45.098922],[11.699094,45.099489],[11.702041,45.100319],[11.705358,45.101339],[11.706402,45.101629],[11.707595,45.101862],[11.708826,45.102094],[11.71024,45.102159],[11.7119,45.102048],[11.713632,45.101863],[11.714504,45.101752],[11.715045,45.10164],[11.715649,45.101509],[11.717231,45.101102],[11.718291,45.100393],[11.729403,45.097805],[11.737432,45.09773],[11.745614,45.096885],[11.755236,45.095852],[11.756757,45.095491],[11.758226,45.095384],[11.759499,45.095434],[11.76125,45.095634],[11.762882,45.096009],[11.773458,45.098475],[11.777944,45.101017],[11.792107,45.109439],[11.805666,45.119711],[11.806828,45.120582],[11.808027,45.121192],[11.813056,45.123139],[11.815039,45.123387],[11.816675,45.123283],[11.818004,45.122909],[11.819433,45.122495],[11.819758,45.122384],[11.821683,45.121719],[11.823424,45.121424],[11.824896,45.12137],[11.830562,45.121797],[11.832277,45.122015],[11.832354,45.122036],[11.833385,45.122321],[11.83403,45.122764],[11.835781,45.124728],[11.835853,45.124843],[11.83632,45.125596],[11.845185,45.128463],[11.857163,45.131747],[11.858874,45.132136],[11.863806,45.133119],[11.865308,45.133397],[11.880067,45.135042],[11.891292,45.134438],[11.891539,45.134292],[11.893755,45.133606],[11.895484,45.133346],[11.897185,45.133285],[11.898382,45.133561],[11.911689,45.136652],[11.919681,45.140237],[11.920398,45.141083],[11.92132,45.14195],[11.922729,45.142634],[11.924472,45.143139],[11.926541,45.143302],[11.931281,45.143225],[11.933261,45.143138],[11.934097,45.143013],[11.935066,45.142867],[11.93593,45.142593],[11.937537,45.141939],[11.938858,45.141158],[11.940924,45.139791],[11.942239,45.138892],[11.944053,45.137567],[11.945534,45.13644],[11.94694,45.135846],[11.948467,45.135356],[11.950443,45.134963],[11.954793,45.134238],[11.958328,45.133742],[11.963109,45.133482],[11.966212,45.133483],[11.967354,45.13366],[11.968754,45.133991],[11.972387,45.134591],[11.984511,45.13741],[11.990115,45.138953],[11.992568,45.139402],[11.994861,45.139729],[11.997196,45.139866],[12.004094,45.140188],[12.0057,45.140254],[12.00811,45.140127],[12.022973,45.138582],[12.040712,45.133259],[12.039758,45.129675],[12.034988,45.128677],[12.029644,45.125355],[12.025811,45.120351],[12.025711,45.120214],[12.025495,45.119909],[12.025497,45.119851],[12.02553,45.119602],[12.027858,45.118667],[12.028635,45.118458],[12.029642,45.118269],[12.031102,45.117996],[12.039159,45.116605],[12.046846,45.115434],[12.049584,45.11267],[12.048865,45.111095],[12.047645,45.10777],[12.047615,45.107643],[12.047316,45.106366],[12.047424,45.106057],[12.047666,45.105369],[12.049288,45.104243],[12.05407,45.100964],[12.055477,45.100186],[12.055576,45.100132],[12.055955,45.099937],[12.057034,45.09938],[12.068038,45.092149],[12.072161,45.089378],[12.080209,45.083907],[12.084783,45.080541],[12.089981,45.077034],[12.09636,45.072882],[12.11008,45.064164],[12.110253,45.064072],[12.114104,45.06202],[12.119821,45.059704],[12.126568,45.058133],[12.136512,45.056266],[12.140834,45.055634],[12.141557,45.055624],[12.147299,45.057257],[12.148143,45.057593],[12.148433,45.058252],[12.147941,45.059237],[12.14678,45.06053],[12.146487,45.061906],[12.147819,45.068585],[12.149143,45.069781],[12.150994,45.070648],[12.153928,45.071792],[12.155214,45.072111],[12.155396,45.072156],[12.156005,45.072156],[12.157022,45.072156],[12.16042,45.079828],[12.159481,45.081909],[12.159876,45.084094],[12.160643,45.085054],[12.167344,45.093393],[12.167807,45.093956],[12.168525,45.094071],[12.172237,45.092942],[12.17435,45.092278],[12.174659,45.091343],[12.174685,45.091307],[12.178395,45.089179],[12.180059,45.088485],[12.187995,45.089064],[12.188393,45.089388],[12.188941,45.089839],[12.189377,45.090702],[12.189612,45.09117],[12.190312,45.092714],[12.195924,45.099518],[12.202374,45.104397],[12.213259,45.104712],[12.222665,45.104932],[12.237976,45.106389],[12.239566,45.106632],[12.243846,45.107699],[12.245034,45.108025],[12.245836,45.108263],[12.249754,45.109439],[12.250317,45.109616],[12.251859,45.110105],[12.251942,45.110133],[12.260044,45.113106],[12.266162,45.115839],[12.267034,45.116237],[12.268108,45.116728],[12.269636,45.117441],[12.277969,45.12154],[12.280694,45.122938],[12.281632,45.12355],[12.282429,45.12414],[12.283376,45.124913],[12.284266,45.125788],[12.28477,45.126593],[12.285211,45.127642],[12.285357,45.128412],[12.28535,45.129393],[12.285105,45.13022],[12.284459,45.131372],[12.28316,45.133543],[12.282321,45.134666],[12.281674,45.135791],[12.281098,45.136834],[12.280454,45.138032],[12.280285,45.139072],[12.280422,45.140121],[12.280756,45.1413],[12.281537,45.142493],[12.28272,45.143386],[12.284634,45.143925],[12.285749,45.144181],[12.286451,45.144341],[12.288216,45.144506],[12.290079,45.144155],[12.292275,45.143651],[12.29414,45.143336],[12.296221,45.143249],[12.298537,45.143263],[12.300766,45.143324],[12.309291,45.143806],[12.310308,45.143966],[12.311075,45.144088],[12.312545,45.144657],[12.314079,45.145666],[12.330602,45.160645],[12.332423,45.162772],[12.332727,45.163108],[12.333246,45.163322],[12.334688,45.16378],[12.334676,45.163734],[12.334403,45.162708],[12.334362,45.162584],[12.334213,45.162137],[12.333458,45.160152],[12.333006,45.159023],[12.331515,45.155466],[12.330528,45.153427]]]]}},{"type":"Feature","properties":{"province":"siracusa","geometryId":"uts:89","adminLevel":"province","name":"Siracusa"},"geometry":{"type":"MultiPolygon","coordinates":[[[[15.078749,36.645633],[15.078769,36.645388],[15.078279,36.644356],[15.078038,36.644082],[15.077703,36.644102],[15.077149,36.644286],[15.07658,36.645007],[15.076559,36.645102],[15.0765,36.645365],[15.076784,36.645789],[15.077309,36.646228],[15.07746,36.646315],[15.077882,36.646557],[15.078695,36.646795],[15.078791,36.646639],[15.078749,36.645633]]],[[[15.151919,36.689297],[15.152193,36.689272],[15.153897,36.689083],[15.154026,36.689063],[15.15418,36.68893],[15.15415,36.688845],[15.154108,36.688752],[15.153027,36.68682],[15.151542,36.684952],[15.1441,36.681754],[15.143963,36.68161],[15.143901,36.68158],[15.143777,36.681522],[15.14362,36.681493],[15.143483,36.681817],[15.143186,36.683122],[15.143221,36.683398],[15.143333,36.68393],[15.143583,36.684499],[15.144951,36.68694],[15.14538,36.687546],[15.145748,36.687955],[15.146143,36.688334],[15.146289,36.688458],[15.147806,36.688995],[15.147948,36.689038],[15.148217,36.689109],[15.151919,36.689297]]],[[[15.119418,36.738498],[15.119493,36.738326],[15.119435,36.738212],[15.11936,36.738105],[15.119238,36.738018],[15.119135,36.737959],[15.118807,36.737831],[15.118599,36.737873],[15.11844,36.73798],[15.118359,36.738061],[15.118356,36.738117],[15.118366,36.738342],[15.1184,36.738434],[15.118418,36.738485],[15.119093,36.738601],[15.119171,36.738602],[15.119237,36.73858],[15.119418,36.738498]]],[[[15.105564,36.790035],[15.105239,36.790039],[15.104601,36.790584],[15.103823,36.79141],[15.103468,36.792345],[15.104642,36.792963],[15.105119,36.792998],[15.10587,36.792947],[15.106327,36.792555],[15.106337,36.792126],[15.106262,36.791546],[15.106055,36.790997],[15.105753,36.79037],[15.105564,36.790035]]],[[[15.263546,36.97978],[15.26367,36.979726],[15.264239,36.979459],[15.264878,36.979011],[15.26492,36.978964],[15.264897,36.978896],[15.264854,36.978822],[15.26477,36.978759],[15.264714,36.978719],[15.264649,36.978701],[15.264534,36.978683],[15.264284,36.978654],[15.263739,36.978723],[15.263568,36.978757],[15.262887,36.978967],[15.262846,36.979106],[15.263121,36.979747],[15.263245,36.979806],[15.263473,36.979871],[15.263546,36.97978]]],[[[15.302754,37.044019],[15.302776,37.043987],[15.302786,37.043927],[15.302772,37.043886],[15.30274,37.043845],[15.30247,37.043603],[15.302315,37.043498],[15.302215,37.043525],[15.302169,37.043557],[15.302133,37.043781],[15.302151,37.04384],[15.302494,37.044205],[15.302619,37.044278],[15.302786,37.044247],[15.30279,37.044201],[15.302754,37.044019]]],[[[15.205088,37.236203],[15.205567,37.236168],[15.205684,37.235959],[15.205625,37.235679],[15.203591,37.235234],[15.20333,37.235514],[15.203709,37.235994],[15.204466,37.236547],[15.204559,37.236501],[15.205088,37.236203]]],[[[14.925097,37.411012],[14.932751,37.408394],[14.941399,37.405261],[14.951303,37.395008],[14.95318,37.393053],[14.954308,37.390629],[14.955929,37.3869],[14.956404,37.386287],[14.956946,37.385934],[14.95733,37.385702],[14.960526,37.383974],[14.964053,37.382288],[14.971182,37.379872],[14.981846,37.375153],[14.984963,37.373637],[14.992386,37.372327],[15.007586,37.370331],[15.012273,37.369493],[15.013842,37.369267],[15.014644,37.369249],[15.015649,37.369628],[15.022651,37.372308],[15.024808,37.375287],[15.024799,37.375584],[15.024811,37.376287],[15.025037,37.377135],[15.025308,37.377684],[15.025738,37.378189],[15.025998,37.378459],[15.03256,37.371292],[15.032693,37.370784],[15.032709,37.370657],[15.032742,37.370408],[15.032763,37.370246],[15.032917,37.368272],[15.03304,37.365261],[15.033016,37.364689],[15.033011,37.364591],[15.033006,37.364471],[15.032996,37.36443],[15.032963,37.364333],[15.032753,37.363728],[15.032441,37.363026],[15.032419,37.362501],[15.032418,37.36246],[15.032702,37.362356],[15.033445,37.362088],[15.036991,37.362132],[15.039171,37.362204],[15.040514,37.362257],[15.042561,37.362428],[15.044772,37.3627],[15.048183,37.363165],[15.061386,37.361047],[15.073462,37.359116],[15.076162,37.358824],[15.07737,37.358715],[15.078563,37.358618],[15.079369,37.358553],[15.080871,37.358489],[15.086702,37.358494],[15.08881,37.358507],[15.089724,37.35855],[15.090973,37.358642],[15.091751,37.35471],[15.092429,37.348382],[15.093742,37.33811],[15.0944,37.334474],[15.094961,37.332024],[15.095458,37.329902],[15.096498,37.325605],[15.09789,37.321146],[15.098233,37.320381],[15.099407,37.317999],[15.100043,37.316784],[15.101003,37.315183],[15.102294,37.313382],[15.103861,37.311264],[15.104522,37.310734],[15.10527,37.310177],[15.120683,37.310155],[15.134732,37.309532],[15.137247,37.308315],[15.13888,37.307338],[15.143079,37.303745],[15.150817,37.297411],[15.15477,37.294438],[15.160956,37.289788],[15.161636,37.28929],[15.161851,37.289185],[15.162234,37.289003],[15.163101,37.28876],[15.163143,37.288749],[15.163324,37.288705],[15.163576,37.288705],[15.164903,37.289067],[15.165049,37.289144],[15.165252,37.289299],[15.165359,37.289446],[15.165862,37.290201],[15.166393,37.291074],[15.166884,37.291557],[15.167428,37.291881],[15.168908,37.292748],[15.168999,37.292773],[15.169298,37.29285],[15.170375,37.293066],[15.171266,37.2932],[15.171624,37.293192],[15.178273,37.29108],[15.178931,37.290796],[15.180431,37.290097],[15.180779,37.289918],[15.184068,37.28809],[15.18544,37.287066],[15.185547,37.286957],[15.185624,37.286787],[15.185631,37.286678],[15.189128,37.281771],[15.191878,37.281609],[15.192193,37.281635],[15.19422,37.282308],[15.194454,37.282401],[15.194743,37.282528],[15.194785,37.282546],[15.197006,37.287448],[15.197447,37.292148],[15.200446,37.293338],[15.203602,37.29384],[15.204653,37.293988],[15.206158,37.293422],[15.208593,37.291479],[15.209688,37.290109],[15.21094,37.288145],[15.212263,37.284819],[15.2125,37.284255],[15.213906,37.281968],[15.216597,37.278364],[15.219022,37.275872],[15.224897,37.27018],[15.233715,37.264324],[15.239031,37.262036],[15.240931,37.26043],[15.242978,37.255524],[15.243963,37.251084],[15.245114,37.248152],[15.24662,37.246855],[15.248026,37.245734],[15.250097,37.244838],[15.255603,37.2414],[15.254495,37.235792],[15.252176,37.233552],[15.247161,37.232027],[15.245127,37.232956],[15.24255,37.234207],[15.241929,37.234545],[15.239333,37.236038],[15.238235,37.23705],[15.237939,37.237337],[15.237439,37.238359],[15.236945,37.239637],[15.235688,37.240934],[15.235114,37.241276],[15.235055,37.241309],[15.234729,37.241447],[15.231158,37.242925],[15.230882,37.242977],[15.230337,37.243074],[15.229993,37.243104],[15.229823,37.243105],[15.229777,37.243102],[15.22951,37.243086],[15.22928,37.243047],[15.229082,37.242991],[15.229007,37.242965],[15.227871,37.242375],[15.22706,37.241862],[15.225554,37.24078],[15.225366,37.240605],[15.224147,37.239348],[15.223964,37.23914],[15.223803,37.238892],[15.223751,37.238758],[15.22374,37.238696],[15.223074,37.234288],[15.223694,37.23089],[15.223927,37.226666],[15.224511,37.221974],[15.225357,37.216207],[15.233535,37.19856],[15.232454,37.198446],[15.225332,37.214644],[15.22102,37.217539],[15.220174,37.218331],[15.218969,37.219585],[15.217898,37.221582],[15.216552,37.224154],[15.216621,37.230546],[15.217985,37.235835],[15.215949,37.24379],[15.212807,37.246565],[15.206983,37.245251],[15.206295,37.245059],[15.205883,37.244789],[15.205702,37.244655],[15.205465,37.24448],[15.205388,37.24441],[15.204892,37.243962],[15.204703,37.243649],[15.204386,37.242451],[15.204386,37.24236],[15.204386,37.242285],[15.197465,37.235409],[15.193591,37.236131],[15.185952,37.236426],[15.190225,37.232547],[15.194413,37.228656],[15.194572,37.228053],[15.194932,37.226175],[15.193767,37.223231],[15.192308,37.220975],[15.192001,37.22072],[15.18507,37.216397],[15.182221,37.207472],[15.184272,37.199803],[15.187706,37.190052],[15.192499,37.185319],[15.195893,37.183598],[15.198193,37.184462],[15.198596,37.184655],[15.198756,37.184432],[15.201238,37.178392],[15.201248,37.171135],[15.200166,37.170456],[15.200049,37.170233],[15.199675,37.165021],[15.201028,37.161072],[15.204532,37.154988],[15.205832,37.153557],[15.206264,37.153173],[15.208588,37.1515],[15.209257,37.151205],[15.211705,37.150265],[15.212702,37.150045],[15.213103,37.149969],[15.214439,37.149855],[15.214779,37.149832],[15.214973,37.149819],[15.21866,37.149908],[15.219284,37.149935],[15.219344,37.149937],[15.220267,37.150037],[15.220573,37.15007],[15.221054,37.150171],[15.221571,37.150316],[15.222035,37.150454],[15.222286,37.150528],[15.222717,37.150666],[15.222908,37.150727],[15.223591,37.150969],[15.224859,37.151459],[15.225152,37.151572],[15.226105,37.152206],[15.226854,37.153113],[15.226938,37.156258],[15.226566,37.156833],[15.225962,37.158179],[15.226171,37.15847],[15.226634,37.158698],[15.227006,37.158877],[15.227561,37.158933],[15.233206,37.159155],[15.233611,37.159127],[15.234043,37.158994],[15.234332,37.158854],[15.234417,37.1588],[15.23454,37.158722],[15.234615,37.158675],[15.23537,37.158163],[15.23553,37.158054],[15.237112,37.155982],[15.244092,37.146392],[15.24424,37.145798],[15.242428,37.145803],[15.240719,37.145813],[15.240314,37.145911],[15.23807,37.146652],[15.236773,37.147287],[15.234346,37.14856],[15.233813,37.14887],[15.233697,37.148938],[15.233618,37.148992],[15.233098,37.149369],[15.233071,37.149422],[15.232918,37.14971],[15.231564,37.151621],[15.230078,37.15243],[15.229867,37.15251],[15.229694,37.152556],[15.229617,37.152577],[15.229237,37.152608],[15.229071,37.152579],[15.228788,37.15253],[15.227911,37.15229],[15.226712,37.151858],[15.225228,37.151174],[15.224538,37.150765],[15.224395,37.150666],[15.224185,37.150482],[15.223051,37.149162],[15.220837,37.145309],[15.220797,37.145228],[15.220782,37.145197],[15.220655,37.144937],[15.220483,37.144501],[15.220118,37.143368],[15.22,37.142409],[15.219773,37.138149],[15.219822,37.134997],[15.22019,37.131793],[15.220562,37.13007],[15.220737,37.129403],[15.221186,37.12838],[15.221536,37.128053],[15.222481,37.127281],[15.223054,37.126845],[15.234687,37.118477],[15.240577,37.115021],[15.25101,37.112072],[15.259222,37.109966],[15.259376,37.109645],[15.259567,37.107922],[15.25975,37.107508],[15.259941,37.107316],[15.260686,37.106843],[15.260909,37.106766],[15.262778,37.106242],[15.263439,37.106107],[15.267076,37.106203],[15.277032,37.107527],[15.27856,37.108262],[15.279609,37.109245],[15.280113,37.109581],[15.28149,37.110058],[15.281752,37.110142],[15.282181,37.110194],[15.286687,37.10934],[15.287997,37.109038],[15.293764,37.107587],[15.295749,37.106745],[15.2964,37.105596],[15.298387,37.10044],[15.299367,37.097761],[15.300687,37.092968],[15.299998,37.079432],[15.295559,37.074027],[15.291192,37.06897],[15.290279,37.066456],[15.291865,37.066875],[15.293539,37.06712],[15.296178,37.065533],[15.298051,37.061652],[15.297197,37.058004],[15.295745,37.054381],[15.294253,37.054412],[15.292886,37.057115],[15.291469,37.060494],[15.287435,37.063683],[15.280797,37.065516],[15.280547,37.065534],[15.279806,37.065587],[15.27957,37.065604],[15.278045,37.06525],[15.277225,37.064656],[15.276236,37.063816],[15.274521,37.062338],[15.27398,37.061832],[15.27143,37.057895],[15.271251,37.057551],[15.271006,37.056741],[15.270539,37.054189],[15.271041,37.051189],[15.271889,37.049271],[15.272199,37.048729],[15.275508,37.039778],[15.275636,37.039378],[15.275845,37.038972],[15.276987,37.037228],[15.277599,37.036493],[15.278647,37.035521],[15.27918,37.035052],[15.280075,37.034463],[15.281052,37.033845],[15.28156,37.033545],[15.282174,37.033352],[15.283887,37.032858],[15.284154,37.032799],[15.288245,37.032585],[15.288802,37.032583],[15.288918,37.032583],[15.289125,37.032606],[15.28929,37.032624],[15.290205,37.03283],[15.290594,37.032946],[15.291136,37.033113],[15.291679,37.033391],[15.291939,37.033646],[15.292134,37.033918],[15.292224,37.034074],[15.29229,37.03434],[15.292234,37.034489],[15.297607,37.041165],[15.298321,37.041747],[15.299171,37.042037],[15.300824,37.042594],[15.301512,37.042702],[15.302467,37.042849],[15.303074,37.042925],[15.303277,37.042931],[15.303397,37.042795],[15.303444,37.042444],[15.306342,37.039563],[15.307346,37.03891],[15.308258,37.038424],[15.310333,37.037339],[15.310738,37.03749],[15.311501,37.038101],[15.315978,37.035001],[15.318236,37.029645],[15.32069,37.02451],[15.322225,37.022274],[15.323933,37.020605],[15.330472,37.01646],[15.334938,37.010966],[15.336108,37.008523],[15.336563,37.007127],[15.336284,37.002499],[15.335967,37.002078],[15.335463,37.001836],[15.335324,37.001791],[15.335057,37.001711],[15.334489,37.001723],[15.333542,37.001744],[15.333095,37.001768],[15.332077,37.001872],[15.320245,37.003101],[15.314768,37.00369],[15.312854,37.004703],[15.31015,37.00827],[15.303954,37.014666],[15.303818,37.014789],[15.303138,37.015167],[15.302979,37.015215],[15.302772,37.015277],[15.301723,37.015307],[15.301415,37.015302],[15.301221,37.015298],[15.299532,37.015145],[15.298781,37.014932],[15.298056,37.014653],[15.297893,37.014517],[15.29732,37.013944],[15.294411,37.011148],[15.293736,37.010554],[15.293274,37.010159],[15.292514,37.00974],[15.283482,37.005861],[15.282812,37.006714],[15.282234,37.007112],[15.281961,37.007205],[15.281067,37.007446],[15.280889,37.007488],[15.280505,37.00755],[15.279798,37.00761],[15.27761,37.007624],[15.276807,37.007543],[15.27597,37.00733],[15.275339,37.007163],[15.270753,37.004415],[15.268728,37.003172],[15.26778,37.002518],[15.265707,36.999397],[15.26539,36.998878],[15.264866,36.997623],[15.264592,36.996903],[15.264492,36.995746],[15.264446,36.994831],[15.264454,36.994671],[15.264595,36.994544],[15.266346,36.991823],[15.269031,36.987018],[15.267893,36.985494],[15.262142,36.981223],[15.25663,36.980227],[15.257707,36.97904],[15.261136,36.976163],[15.262573,36.975413],[15.262741,36.975215],[15.262621,36.975103],[15.26167,36.974308],[15.257349,36.973096],[15.244517,36.971748],[15.238984,36.972198],[15.227199,36.967424],[15.226301,36.966484],[15.223352,36.964357],[15.222385,36.963798],[15.219886,36.962361],[15.219544,36.962326],[15.216488,36.962402],[15.21611,36.962481],[15.215724,36.962615],[15.2154,36.96275],[15.215145,36.962905],[15.214383,36.963552],[15.214085,36.963849],[15.205676,36.95878],[15.206355,36.95354],[15.202211,36.953625],[15.196199,36.95165],[15.189831,36.947691],[15.186222,36.945128],[15.179684,36.938682],[15.174902,36.928838],[15.172731,36.924488],[15.171913,36.924005],[15.166228,36.921522],[15.163323,36.920267],[15.160847,36.920053],[15.160862,36.92012],[15.160856,36.92021],[15.160767,36.920239],[15.160297,36.920268],[15.160146,36.920246],[15.160102,36.92024],[15.159709,36.920083],[15.159097,36.919801],[15.158796,36.919649],[15.157952,36.919174],[15.157761,36.919014],[15.156997,36.918305],[15.156525,36.917863],[15.1556,36.916974],[15.154997,36.916346],[15.154404,36.915722],[15.153431,36.914459],[15.151971,36.911997],[15.151555,36.911288],[15.143684,36.895795],[15.142264,36.892651],[15.141048,36.889605],[15.139064,36.882003],[15.137551,36.876065],[15.137944,36.875822],[15.138597,36.87463],[15.138917,36.873612],[15.138008,36.869692],[15.137921,36.869412],[15.137794,36.869006],[15.137311,36.867573],[15.136787,36.866261],[15.136601,36.866163],[15.136438,36.866122],[15.136307,36.86615],[15.136047,36.866242],[15.135884,36.866308],[15.135695,36.866396],[15.134431,36.866826],[15.133594,36.867026],[15.133169,36.867119],[15.131479,36.867414],[15.130875,36.867363],[15.126792,36.865631],[15.125142,36.86445],[15.120894,36.86111],[15.118377,36.858842],[15.117048,36.857203],[15.114144,36.853491],[15.112372,36.850905],[15.107703,36.840507],[15.106238,36.834927],[15.106178,36.834616],[15.106126,36.83419],[15.10606,36.833136],[15.106171,36.831936],[15.108717,36.819329],[15.108314,36.815026],[15.10604,36.806401],[15.105182,36.805359],[15.103004,36.803442],[15.101743,36.802335],[15.100917,36.802221],[15.099729,36.802589],[15.099027,36.802844],[15.095508,36.795512],[15.096319,36.787101],[15.095377,36.776348],[15.100063,36.767377],[15.100042,36.766177],[15.10008,36.765623],[15.101707,36.76112],[15.103067,36.757855],[15.104404,36.755545],[15.108777,36.749329],[15.109874,36.748131],[15.111068,36.746972],[15.112408,36.745939],[15.114101,36.744828],[15.114562,36.744552],[15.115059,36.744398],[15.11613,36.744258],[15.116493,36.744242],[15.117741,36.735802],[15.118284,36.734022],[15.120827,36.732185],[15.121341,36.72233],[15.121081,36.714004],[15.123211,36.70259],[15.123603,36.7016],[15.123667,36.701476],[15.12597,36.698425],[15.127591,36.697086],[15.132064,36.694635],[15.135092,36.690656],[15.137551,36.68714],[15.138436,36.682492],[15.135615,36.672241],[15.132722,36.667772],[15.129045,36.667177],[15.124873,36.669135],[15.124638,36.669474],[15.125981,36.669742],[15.126059,36.669788],[15.126257,36.669902],[15.12637,36.669988],[15.127478,36.671193],[15.124662,36.672916],[15.12294,36.673888],[15.122523,36.674116],[15.122252,36.674264],[15.121131,36.674704],[15.120897,36.674749],[15.119866,36.67495],[15.11924,36.67499],[15.118632,36.675029],[15.117319,36.674985],[15.117001,36.674929],[15.116805,36.674894],[15.116085,36.674767],[15.113308,36.673704],[15.112979,36.673528],[15.112943,36.673508],[15.112639,36.673309],[15.112393,36.673147],[15.109809,36.670305],[15.108985,36.669388],[15.108863,36.66901],[15.108843,36.668637],[15.108842,36.668554],[15.108842,36.667951],[15.108891,36.667652],[15.108982,36.667093],[15.103667,36.662386],[15.088445,36.652927],[15.079764,36.647714],[15.076647,36.652049],[15.074633,36.65456],[15.073578,36.655715],[15.071885,36.657497],[15.070873,36.658451],[15.070472,36.658728],[15.070381,36.65879],[15.069938,36.659046],[15.068706,36.659752],[15.064673,36.66137],[15.06413,36.661574],[15.062186,36.662117],[15.061807,36.662186],[15.061605,36.662218],[15.060524,36.662374],[15.059809,36.662422],[15.058701,36.662328],[15.057864,36.662164],[15.057142,36.661932],[15.055227,36.665031],[15.052633,36.673136],[15.052349,36.675677],[15.052227,36.676134],[15.05206,36.676668],[15.051999,36.676863],[15.051706,36.67779],[15.051046,36.679167],[15.050874,36.679444],[15.050398,36.680135],[15.047872,36.683633],[15.047259,36.68431],[15.046958,36.684643],[15.045477,36.686196],[15.045222,36.686455],[15.044646,36.687002],[15.043975,36.687627],[15.043878,36.687718],[15.043395,36.688107],[15.04293,36.688482],[15.042777,36.688589],[15.042292,36.688924],[15.032016,36.695456],[15.027634,36.698116],[15.024886,36.699479],[15.020716,36.701244],[15.019598,36.701599],[15.01796,36.702017],[15.013127,36.702919],[15.011438,36.703116],[15.009719,36.703259],[15.008641,36.703348],[15.006633,36.703405],[15.005001,36.703312],[15.004482,36.703261],[15.003531,36.703167],[15.002913,36.703095],[15.000376,36.702777],[14.999271,36.706261],[14.998487,36.713982],[14.999046,36.720154],[14.997519,36.731393],[14.997465,36.731623],[14.996829,36.73425],[14.995783,36.738077],[14.994113,36.743512],[14.99018,36.746729],[14.989641,36.746907],[14.989336,36.747008],[14.989158,36.747112],[14.988276,36.747641],[14.988006,36.747927],[14.987749,36.748199],[14.986528,36.750074],[14.985939,36.751367],[14.986304,36.754302],[14.986384,36.754573],[14.986467,36.754849],[14.986603,36.755058],[14.986792,36.755339],[14.986841,36.755412],[14.987356,36.75589],[14.987555,36.756023],[14.987794,36.756182],[14.988142,36.756413],[14.988391,36.756551],[14.988869,36.756816],[14.989048,36.756916],[14.990191,36.757513],[14.992154,36.761473],[14.991591,36.765491],[14.989013,36.775306],[14.988687,36.776515],[14.988463,36.77685],[14.988193,36.777253],[14.986043,36.779959],[14.986015,36.779984],[14.985349,36.780588],[14.9852,36.780724],[14.969583,36.791753],[14.958124,36.799567],[14.951212,36.801226],[14.950996,36.800862],[14.949774,36.79978],[14.949619,36.799665],[14.949214,36.799365],[14.948667,36.79896],[14.947332,36.798073],[14.94443,36.796712],[14.942759,36.796784],[14.941208,36.797552],[14.940636,36.798159],[14.940146,36.800245],[14.940154,36.800433],[14.940169,36.800795],[14.940996,36.802455],[14.941277,36.802634],[14.941666,36.802879],[14.942411,36.803304],[14.932089,36.80931],[14.92354,36.81377],[14.915527,36.812615],[14.914428,36.81229],[14.912657,36.812099],[14.911658,36.8122],[14.904927,36.813467],[14.902329,36.81403],[14.894824,36.817684],[14.893453,36.819047],[14.892675,36.820678],[14.891834,36.822495],[14.890656,36.823921],[14.890495,36.824077],[14.888266,36.824547],[14.88793,36.824613],[14.887053,36.824786],[14.886907,36.824815],[14.882323,36.824717],[14.879497,36.824086],[14.867884,36.821362],[14.86611,36.816726],[14.867076,36.816314],[14.867446,36.81542],[14.867224,36.815194],[14.866472,36.814429],[14.862525,36.815902],[14.860548,36.817847],[14.856455,36.823511],[14.853774,36.827955],[14.855627,36.828208],[14.857051,36.828435],[14.858753,36.830241],[14.859694,36.831267],[14.859876,36.831465],[14.859928,36.831522],[14.860495,36.833427],[14.864416,36.846961],[14.865032,36.85075],[14.863749,36.851889],[14.861782,36.854149],[14.861106,36.855772],[14.861015,36.856892],[14.861917,36.860136],[14.862382,36.861401],[14.862454,36.861596],[14.86385,36.864531],[14.864366,36.865375],[14.870068,36.870535],[14.885216,36.868427],[14.886182,36.868212],[14.892447,36.864422],[14.892939,36.863905],[14.893236,36.863594],[14.896133,36.860541],[14.896796,36.859684],[14.897067,36.859108],[14.909469,36.853744],[14.921577,36.848797],[14.928928,36.850137],[14.935573,36.860069],[14.938358,36.863409],[14.937792,36.864527],[14.936802,36.866314],[14.92698,36.873199],[14.920814,36.87791],[14.919671,36.880175],[14.915131,36.886228],[14.913457,36.887297],[14.907987,36.888902],[14.905521,36.889069],[14.89983,36.889642],[14.889742,36.895071],[14.884067,36.898782],[14.882625,36.90497],[14.881588,36.908197],[14.877559,36.914538],[14.877432,36.916729],[14.877406,36.918864],[14.877515,36.919413],[14.877614,36.919589],[14.877853,36.920001],[14.878202,36.920134],[14.878493,36.920246],[14.879233,36.920245],[14.882169,36.920203],[14.883725,36.920179],[14.88428,36.920019],[14.884601,36.919926],[14.885499,36.919729],[14.886196,36.919604],[14.88678,36.919676],[14.889856,36.92023],[14.890988,36.920518],[14.891514,36.920654],[14.892345,36.92106],[14.896565,36.923255],[14.896612,36.923303],[14.897047,36.923756],[14.897202,36.924482],[14.897176,36.924538],[14.89682,36.925302],[14.895741,36.926067],[14.884142,36.933935],[14.881601,36.935501],[14.877511,36.936605],[14.872725,36.938512],[14.870296,36.940113],[14.868342,36.94158],[14.865382,36.943912],[14.848441,36.947298],[14.845536,36.945664],[14.842831,36.944971],[14.841042,36.94501],[14.840143,36.945662],[14.83921,36.946485],[14.840518,36.949283],[14.839988,36.95931],[14.839514,36.964878],[14.8395,36.965039],[14.839419,36.965965],[14.839259,36.966634],[14.839241,36.966707],[14.839163,36.967028],[14.839113,36.967231],[14.838185,36.969982],[14.83704,36.973068],[14.840252,36.974304],[14.846935,36.975801],[14.850528,36.975855],[14.856053,36.975582],[14.856441,36.975473],[14.857566,36.975154],[14.859676,36.974554],[14.860561,36.974301],[14.860505,36.97408],[14.860464,36.973921],[14.860341,36.973446],[14.860247,36.973086],[14.859043,36.972675],[14.857002,36.966576],[14.859172,36.95909],[14.859444,36.958824],[14.860658,36.957636],[14.860713,36.957583],[14.883148,36.937954],[14.893299,36.92987],[14.903303,36.922143],[14.909111,36.919083],[14.915627,36.916258],[14.922332,36.911656],[14.927595,36.906374],[14.934612,36.900269],[14.937582,36.903347],[14.932069,36.91463],[14.925125,36.923599],[14.920517,36.927388],[14.918645,36.935493],[14.911098,36.936522],[14.907453,36.939335],[14.905036,36.942573],[14.899462,36.950413],[14.890676,36.961369],[14.888305,36.964134],[14.887331,36.966818],[14.886535,36.969815],[14.885865,36.974107],[14.887543,36.982217],[14.887315,36.986244],[14.887121,36.988506],[14.886924,36.988903],[14.886499,36.989756],[14.881271,36.996639],[14.877967,37.000552],[14.873152,37.004501],[14.867265,37.010506],[14.859468,37.019783],[14.856096,37.029205],[14.847681,37.036563],[14.844025,37.037104],[14.840591,37.038488],[14.840512,37.038522],[14.840138,37.038687],[14.840059,37.038724],[14.839991,37.038842],[14.839836,37.039108],[14.839746,37.03946],[14.83962,37.039956],[14.838871,37.043361],[14.839015,37.044182],[14.839351,37.044976],[14.839901,37.045653],[14.84046,37.046169],[14.837934,37.055078],[14.837561,37.05541],[14.837417,37.055538],[14.836979,37.055798],[14.836887,37.055852],[14.836101,37.055724],[14.835568,37.055173],[14.835012,37.054498],[14.833396,37.052467],[14.832847,37.051555],[14.832523,37.050997],[14.831728,37.049221],[14.825934,37.050402],[14.820348,37.052781],[14.818887,37.05341],[14.818334,37.05396],[14.818004,37.055464],[14.817972,37.056551],[14.818155,37.05966],[14.821557,37.065033],[14.821921,37.065552],[14.82204,37.065721],[14.822242,37.065969],[14.822613,37.066424],[14.823589,37.067001],[14.824684,37.06748],[14.824916,37.067582],[14.825704,37.067747],[14.826254,37.067862],[14.828549,37.067864],[14.829111,37.067155],[14.829124,37.066938],[14.83317,37.062537],[14.833894,37.061943],[14.837565,37.059622],[14.838036,37.059495],[14.838938,37.059453],[14.839421,37.059552],[14.842592,37.060215],[14.843107,37.060739],[14.842876,37.060882],[14.842759,37.060954],[14.840901,37.061752],[14.840529,37.061809],[14.83653,37.064453],[14.833218,37.067494],[14.832096,37.07117],[14.826581,37.075735],[14.820625,37.08006],[14.819789,37.080725],[14.819551,37.081355],[14.819407,37.081831],[14.819324,37.082104],[14.819855,37.083865],[14.820555,37.08508],[14.820756,37.085396],[14.820869,37.085604],[14.821406,37.087236],[14.822164,37.089643],[14.821285,37.094925],[14.816684,37.108692],[14.813332,37.113095],[14.811241,37.111649],[14.810465,37.11135],[14.80296,37.110229],[14.799196,37.111836],[14.794965,37.113645],[14.794143,37.115477],[14.797215,37.121081],[14.799492,37.122934],[14.799752,37.123043],[14.800123,37.123267],[14.800196,37.123322],[14.800618,37.123637],[14.800845,37.123855],[14.800869,37.123893],[14.801054,37.124174],[14.801158,37.12445],[14.801122,37.124929],[14.801041,37.125387],[14.800579,37.126108],[14.800105,37.126675],[14.796244,37.130535],[14.795409,37.131292],[14.79387,37.132043],[14.800604,37.13011],[14.801989,37.129068],[14.804569,37.127604],[14.804855,37.127473],[14.804966,37.127423],[14.806993,37.126524],[14.807693,37.126242],[14.808389,37.126057],[14.808684,37.126033],[14.808919,37.126013],[14.818914,37.126705],[14.824259,37.127848],[14.824604,37.127925],[14.824783,37.127965],[14.831445,37.124841],[14.831855,37.124607],[14.832417,37.124336],[14.83296,37.124237],[14.83367,37.124328],[14.836831,37.12478],[14.843494,37.130148],[14.846511,37.141167],[14.84603,37.145719],[14.845114,37.147528],[14.842899,37.151691],[14.841869,37.153132],[14.836927,37.158028],[14.834957,37.163173],[14.836749,37.165951],[14.838298,37.167216],[14.845897,37.17211],[14.856067,37.179145],[14.865187,37.182534],[14.865669,37.182714],[14.86595,37.182891],[14.866368,37.183159],[14.867887,37.184234],[14.870003,37.185805],[14.870249,37.186374],[14.870708,37.188043],[14.870843,37.189341],[14.87148,37.204133],[14.871346,37.204754],[14.871039,37.205224],[14.869908,37.206673],[14.869469,37.207223],[14.869075,37.207529],[14.86682,37.208681],[14.866278,37.208797],[14.866154,37.208824],[14.863494,37.208812],[14.859194,37.206303],[14.855533,37.203937],[14.848847,37.200789],[14.827375,37.195919],[14.827032,37.195923],[14.826683,37.195926],[14.826471,37.195946],[14.825912,37.195998],[14.825729,37.196015],[14.825633,37.196023],[14.825532,37.196033],[14.825114,37.196213],[14.824708,37.196825],[14.822806,37.200691],[14.821432,37.204681],[14.821354,37.204922],[14.821047,37.20587],[14.820832,37.20688],[14.820769,37.207186],[14.8135,37.210165],[14.803526,37.213936],[14.799623,37.214553],[14.797977,37.214731],[14.796512,37.214783],[14.795363,37.214708],[14.794282,37.214507],[14.792651,37.213901],[14.78934,37.212218],[14.788416,37.211613],[14.785986,37.210526],[14.785064,37.210173],[14.783993,37.210009],[14.783001,37.209972],[14.782416,37.210422],[14.781772,37.210978],[14.774244,37.221349],[14.773351,37.222803],[14.773007,37.224221],[14.772962,37.224772],[14.773072,37.225086],[14.774481,37.22867],[14.77725,37.229315],[14.783975,37.235969],[14.78918,37.241324],[14.79063,37.242688],[14.791317,37.243204],[14.791476,37.243279],[14.791953,37.243504],[14.792003,37.243528],[14.797668,37.245792],[14.801766,37.24785],[14.806471,37.251269],[14.809033,37.254676],[14.812063,37.256024],[14.824082,37.257877],[14.834985,37.257847],[14.835922,37.257722],[14.837962,37.257644],[14.838921,37.257753],[14.842134,37.258387],[14.844141,37.258798],[14.846665,37.259458],[14.847535,37.260018],[14.848061,37.260622],[14.854866,37.271206],[14.857694,37.277337],[14.862045,37.280403],[14.873637,37.282422],[14.881901,37.285856],[14.882402,37.286074],[14.882848,37.286268],[14.882782,37.28639],[14.882608,37.28671],[14.882543,37.28683],[14.882192,37.287226],[14.882068,37.287352],[14.881751,37.287677],[14.881701,37.28772],[14.879697,37.295742],[14.882884,37.299314],[14.888201,37.305328],[14.891873,37.309869],[14.892222,37.310709],[14.892164,37.311022],[14.891893,37.311229],[14.891362,37.311474],[14.890776,37.311625],[14.890344,37.311651],[14.889862,37.31168],[14.889252,37.311705],[14.874429,37.315035],[14.863733,37.317832],[14.856942,37.320365],[14.849054,37.322928],[14.848561,37.323082],[14.848368,37.323142],[14.848288,37.323167],[14.848158,37.323207],[14.843385,37.324535],[14.842482,37.324675],[14.842448,37.324679],[14.842043,37.324713],[14.841612,37.324749],[14.841075,37.324667],[14.840721,37.324613],[14.840179,37.324511],[14.839592,37.324313],[14.837725,37.323419],[14.836404,37.322463],[14.835016,37.321225],[14.833902,37.320447],[14.830053,37.319326],[14.828877,37.319009],[14.823516,37.317803],[14.80405,37.315831],[14.799789,37.317627],[14.795179,37.319809],[14.794851,37.320116],[14.790572,37.324705],[14.783178,37.325313],[14.779465,37.325],[14.778653,37.328749],[14.778435,37.329858],[14.778472,37.330013],[14.77858,37.330469],[14.779503,37.331419],[14.780482,37.332359],[14.780978,37.332773],[14.782342,37.333892],[14.79017,37.339515],[14.799462,37.344672],[14.8085,37.349631],[14.809183,37.349945],[14.812229,37.351045],[14.817867,37.353047],[14.821758,37.353971],[14.82913,37.354639],[14.838442,37.357811],[14.841344,37.361326],[14.839377,37.367976],[14.83931,37.368262],[14.839194,37.368759],[14.839046,37.369552],[14.838955,37.370104],[14.839054,37.370733],[14.839278,37.371429],[14.841266,37.376704],[14.841616,37.377209],[14.842945,37.378923],[14.843837,37.379484],[14.844571,37.379926],[14.844683,37.379993],[14.854491,37.383523],[14.860441,37.385075],[14.868448,37.386265],[14.877762,37.389584],[14.880889,37.391552],[14.887487,37.397786],[14.887588,37.399559],[14.887324,37.401553],[14.887296,37.404421],[14.887398,37.405167],[14.887532,37.406106],[14.887793,37.407828],[14.891786,37.410005],[14.892722,37.410262],[14.89366,37.410302],[14.897827,37.410406],[14.912624,37.412026],[14.913401,37.412229],[14.914597,37.412509],[14.915422,37.4127],[14.91619,37.412684],[14.916926,37.412647],[14.921229,37.412307],[14.925097,37.411012]]]]}},{"type":"Feature","properties":{"province":"sulcis-iglesiente","geometryId":"uts:119","adminLevel":"province","name":"Sulcis Iglesiente"},"geometry":{"type":"MultiPolygon","coordinates":[[[[8.410409,38.863168],[8.411044,38.86302],[8.412029,38.862345],[8.41218,38.862089],[8.412403,38.86154],[8.412401,38.861464],[8.412394,38.861274],[8.412149,38.860642],[8.411963,38.86038],[8.411127,38.859925],[8.410256,38.859488],[8.408913,38.859252],[8.408511,38.859191],[8.408316,38.859587],[8.408243,38.859793],[8.407829,38.86099],[8.408253,38.86311],[8.408331,38.863353],[8.408926,38.863424],[8.409302,38.863381],[8.409757,38.863302],[8.410409,38.863168]]],[[[8.825404,38.881635],[8.825561,38.88152],[8.825534,38.881323],[8.825482,38.881285],[8.82537,38.881201],[8.82479,38.881031],[8.824435,38.881065],[8.824452,38.8812],[8.824547,38.881328],[8.824716,38.881425],[8.824945,38.881628],[8.824885,38.881675],[8.824901,38.88174],[8.825213,38.881831],[8.825314,38.881741],[8.825404,38.881635]]],[[[8.827609,38.882003],[8.827681,38.88195],[8.827795,38.881862],[8.827821,38.881808],[8.827818,38.881739],[8.827813,38.881625],[8.82751,38.881442],[8.827311,38.88136],[8.826315,38.881569],[8.826209,38.88167],[8.8262,38.881785],[8.826269,38.881901],[8.826348,38.882023],[8.826477,38.882059],[8.826711,38.882091],[8.827283,38.882119],[8.827413,38.882105],[8.82756,38.882038],[8.827609,38.882003]]],[[[8.813777,38.890727],[8.813177,38.889912],[8.812248,38.889558],[8.811763,38.889707],[8.81178,38.889951],[8.812277,38.891862],[8.812381,38.892255],[8.812467,38.892459],[8.812593,38.892585],[8.812657,38.892649],[8.813169,38.892934],[8.813608,38.893097],[8.81379,38.892982],[8.814181,38.892732],[8.814407,38.892435],[8.813777,38.890727]]],[[[8.765818,38.914077],[8.765638,38.913982],[8.764997,38.913994],[8.764909,38.914183],[8.764891,38.914468],[8.764973,38.914521],[8.765203,38.914671],[8.765722,38.914944],[8.76582,38.914882],[8.766,38.914767],[8.766018,38.914524],[8.765916,38.914131],[8.765818,38.914077]]],[[[8.718794,38.915811],[8.718823,38.915771],[8.718999,38.915527],[8.71909,38.915317],[8.719103,38.915283],[8.719117,38.915238],[8.716862,38.912702],[8.71625,38.912211],[8.715263,38.912333],[8.715018,38.912491],[8.714492,38.913074],[8.714366,38.913392],[8.714244,38.913725],[8.714243,38.913957],[8.714242,38.914042],[8.715065,38.915535],[8.715349,38.915977],[8.71564,38.916047],[8.716216,38.916185],[8.716281,38.9162],[8.71774,38.916252],[8.717946,38.916259],[8.718286,38.91627],[8.718794,38.915811]]],[[[8.449624,38.93449],[8.449591,38.934474],[8.449231,38.934536],[8.448141,38.935074],[8.448099,38.935314],[8.448063,38.935981],[8.448131,38.936315],[8.449338,38.939147],[8.449577,38.939422],[8.450206,38.939398],[8.450454,38.939327],[8.45124,38.937934],[8.451329,38.937738],[8.451445,38.937484],[8.451609,38.936611],[8.451622,38.936241],[8.450849,38.935517],[8.449624,38.93449]]],[[[8.450152,38.940767],[8.449968,38.940721],[8.449806,38.940892],[8.449801,38.940946],[8.44978,38.941153],[8.449838,38.941432],[8.450023,38.941722],[8.450288,38.942002],[8.450495,38.942084],[8.450678,38.942103],[8.450889,38.942014],[8.450992,38.941762],[8.450969,38.941438],[8.450836,38.941266],[8.450225,38.940785],[8.450152,38.940767]]],[[[8.345844,39.07626],[8.345798,39.07623],[8.345669,39.07623],[8.345525,39.076253],[8.345434,39.076321],[8.345252,39.076473],[8.345153,39.076564],[8.345039,39.076716],[8.344994,39.076837],[8.345047,39.07689],[8.345518,39.076609],[8.345624,39.076503],[8.345753,39.076374],[8.345844,39.07626]]],[[[8.462996,39.081318],[8.462874,39.081323],[8.462786,39.081386],[8.462923,39.081778],[8.463104,39.082057],[8.4632,39.082172],[8.463338,39.082293],[8.463441,39.082374],[8.463501,39.082413],[8.463645,39.082401],[8.463733,39.082382],[8.463864,39.082276],[8.463865,39.082168],[8.462996,39.081318]]],[[[8.437842,39.105052],[8.437407,39.104933],[8.437324,39.104933],[8.43719,39.104968],[8.437087,39.105084],[8.437051,39.105199],[8.437175,39.105467],[8.437255,39.105575],[8.437493,39.105746],[8.437593,39.105797],[8.437721,39.105827],[8.437883,39.105798],[8.438031,39.105749],[8.438192,39.105677],[8.438354,39.105562],[8.438376,39.1055],[8.437842,39.105052]]],[[[8.208249,39.147312],[8.20814,39.147234],[8.208007,39.147161],[8.20791,39.147155],[8.207838,39.147167],[8.207596,39.147294],[8.207342,39.147524],[8.207294,39.147602],[8.207451,39.147626],[8.207651,39.147651],[8.208031,39.147602],[8.208134,39.14756],[8.208261,39.147469],[8.208261,39.147397],[8.208249,39.147312]]],[[[8.243137,39.166867],[8.243297,39.166805],[8.24349,39.166671],[8.243443,39.166523],[8.242545,39.166097],[8.242361,39.166103],[8.242192,39.166108],[8.24144,39.166433],[8.241594,39.166566],[8.242361,39.166863],[8.242769,39.166972],[8.243034,39.166902],[8.243137,39.166867]]],[[[8.263105,39.175102],[8.263142,39.174978],[8.26306,39.174942],[8.263001,39.174952],[8.262735,39.175069],[8.262495,39.175176],[8.262221,39.175435],[8.262147,39.175645],[8.262107,39.175787],[8.262138,39.175805],[8.262444,39.175833],[8.262523,39.175779],[8.262984,39.175266],[8.263069,39.175153],[8.263105,39.175102]]],[[[8.319421,39.185165],[8.318624,39.185236],[8.317836,39.185733],[8.317849,39.1858],[8.317902,39.186081],[8.318011,39.186531],[8.318137,39.18666],[8.318882,39.186379],[8.319061,39.186287],[8.319172,39.186196],[8.319725,39.185569],[8.319421,39.185165]]],[[[8.309286,39.187786],[8.309429,39.187679],[8.309581,39.187554],[8.309769,39.187367],[8.309795,39.187104],[8.309819,39.186863],[8.307844,39.172484],[8.30637,39.163135],[8.309614,39.154175],[8.311402,39.148815],[8.311145,39.147544],[8.31015,39.146644],[8.308665,39.146216],[8.308137,39.145399],[8.307975,39.144364],[8.307952,39.143535],[8.30928,39.140759],[8.309415,39.140625],[8.309551,39.140527],[8.310837,39.139661],[8.311177,39.139563],[8.311698,39.139433],[8.312209,39.139398],[8.312779,39.139419],[8.307951,39.128876],[8.309343,39.122787],[8.310002,39.115957],[8.310181,39.113171],[8.31018,39.113065],[8.310174,39.112933],[8.310143,39.112766],[8.3101,39.112559],[8.309672,39.11125],[8.306114,39.102984],[8.297265,39.096947],[8.289752,39.095594],[8.279337,39.095858],[8.255219,39.103895],[8.247909,39.108476],[8.247836,39.108666],[8.247738,39.108921],[8.247489,39.109829],[8.24727,39.110766],[8.251181,39.113795],[8.254938,39.115045],[8.253475,39.120003],[8.249005,39.125853],[8.251017,39.126918],[8.251963,39.127942],[8.252187,39.128809],[8.252187,39.12907],[8.252098,39.129277],[8.250566,39.13259],[8.247346,39.135139],[8.239937,39.14062],[8.232722,39.142783],[8.230054,39.141973],[8.226097,39.141524],[8.223738,39.14291],[8.220674,39.145445],[8.220447,39.145754],[8.219605,39.14758],[8.21961,39.147711],[8.219612,39.147786],[8.21964,39.147818],[8.219779,39.147959],[8.219817,39.147976],[8.219988,39.148039],[8.220129,39.148004],[8.220389,39.147933],[8.220952,39.147391],[8.224596,39.153231],[8.225291,39.155029],[8.225735,39.159078],[8.226638,39.160928],[8.230033,39.164962],[8.236761,39.166483],[8.238827,39.166084],[8.240637,39.164975],[8.242119,39.164145],[8.243099,39.164853],[8.244579,39.166178],[8.253257,39.170203],[8.257033,39.169677],[8.263222,39.173375],[8.265214,39.175019],[8.267233,39.178042],[8.267494,39.178648],[8.281849,39.180582],[8.289181,39.181021],[8.291417,39.179973],[8.295068,39.179303],[8.295834,39.179181],[8.296641,39.179263],[8.302872,39.183366],[8.303564,39.184364],[8.304437,39.185727],[8.304714,39.186434],[8.304928,39.186913],[8.305127,39.186987],[8.306973,39.187461],[8.308342,39.187661],[8.309286,39.187786]]],[[[8.324752,39.191697],[8.324744,39.190168],[8.320337,39.189019],[8.320274,39.189018],[8.318905,39.18931],[8.317616,39.190122],[8.317154,39.190468],[8.317292,39.191609],[8.318821,39.194501],[8.31906,39.194782],[8.319688,39.195389],[8.319953,39.195377],[8.32058,39.194629],[8.324752,39.191697]]],[[[8.369556,39.199591],[8.369567,39.199487],[8.369348,39.199435],[8.369212,39.199445],[8.3687,39.199717],[8.368648,39.199936],[8.369066,39.200135],[8.369254,39.200176],[8.369556,39.200187],[8.369598,39.200145],[8.369556,39.199591]]],[[[8.356686,39.225957],[8.356515,39.22592],[8.356316,39.226023],[8.356189,39.22609],[8.356176,39.226117],[8.356125,39.226215],[8.356104,39.226287],[8.356059,39.226449],[8.355984,39.226981],[8.356013,39.227017],[8.356032,39.227039],[8.356191,39.227234],[8.356481,39.227118],[8.357042,39.226311],[8.357116,39.226149],[8.356989,39.226077],[8.356828,39.225985],[8.356686,39.225957]]],[[[8.355784,39.227344],[8.355761,39.227286],[8.355539,39.227393],[8.355409,39.227456],[8.355319,39.227499],[8.355274,39.227643],[8.355236,39.227769],[8.355184,39.22831],[8.35523,39.228422],[8.355286,39.228563],[8.355357,39.22854],[8.355485,39.228496],[8.3556,39.228456],[8.355886,39.227611],[8.355818,39.227433],[8.355784,39.227344]]],[[[8.432624,39.304679],[8.432497,39.304673],[8.432383,39.304721],[8.431935,39.304969],[8.431851,39.305108],[8.431808,39.305186],[8.431808,39.305259],[8.431814,39.305332],[8.431941,39.305386],[8.432159,39.305446],[8.432256,39.30544],[8.432377,39.30538],[8.432582,39.304969],[8.432667,39.304757],[8.432624,39.304679]]],[[[8.426848,39.312378],[8.427031,39.312332],[8.427188,39.312281],[8.427468,39.312154],[8.427523,39.312063],[8.427508,39.311991],[8.427432,39.311951],[8.427076,39.311971],[8.426579,39.312139],[8.426391,39.312256],[8.42635,39.312357],[8.426391,39.312438],[8.426497,39.312449],[8.426579,39.312444],[8.42669,39.312423],[8.426848,39.312378]]],[[[8.424705,39.315994],[8.424508,39.315943],[8.424312,39.315994],[8.424115,39.316088],[8.424047,39.316208],[8.424107,39.316345],[8.424295,39.316345],[8.4245,39.316327],[8.424756,39.316259],[8.424816,39.31614],[8.424705,39.315994]]],[[[8.400097,39.334313],[8.400319,39.334455],[8.400668,39.334605],[8.400869,39.33466],[8.400946,39.334658],[8.401095,39.334634],[8.401178,39.334602],[8.401652,39.334267],[8.401726,39.33417],[8.401778,39.334027],[8.401762,39.333957],[8.401717,39.333851],[8.401694,39.333801],[8.401674,39.333758],[8.401643,39.333719],[8.401561,39.33365],[8.401511,39.333621],[8.401431,39.333586],[8.400507,39.333188],[8.398508,39.333219],[8.397897,39.333673],[8.397741,39.333869],[8.397743,39.334002],[8.398113,39.334687],[8.398223,39.334729],[8.398321,39.334752],[8.398637,39.334784],[8.398686,39.33478],[8.398734,39.334768],[8.400097,39.334313]]],[[[8.524764,39.47954],[8.535059,39.477317],[8.539927,39.46732],[8.547017,39.458662],[8.562646,39.450135],[8.563262,39.449907],[8.563403,39.449858],[8.566198,39.448887],[8.566699,39.448726],[8.567327,39.448711],[8.567783,39.448717],[8.572002,39.448196],[8.573596,39.447941],[8.574399,39.447764],[8.575167,39.447532],[8.576998,39.446908],[8.581354,39.444987],[8.582205,39.444521],[8.582462,39.444225],[8.582685,39.443847],[8.582897,39.443379],[8.582754,39.443104],[8.582713,39.443027],[8.582623,39.442907],[8.581728,39.441053],[8.580007,39.436998],[8.580149,39.436629],[8.583967,39.431489],[8.589251,39.431976],[8.589705,39.431897],[8.590019,39.431817],[8.593444,39.430537],[8.593501,39.430514],[8.599976,39.427824],[8.612442,39.423748],[8.616856,39.419981],[8.627524,39.410363],[8.628924,39.406562],[8.633851,39.393191],[8.635795,39.387997],[8.635971,39.387548],[8.637412,39.385047],[8.638229,39.384293],[8.639989,39.382956],[8.640432,39.382696],[8.641025,39.382427],[8.647585,39.380122],[8.651966,39.379361],[8.65911,39.378814],[8.661154,39.378703],[8.663773,39.378583],[8.664893,39.378534],[8.679547,39.378106],[8.683146,39.378251],[8.691292,39.381977],[8.695821,39.379096],[8.699259,39.374965],[8.699926,39.374845],[8.700275,39.374742],[8.700347,39.37472],[8.70043,39.374685],[8.700816,39.374513],[8.705104,39.372038],[8.709776,39.365174],[8.709917,39.364877],[8.71033,39.363085],[8.710331,39.362824],[8.708392,39.355179],[8.704856,39.348132],[8.702098,39.336393],[8.700848,39.324766],[8.700626,39.32226],[8.707225,39.317366],[8.709573,39.316038],[8.711394,39.314615],[8.713731,39.312697],[8.716359,39.310387],[8.716535,39.309991],[8.721472,39.29628],[8.722131,39.290866],[8.721089,39.284799],[8.72332,39.283408],[8.730842,39.281362],[8.736756,39.280871],[8.742257,39.270666],[8.744407,39.256481],[8.745248,39.250954],[8.747806,39.234891],[8.74831,39.231913],[8.750311,39.225015],[8.757629,39.202476],[8.758214,39.200954],[8.758564,39.200234],[8.759951,39.197588],[8.763889,39.190387],[8.770791,39.179408],[8.786542,39.173824],[8.79363,39.171372],[8.802198,39.168427],[8.805251,39.167378],[8.811467,39.165297],[8.812799,39.164876],[8.813621,39.164679],[8.814386,39.164374],[8.814896,39.164086],[8.823955,39.151827],[8.82579,39.149271],[8.826221,39.14828],[8.82648,39.146163],[8.82595,39.145586],[8.824691,39.144565],[8.82457,39.144468],[8.82359,39.143386],[8.821968,39.141164],[8.820211,39.131493],[8.820177,39.131024],[8.820168,39.13015],[8.822176,39.118582],[8.822999,39.117638],[8.824401,39.116658],[8.831747,39.111649],[8.837383,39.110423],[8.844674,39.102972],[8.847845,39.096758],[8.853026,39.085312],[8.853112,39.084531],[8.853075,39.08423],[8.852507,39.083101],[8.846703,39.071592],[8.844517,39.067847],[8.839741,39.060009],[8.8354,39.052983],[8.826847,39.038886],[8.821693,39.030137],[8.815632,39.017986],[8.814642,39.004958],[8.81526,39.002625],[8.817231,38.995886],[8.819476,38.989059],[8.821499,38.983207],[8.822097,38.981408],[8.822732,38.979478],[8.824383,38.965084],[8.827257,38.955154],[8.826916,38.953973],[8.821186,38.948849],[8.825608,38.936714],[8.825782,38.936349],[8.827301,38.933202],[8.832984,38.925299],[8.835847,38.914282],[8.835728,38.905928],[8.834664,38.897293],[8.836437,38.893376],[8.838429,38.889549],[8.839667,38.882612],[8.838812,38.880386],[8.83542,38.876964],[8.8346,38.876696],[8.828992,38.881217],[8.827079,38.883988],[8.827832,38.888056],[8.821858,38.893245],[8.819289,38.894583],[8.817711,38.894947],[8.817562,38.894981],[8.817345,38.895028],[8.816741,38.895125],[8.816499,38.895126],[8.812011,38.89492],[8.80938,38.893522],[8.80701,38.898419],[8.806962,38.898858],[8.806137,38.899565],[8.805983,38.899658],[8.802773,38.899484],[8.799895,38.897714],[8.799601,38.897286],[8.798975,38.895204],[8.798927,38.894759],[8.798923,38.894723],[8.798891,38.893779],[8.798893,38.893412],[8.799014,38.893075],[8.799259,38.892723],[8.799443,38.892507],[8.799519,38.892418],[8.801528,38.889149],[8.803413,38.884773],[8.80339,38.884754],[8.803104,38.884516],[8.802964,38.884403],[8.802803,38.884275],[8.802451,38.884011],[8.801778,38.883858],[8.800518,38.884123],[8.798873,38.885737],[8.798628,38.886172],[8.797821,38.888414],[8.796927,38.890457],[8.795222,38.89259],[8.793735,38.893892],[8.791035,38.89552],[8.786762,38.897752],[8.783466,38.898171],[8.784434,38.900645],[8.786088,38.906487],[8.792518,38.912239],[8.792933,38.912447],[8.794498,38.913594],[8.79522,38.91538],[8.796891,38.919789],[8.796756,38.934784],[8.794315,38.937186],[8.791406,38.937622],[8.774369,38.935933],[8.773827,38.935836],[8.773758,38.935823],[8.773594,38.935715],[8.773401,38.935588],[8.772676,38.935037],[8.772285,38.934721],[8.77059,38.930654],[8.770263,38.928607],[8.773806,38.920909],[8.774827,38.915378],[8.77498,38.914921],[8.774944,38.914663],[8.77484,38.91454],[8.774737,38.91442],[8.774473,38.914284],[8.774444,38.914269],[8.772258,38.914509],[8.771201,38.914724],[8.765959,38.915899],[8.761177,38.917228],[8.759951,38.91808],[8.755422,38.920526],[8.74893,38.923527],[8.741451,38.926574],[8.730288,38.93223],[8.7203,38.9365],[8.720497,38.931111],[8.718592,38.926133],[8.715645,38.924256],[8.698334,38.917231],[8.688335,38.914504],[8.68419,38.910945],[8.681842,38.909464],[8.681645,38.909348],[8.68049,38.909103],[8.677756,38.908547],[8.675662,38.908266],[8.672703,38.908188],[8.67152,38.908311],[8.670126,38.909001],[8.67008,38.909033],[8.66956,38.909416],[8.669337,38.909589],[8.669246,38.90966],[8.669184,38.909711],[8.669121,38.909772],[8.668776,38.910114],[8.66871,38.910179],[8.668668,38.910222],[8.668629,38.910266],[8.668215,38.910757],[8.668011,38.911132],[8.667831,38.911461],[8.667168,38.912327],[8.666973,38.912475],[8.666345,38.912947],[8.666056,38.912924],[8.664903,38.912829],[8.664633,38.912805],[8.664539,38.912753],[8.664511,38.912737],[8.664117,38.912507],[8.664113,38.908915],[8.667909,38.90385],[8.670281,38.899694],[8.670366,38.899513],[8.670416,38.899408],[8.670473,38.899284],[8.670605,38.899001],[8.670765,38.898487],[8.670277,38.8972],[8.670257,38.897162],[8.670212,38.897113],[8.670164,38.89706],[8.669746,38.896619],[8.668962,38.895939],[8.667679,38.895106],[8.666973,38.89478],[8.665588,38.894157],[8.665455,38.894126],[8.665334,38.894102],[8.665125,38.894065],[8.664653,38.894006],[8.664551,38.893999],[8.660759,38.894823],[8.658134,38.897117],[8.658122,38.897195],[8.658063,38.897506],[8.658051,38.897549],[8.658013,38.897589],[8.657971,38.897623],[8.657948,38.897641],[8.657906,38.897674],[8.657313,38.898133],[8.656899,38.898189],[8.65632,38.898267],[8.656271,38.898273],[8.656141,38.898288],[8.6561,38.89829],[8.656028,38.898276],[8.654273,38.897899],[8.653443,38.89752],[8.652867,38.897258],[8.652716,38.897189],[8.651779,38.896621],[8.649669,38.894893],[8.649234,38.893439],[8.648348,38.890375],[8.648344,38.890348],[8.648283,38.889911],[8.648213,38.889302],[8.648254,38.886874],[8.648746,38.886028],[8.649193,38.885738],[8.655819,38.883102],[8.658508,38.88195],[8.655826,38.877769],[8.655656,38.876738],[8.656595,38.872825],[8.65799,38.870647],[8.655333,38.868499],[8.649569,38.867346],[8.645439,38.864091],[8.644311,38.864102],[8.643292,38.864184],[8.640106,38.864967],[8.636681,38.867396],[8.636634,38.867675],[8.636617,38.867783],[8.636599,38.867898],[8.636598,38.867928],[8.636791,38.868187],[8.636845,38.86826],[8.637208,38.86874],[8.637804,38.86914],[8.637977,38.869256],[8.639275,38.869873],[8.646629,38.87623],[8.646001,38.876139],[8.645576,38.876155],[8.645136,38.876253],[8.642763,38.877303],[8.641364,38.879444],[8.64108,38.881079],[8.640967,38.882936],[8.643995,38.887577],[8.64541,38.889589],[8.646404,38.89089],[8.647134,38.891476],[8.647274,38.891573],[8.647454,38.891697],[8.647713,38.891869],[8.647738,38.891901],[8.647817,38.892012],[8.648004,38.892293],[8.647704,38.892854],[8.647677,38.892899],[8.647551,38.893049],[8.647172,38.893498],[8.647084,38.893603],[8.646697,38.893947],[8.646387,38.894224],[8.646094,38.894396],[8.645384,38.894813],[8.645102,38.894979],[8.644317,38.895342],[8.64384,38.895508],[8.643074,38.895623],[8.642256,38.895691],[8.639428,38.895854],[8.635424,38.895886],[8.63264,38.895184],[8.626827,38.893147],[8.623387,38.891733],[8.616576,38.891056],[8.61041,38.891114],[8.607662,38.893372],[8.606639,38.899625],[8.606646,38.901427],[8.607046,38.904104],[8.612073,38.910974],[8.616175,38.915289],[8.620691,38.920538],[8.620487,38.931007],[8.622732,38.934126],[8.623206,38.936867],[8.622311,38.941391],[8.622068,38.94208],[8.621485,38.943735],[8.621419,38.943881],[8.620639,38.94551],[8.61992,38.946985],[8.619897,38.94703],[8.619668,38.94748],[8.619209,38.94838],[8.619025,38.94874],[8.618719,38.949264],[8.617945,38.950574],[8.615686,38.954105],[8.614046,38.956022],[8.613273,38.956921],[8.612756,38.957517],[8.612439,38.957819],[8.611,38.95916],[8.610488,38.959615],[8.60982,38.960147],[8.609275,38.960507],[8.609092,38.960628],[8.607892,38.961322],[8.60754,38.961514],[8.607299,38.961645],[8.606961,38.961798],[8.606836,38.961856],[8.606678,38.961927],[8.606383,38.96203],[8.606139,38.962115],[8.604847,38.962541],[8.603634,38.962935],[8.603492,38.962973],[8.603365,38.963007],[8.600401,38.962769],[8.599344,38.962636],[8.598021,38.962265],[8.596984,38.961637],[8.596299,38.961008],[8.596172,38.95952],[8.594068,38.957348],[8.587092,38.955419],[8.586802,38.955652],[8.58671,38.955761],[8.585276,38.958526],[8.58484,38.959702],[8.584851,38.959932],[8.585084,38.960429],[8.58561,38.961519],[8.587735,38.962382],[8.588605,38.962524],[8.589007,38.962943],[8.589242,38.963738],[8.589307,38.964011],[8.589229,38.964148],[8.586093,38.967833],[8.584267,38.969897],[8.578031,38.975016],[8.575121,38.980517],[8.573448,38.984759],[8.571865,38.988698],[8.568371,38.99323],[8.567434,38.994609],[8.567126,38.995118],[8.566837,38.995636],[8.566297,38.996721],[8.56615,38.997075],[8.565236,38.999605],[8.565102,39.000277],[8.564945,39.001156],[8.564927,39.001487],[8.566627,39.009969],[8.571466,39.014507],[8.571546,39.014495],[8.57159,39.014491],[8.572317,39.014479],[8.572459,39.014572],[8.572595,39.014664],[8.572672,39.014717],[8.572871,39.014867],[8.573894,39.015699],[8.574123,39.015952],[8.574645,39.016711],[8.574799,39.016937],[8.574869,39.017049],[8.575335,39.017975],[8.575552,39.018472],[8.575904,39.019518],[8.576387,39.021845],[8.576397,39.022124],[8.576426,39.022898],[8.576398,39.023752],[8.57545,39.029708],[8.575365,39.03023],[8.575354,39.030285],[8.57514,39.031365],[8.57501,39.031815],[8.574944,39.032031],[8.574931,39.032063],[8.573048,39.035285],[8.571123,39.038325],[8.56944,39.040852],[8.568989,39.041521],[8.568694,39.041913],[8.567809,39.042899],[8.564898,39.045427],[8.563977,39.045861],[8.563151,39.046221],[8.562615,39.04642],[8.562581,39.046427],[8.561424,39.046673],[8.560845,39.046796],[8.560729,39.04682],[8.560433,39.046846],[8.559839,39.046898],[8.555697,39.046827],[8.555069,39.046809],[8.554887,39.046778],[8.55436,39.046673],[8.554098,39.046593],[8.553646,39.046447],[8.553337,39.046336],[8.553115,39.046256],[8.552559,39.045802],[8.552375,39.045663],[8.552139,39.045502],[8.552078,39.045463],[8.551917,39.045357],[8.551554,39.045156],[8.550451,39.04461],[8.549825,39.044347],[8.549429,39.044315],[8.549142,39.044344],[8.548771,39.044392],[8.548727,39.044401],[8.548542,39.044436],[8.54277,39.047353],[8.536919,39.051403],[8.535015,39.052866],[8.532608,39.055901],[8.534473,39.056824],[8.53089,39.059384],[8.519955,39.061208],[8.517184,39.061655],[8.512809,39.06204],[8.497749,39.063213],[8.495082,39.062844],[8.485629,39.060977],[8.47824,39.059252],[8.473275,39.058022],[8.468335,39.055245],[8.470053,39.051563],[8.464773,39.042893],[8.46096,39.037178],[8.458815,39.034254],[8.455248,39.028933],[8.454295,39.027485],[8.454002,39.027022],[8.453467,39.026119],[8.45322,39.025667],[8.452846,39.02492],[8.452763,39.024731],[8.452702,39.024508],[8.450707,39.016085],[8.449794,39.008352],[8.450434,39.003004],[8.451164,38.997178],[8.451426,38.996108],[8.450481,38.988978],[8.448616,38.985384],[8.447271,38.983506],[8.444653,38.982545],[8.441845,38.974546],[8.441942,38.968125],[8.435889,38.962802],[8.432233,38.960916],[8.430291,38.960057],[8.425555,38.960244],[8.421453,38.960432],[8.415253,38.95595],[8.415224,38.955855],[8.415077,38.955742],[8.414905,38.955613],[8.41424,38.955292],[8.41409,38.955265],[8.413838,38.95531],[8.413392,38.955443],[8.413355,38.955455],[8.409335,38.95699],[8.40808,38.957662],[8.406687,38.95882],[8.404537,38.960999],[8.403379,38.962835],[8.402879,38.964609],[8.402588,38.966177],[8.402825,38.966964],[8.402951,38.967367],[8.403022,38.967498],[8.399139,38.974958],[8.397861,38.975143],[8.396971,38.97593],[8.396606,38.976823],[8.394443,38.982671],[8.394027,38.986807],[8.391295,38.99156],[8.38809,38.994135],[8.384752,38.999267],[8.383593,39.003367],[8.380107,39.009783],[8.375596,39.013182],[8.372626,39.01716],[8.36705,39.026625],[8.364637,39.030109],[8.363886,39.031897],[8.362486,39.036971],[8.360742,39.044322],[8.360487,39.050427],[8.359754,39.053536],[8.357137,39.063895],[8.35704,39.064257],[8.356524,39.065467],[8.356434,39.065664],[8.354391,39.069271],[8.351307,39.07372],[8.350216,39.075871],[8.349935,39.07849],[8.349771,39.08246],[8.349775,39.082978],[8.350189,39.083035],[8.350627,39.082695],[8.350743,39.082569],[8.35078,39.082526],[8.350802,39.082496],[8.350821,39.082462],[8.350847,39.082382],[8.350857,39.082351],[8.350868,39.082313],[8.350881,39.082268],[8.350933,39.082062],[8.350949,39.081997],[8.350958,39.081953],[8.357866,39.087664],[8.353645,39.090998],[8.351332,39.096247],[8.354441,39.097856],[8.361389,39.101296],[8.362061,39.109194],[8.369983,39.114074],[8.371263,39.113563],[8.373624,39.111535],[8.376105,39.106554],[8.377824,39.10201],[8.377875,39.101885],[8.377893,39.101849],[8.378274,39.101278],[8.378384,39.101123],[8.378507,39.100959],[8.378988,39.100538],[8.379832,39.099867],[8.379983,39.0998],[8.380157,39.099724],[8.380379,39.099645],[8.385759,39.099432],[8.387012,39.099438],[8.387658,39.099442],[8.39126,39.100353],[8.394769,39.101265],[8.394801,39.101275],[8.395029,39.101353],[8.395155,39.101397],[8.395197,39.101412],[8.395354,39.10147],[8.395595,39.101559],[8.405244,39.10372],[8.406042,39.102349],[8.406109,39.102301],[8.406231,39.102213],[8.407209,39.101872],[8.407269,39.10187],[8.407444,39.101865],[8.409697,39.101981],[8.410158,39.102055],[8.410238,39.102068],[8.4112,39.102315],[8.414192,39.103833],[8.417523,39.105562],[8.419021,39.106379],[8.419252,39.106514],[8.419404,39.106606],[8.427398,39.107048],[8.428124,39.103946],[8.428766,39.101641],[8.430685,39.097802],[8.43378,39.095195],[8.442031,39.092234],[8.451317,39.087619],[8.452087,39.087134],[8.454592,39.085377],[8.45575,39.084461],[8.455976,39.084247],[8.45649,39.083743],[8.456554,39.083602],[8.456831,39.082787],[8.457105,39.081368],[8.457154,39.081099],[8.456897,39.078997],[8.456694,39.078247],[8.457707,39.07316],[8.459756,39.064968],[8.462906,39.06086],[8.466585,39.057417],[8.474566,39.05913],[8.474662,39.059153],[8.474724,39.059168],[8.475226,39.059333],[8.47536,39.059394],[8.475982,39.059681],[8.476391,39.059882],[8.476727,39.060056],[8.477185,39.06032],[8.477441,39.060471],[8.477547,39.060534],[8.477846,39.060769],[8.477993,39.060924],[8.478014,39.060946],[8.478695,39.062162],[8.478747,39.062279],[8.478855,39.062535],[8.47858,39.064081],[8.479041,39.07159],[8.487917,39.084799],[8.484645,39.086356],[8.477612,39.096065],[8.475315,39.103722],[8.472377,39.112216],[8.469707,39.115519],[8.468509,39.116905],[8.467637,39.117758],[8.466455,39.118706],[8.466039,39.11896],[8.46485,39.119537],[8.461411,39.120584],[8.45752,39.119779],[8.446442,39.117352],[8.439759,39.114968],[8.436934,39.120805],[8.435751,39.125441],[8.434561,39.131909],[8.437633,39.142195],[8.438093,39.155191],[8.438093,39.155221],[8.438082,39.155353],[8.438077,39.1554],[8.438067,39.155488],[8.438041,39.155635],[8.438,39.155691],[8.432385,39.160041],[8.417268,39.171298],[8.414002,39.17214],[8.412615,39.171027],[8.410759,39.169168],[8.409614,39.166423],[8.409394,39.164945],[8.40955,39.163945],[8.410779,39.16192],[8.41198,39.161213],[8.414911,39.156752],[8.417363,39.147848],[8.416043,39.147498],[8.413943,39.148289],[8.41136,39.149506],[8.406789,39.158804],[8.406451,39.163518],[8.40333,39.174105],[8.398652,39.1896],[8.399401,39.194105],[8.396699,39.198319],[8.39624,39.19892],[8.394466,39.199289],[8.392309,39.19971],[8.390096,39.197221],[8.381705,39.20188],[8.376043,39.206074],[8.371878,39.209235],[8.368601,39.21639],[8.366918,39.227419],[8.366983,39.228324],[8.375114,39.23442],[8.382898,39.240072],[8.397329,39.250414],[8.401617,39.254769],[8.404221,39.257658],[8.404783,39.258224],[8.4066,39.260031],[8.410545,39.263727],[8.411741,39.264536],[8.412933,39.265037],[8.413765,39.265374],[8.415569,39.265888],[8.419797,39.26627],[8.419902,39.266189],[8.42025,39.266155],[8.420574,39.266183],[8.420738,39.266225],[8.420921,39.266275],[8.421248,39.26638],[8.421519,39.266474],[8.421659,39.266558],[8.42188,39.266694],[8.422968,39.267466],[8.424051,39.268372],[8.425311,39.269514],[8.425478,39.269731],[8.425822,39.270183],[8.426137,39.2706],[8.426164,39.270635],[8.426497,39.271076],[8.42671,39.271401],[8.426801,39.27154],[8.427157,39.272082],[8.427389,39.272443],[8.42758,39.272742],[8.428084,39.273555],[8.429205,39.275417],[8.433264,39.282425],[8.433977,39.283728],[8.436582,39.289374],[8.436704,39.289708],[8.436787,39.289934],[8.436788,39.29006],[8.436788,39.290213],[8.436757,39.291205],[8.436721,39.292236],[8.433982,39.304963],[8.431438,39.312165],[8.430717,39.313283],[8.430285,39.313895],[8.426068,39.318788],[8.424567,39.320092],[8.423814,39.320705],[8.420426,39.320959],[8.420271,39.320935],[8.419809,39.320866],[8.419511,39.321086],[8.418758,39.321832],[8.418644,39.321959],[8.417939,39.323511],[8.41852,39.326248],[8.419858,39.329832],[8.420648,39.3318],[8.420661,39.331881],[8.42067,39.331935],[8.42064,39.332141],[8.420633,39.332187],[8.420511,39.33238],[8.420375,39.332591],[8.419616,39.33336],[8.416266,39.335553],[8.415194,39.336143],[8.413231,39.336555],[8.411859,39.336721],[8.411545,39.336692],[8.399555,39.337443],[8.395743,39.339505],[8.393333,39.342564],[8.395582,39.347331],[8.393013,39.349784],[8.389376,39.351094],[8.38717,39.352295],[8.387254,39.357106],[8.387736,39.360147],[8.388966,39.36308],[8.384882,39.365686],[8.382128,39.36604],[8.378941,39.367524],[8.376112,39.368885],[8.373213,39.373985],[8.373135,39.374528],[8.373331,39.374887],[8.375525,39.376829],[8.37589,39.376928],[8.376036,39.376868],[8.376083,39.376848],[8.376131,39.376826],[8.376173,39.376804],[8.380815,39.380549],[8.383033,39.38607],[8.384869,39.390596],[8.389964,39.395431],[8.395401,39.399202],[8.399662,39.403109],[8.404228,39.407868],[8.408832,39.414926],[8.408981,39.415242],[8.410465,39.418488],[8.411019,39.420018],[8.411118,39.420292],[8.411729,39.422507],[8.412405,39.426],[8.412692,39.428092],[8.41273,39.430787],[8.412683,39.432309],[8.412137,39.436745],[8.412037,39.437528],[8.411707,39.439062],[8.41157,39.439512],[8.411426,39.439962],[8.411255,39.440411],[8.410959,39.441059],[8.4109,39.441185],[8.410841,39.441229],[8.410759,39.441274],[8.406305,39.443062],[8.401608,39.44489],[8.39705,39.446322],[8.396554,39.4464],[8.396375,39.446426],[8.39527,39.446565],[8.394281,39.446659],[8.392664,39.446803],[8.398867,39.449863],[8.410503,39.456509],[8.412847,39.463919],[8.415,39.466372],[8.429369,39.470624],[8.434117,39.471096],[8.436403,39.470991],[8.442621,39.467063],[8.447447,39.464086],[8.450721,39.462545],[8.451115,39.462385],[8.45151,39.462387],[8.451796,39.462481],[8.452002,39.462551],[8.45432,39.463592],[8.464373,39.468113],[8.470005,39.470041],[8.475416,39.470877],[8.479736,39.471527],[8.482066,39.472447],[8.484454,39.473395],[8.486179,39.474385],[8.489233,39.476417],[8.490975,39.478732],[8.492312,39.480145],[8.496033,39.48304],[8.508128,39.481192],[8.524764,39.47954]]]]}},{"type":"Feature","properties":{"province":"verbania","geometryId":"uts:103","adminLevel":"province","name":"Verbano-Cusio-Ossola"},"geometry":{"type":"MultiPolygon","coordinates":[[[[8.445494,46.463705],[8.446541,46.463477],[8.447741,46.463032],[8.44866,46.462515],[8.44976,46.461764],[8.452368,46.45907],[8.462418,46.44828],[8.46521,46.445125],[8.465426,46.444767],[8.465824,46.44349],[8.465881,46.442904],[8.465501,46.441905],[8.464951,46.440894],[8.464398,46.440199],[8.464106,46.439927],[8.463599,46.439458],[8.463244,46.439277],[8.462369,46.43883],[8.462143,46.438718],[8.461177,46.43824],[8.460735,46.438052],[8.457617,46.425745],[8.457581,46.425568],[8.457564,46.425479],[8.457665,46.422357],[8.458642,46.420525],[8.459093,46.419969],[8.459545,46.41964],[8.459857,46.419415],[8.460202,46.419298],[8.463772,46.417481],[8.468529,46.411626],[8.468394,46.411067],[8.467147,46.409523],[8.466594,46.408854],[8.467476,46.399589],[8.465723,46.391706],[8.463351,46.384279],[8.466989,46.374139],[8.468553,46.364873],[8.465616,46.358907],[8.464556,46.357501],[8.462263,46.354107],[8.462017,46.353205],[8.465215,46.334051],[8.455179,46.323726],[8.449742,46.320842],[8.449615,46.320846],[8.449186,46.320799],[8.446859,46.320483],[8.44478,46.320067],[8.444529,46.319955],[8.444209,46.319812],[8.444006,46.31964],[8.443836,46.319495],[8.443624,46.319195],[8.44321,46.318602],[8.441522,46.315957],[8.441319,46.315399],[8.440126,46.304772],[8.433518,46.302399],[8.432522,46.301962],[8.429136,46.300433],[8.428518,46.29989],[8.427522,46.298265],[8.434254,46.287994],[8.437163,46.284723],[8.438064,46.283783],[8.438691,46.283201],[8.438994,46.282986],[8.440188,46.282182],[8.441393,46.281395],[8.44161,46.281253],[8.442916,46.280332],[8.443532,46.27976],[8.447752,46.275748],[8.448772,46.274763],[8.449494,46.274046],[8.449648,46.273873],[8.449756,46.273751],[8.454731,46.265936],[8.455364,46.264931],[8.456246,46.263513],[8.4563,46.263297],[8.455887,46.263124],[8.454424,46.262748],[8.453547,46.262532],[8.44892,46.261048],[8.442725,46.253908],[8.442494,46.253637],[8.442524,46.253259],[8.442568,46.252773],[8.443079,46.250832],[8.443564,46.249925],[8.445643,46.248297],[8.44666,46.24788],[8.44762,46.247794],[8.448823,46.24798],[8.449714,46.247976],[8.449775,46.247976],[8.449862,46.247976],[8.450784,46.247908],[8.454352,46.247502],[8.455381,46.247255],[8.457098,46.24675],[8.463708,46.244739],[8.464567,46.244401],[8.465078,46.243908],[8.46598,46.24186],[8.466133,46.240835],[8.46609,46.240088],[8.46584,46.239142],[8.465875,46.238152],[8.466084,46.237377],[8.466169,46.237064],[8.466912,46.235376],[8.467451,46.234595],[8.469218,46.232938],[8.473031,46.231561],[8.474906,46.231057],[8.475466,46.230942],[8.477281,46.230573],[8.478717,46.230354],[8.479348,46.230258],[8.479848,46.230269],[8.481408,46.230303],[8.48308,46.230347],[8.484792,46.230292],[8.486207,46.230226],[8.488882,46.229851],[8.493339,46.228836],[8.496459,46.227986],[8.500898,46.22634],[8.504453,46.224754],[8.519344,46.220875],[8.532617,46.217096],[8.532732,46.215738],[8.532962,46.214659],[8.533965,46.210964],[8.534365,46.209634],[8.535466,46.206632],[8.536536,46.204251],[8.539492,46.199484],[8.539745,46.199101],[8.539803,46.199013],[8.540687,46.197671],[8.541095,46.197555],[8.541714,46.197378],[8.554899,46.190419],[8.563723,46.183938],[8.56842,46.178204],[8.570804,46.172345],[8.571295,46.170043],[8.571601,46.168956],[8.571734,46.168488],[8.571947,46.167786],[8.572648,46.165917],[8.573056,46.165018],[8.573709,46.164382],[8.576887,46.162071],[8.577109,46.161929],[8.57781,46.161751],[8.577856,46.161752],[8.579999,46.161795],[8.599082,46.155546],[8.60239,46.153626],[8.599616,46.149841],[8.596559,46.148121],[8.595954,46.147879],[8.595424,46.147667],[8.595075,46.147467],[8.594159,46.146942],[8.59385,46.146758],[8.59317,46.146354],[8.592897,46.146191],[8.592445,46.145784],[8.593116,46.143617],[8.594837,46.142242],[8.603203,46.137236],[8.609644,46.132614],[8.60988,46.127453],[8.609835,46.127377],[8.609818,46.126504],[8.611715,46.121821],[8.611873,46.121453],[8.618511,46.121511],[8.620684,46.121599],[8.632082,46.122176],[8.643788,46.123411],[8.645107,46.123559],[8.645951,46.123471],[8.64797,46.123118],[8.653596,46.117951],[8.657493,46.113183],[8.658286,46.112565],[8.667659,46.109782],[8.671855,46.109265],[8.680966,46.10696],[8.689146,46.101772],[8.703485,46.100604],[8.714815,46.098043],[8.712755,46.095974],[8.710259,46.093403],[8.707854,46.090814],[8.70628,46.087723],[8.705569,46.085129],[8.705344,46.083193],[8.70548,46.081933],[8.705677,46.081394],[8.706459,46.08019],[8.706623,46.079947],[8.708513,46.077225],[8.709125,46.076444],[8.709659,46.075707],[8.710167,46.074961],[8.710637,46.074207],[8.711642,46.072301],[8.715559,46.062267],[8.715876,46.061026],[8.716491,46.058285],[8.716942,46.055628],[8.717636,46.051391],[8.718716,46.047415],[8.720254,46.042199],[8.720581,46.041231],[8.720643,46.041048],[8.72127,46.039735],[8.721778,46.038927],[8.722351,46.038055],[8.72339,46.036815],[8.724468,46.035774],[8.725298,46.035137],[8.726285,46.034212],[8.726857,46.033422],[8.727496,46.032379],[8.728474,46.030221],[8.728763,46.029232],[8.7289,46.028175],[8.728938,46.027882],[8.729047,46.026839],[8.729062,46.026254],[8.728882,46.023445],[8.728029,46.021121],[8.72643,46.017967],[8.725402,46.016768],[8.72425,46.015523],[8.723056,46.014314],[8.722118,46.013385],[8.721166,46.01259],[8.720806,46.012292],[8.719326,46.011146],[8.714759,46.008206],[8.711889,46.006447],[8.711091,46.005977],[8.709984,46.005365],[8.708992,46.00482],[8.707832,46.004223],[8.706893,46.003752],[8.70585,46.003201],[8.703791,46.001926],[8.701175,46.000245],[8.700704,45.999939],[8.690564,45.992756],[8.682299,45.986888],[8.6541,45.966087],[8.616878,45.938378],[8.600142,45.926219],[8.594869,45.922547],[8.582672,45.911833],[8.572734,45.902786],[8.571626,45.901336],[8.570642,45.900033],[8.570292,45.89832],[8.569709,45.895427],[8.569447,45.894129],[8.570514,45.889507],[8.571666,45.887003],[8.57495,45.882272],[8.592312,45.852446],[8.593097,45.850379],[8.593821,45.848339],[8.594624,45.844795],[8.595449,45.835824],[8.595203,45.833614],[8.594372,45.829471],[8.593801,45.828246],[8.57809,45.8336],[8.568935,45.834115],[8.565296,45.83543],[8.56183,45.837563],[8.561841,45.837928],[8.562033,45.838514],[8.562129,45.838789],[8.562657,45.846617],[8.559161,45.854866],[8.553322,45.853408],[8.545101,45.847246],[8.543478,45.844355],[8.542982,45.843363],[8.534581,45.839783],[8.521848,45.837295],[8.510825,45.834685],[8.498475,45.833352],[8.495674,45.835621],[8.496107,45.836847],[8.496765,45.839014],[8.497603,45.844665],[8.497341,45.847635],[8.492817,45.849082],[8.475187,45.856217],[8.474802,45.85657],[8.474398,45.857401],[8.4743,45.857795],[8.474107,45.858592],[8.473963,45.859352],[8.473222,45.863831],[8.473212,45.864065],[8.473224,45.865451],[8.473238,45.865719],[8.458636,45.874749],[8.456246,45.873301],[8.454349,45.86633],[8.452024,45.860682],[8.449242,45.855789],[8.435616,45.844278],[8.430806,45.84127],[8.428422,45.840003],[8.424937,45.838865],[8.422469,45.837376],[8.421735,45.836833],[8.421195,45.836385],[8.420649,45.835783],[8.420594,45.835558],[8.420366,45.833451],[8.42021,45.831546],[8.420289,45.83052],[8.420015,45.83],[8.415607,45.830034],[8.411137,45.830168],[8.410082,45.830338],[8.409864,45.830503],[8.409605,45.830848],[8.409222,45.831386],[8.407464,45.837776],[8.407912,45.842533],[8.406239,45.847135],[8.39927,45.854265],[8.39513,45.844588],[8.392779,45.83949],[8.391343,45.839572],[8.385251,45.839954],[8.38249,45.839804],[8.379044,45.839187],[8.377319,45.837697],[8.375383,45.828497],[8.377769,45.821318],[8.379838,45.817491],[8.382097,45.81264],[8.379868,45.809328],[8.376017,45.806647],[8.372709,45.801773],[8.373389,45.80085],[8.376787,45.799095],[8.37684,45.799017],[8.376907,45.798916],[8.377208,45.798207],[8.377143,45.797868],[8.37711,45.797699],[8.376988,45.797067],[8.375256,45.788353],[8.372825,45.784137],[8.363079,45.777754],[8.361315,45.777143],[8.353437,45.77398],[8.350431,45.772685],[8.349878,45.77237],[8.345055,45.772901],[8.33481,45.773792],[8.318213,45.766917],[8.318128,45.766969],[8.317903,45.767108],[8.317802,45.767172],[8.317721,45.767251],[8.317675,45.767298],[8.317514,45.767461],[8.317213,45.76777],[8.317004,45.768417],[8.316864,45.768974],[8.31686,45.769276],[8.318101,45.77161],[8.319244,45.773825],[8.31992,45.776616],[8.320234,45.778409],[8.318045,45.781803],[8.3178,45.792292],[8.317843,45.797278],[8.319668,45.803319],[8.321318,45.808473],[8.325158,45.816556],[8.329236,45.829944],[8.328378,45.830535],[8.325725,45.83173],[8.323004,45.832557],[8.321903,45.834578],[8.321851,45.834695],[8.32155,45.835439],[8.321121,45.837031],[8.321619,45.837952],[8.322775,45.839329],[8.323724,45.840237],[8.325207,45.84094],[8.325805,45.84119],[8.326698,45.841271],[8.328389,45.841421],[8.328907,45.841455],[8.329104,45.841445],[8.329467,45.841426],[8.334737,45.846801],[8.32874,45.855023],[8.328216,45.855555],[8.327814,45.855841],[8.327211,45.855896],[8.322861,45.855825],[8.316864,45.861559],[8.312182,45.865918],[8.30584,45.869548],[8.302212,45.870345],[8.298406,45.869984],[8.293679,45.870463],[8.293677,45.871926],[8.29371,45.87333],[8.293934,45.875014],[8.294914,45.879278],[8.295122,45.880134],[8.29534,45.880284],[8.295713,45.88039],[8.297085,45.881087],[8.299219,45.883022],[8.302731,45.886252],[8.302802,45.886419],[8.302981,45.886856],[8.302235,45.888274],[8.301413,45.888602],[8.299166,45.889479],[8.296918,45.889803],[8.296582,45.889847],[8.296137,45.889906],[8.295935,45.889914],[8.295551,45.88993],[8.295476,45.889933],[8.291448,45.889872],[8.290866,45.889789],[8.285571,45.891495],[8.278762,45.894901],[8.27372,45.89954],[8.27244,45.902592],[8.266651,45.907409],[8.256433,45.907627],[8.238479,45.912334],[8.234431,45.916337],[8.22963,45.920681],[8.229121,45.9209],[8.229061,45.920925],[8.228244,45.921198],[8.225225,45.921372],[8.218496,45.922491],[8.217645,45.922746],[8.216535,45.923112],[8.21592,45.923329],[8.215033,45.923732],[8.214524,45.92399],[8.214202,45.924293],[8.213652,45.924897],[8.204705,45.935406],[8.208296,45.944283],[8.206045,45.946608],[8.199342,45.94966],[8.19691,45.950004],[8.193202,45.95046],[8.192173,45.950411],[8.183898,45.949804],[8.179891,45.948417],[8.171312,45.943658],[8.164976,45.939754],[8.164816,45.939575],[8.164568,45.939302],[8.164501,45.939228],[8.164457,45.939194],[8.163332,45.938347],[8.162767,45.937924],[8.162191,45.937564],[8.160426,45.936463],[8.160025,45.936216],[8.159771,45.936093],[8.159225,45.935832],[8.158911,45.935682],[8.158206,45.935346],[8.157851,45.935179],[8.157656,45.935103],[8.157469,45.93503],[8.156852,45.934792],[8.15681,45.934776],[8.154859,45.934099],[8.154586,45.934013],[8.154037,45.933843],[8.153998,45.933831],[8.15384,45.933795],[8.153136,45.933633],[8.152939,45.93359],[8.152335,45.933486],[8.152132,45.933462],[8.151908,45.933435],[8.151618,45.933401],[8.151537,45.933391],[8.150627,45.933285],[8.143651,45.932693],[8.140754,45.932482],[8.117005,45.931321],[8.116974,45.931338],[8.115798,45.931958],[8.115516,45.932037],[8.114587,45.931994],[8.114196,45.931928],[8.107858,45.930578],[8.107024,45.9303],[8.106853,45.930242],[8.105664,45.929742],[8.102062,45.927702],[8.10107,45.926938],[8.098872,45.925177],[8.09762,45.923959],[8.087727,45.92231],[8.086863,45.922173],[8.086231,45.922334],[8.085309,45.922646],[8.083956,45.923418],[8.083383,45.923755],[8.075642,45.929558],[8.066869,45.934337],[8.065889,45.934806],[8.064368,45.935311],[8.06223,45.935838],[8.061466,45.936003],[8.060921,45.936059],[8.060667,45.936085],[8.060007,45.936153],[8.046704,45.935098],[8.041051,45.9337],[8.040544,45.933465],[8.039799,45.933127],[8.037754,45.932255],[8.034464,45.931277],[8.033836,45.931128],[8.028197,45.930019],[8.022013,45.929627],[8.011956,45.926123],[8.008699,45.923487],[8.004878,45.920882],[7.997589,45.916415],[7.993902,45.914263],[7.97934,45.907164],[7.973952,45.904554],[7.9668,45.901726],[7.962938,45.901012],[7.961285,45.901339],[7.953158,45.90397],[7.942585,45.907837],[7.942174,45.909107],[7.941938,45.909411],[7.939238,45.912558],[7.930746,45.918298],[7.929108,45.919048],[7.927453,45.919684],[7.926961,45.919873],[7.922937,45.92124],[7.909198,45.925016],[7.897423,45.92623],[7.882347,45.927384],[7.878012,45.927369],[7.876965,45.926428],[7.87292,45.931076],[7.871082,45.933326],[7.868672,45.93702],[7.868401,45.937638],[7.868553,45.93845],[7.87023,45.946702],[7.87066,45.947741],[7.871699,45.948039],[7.876942,45.95485],[7.879004,45.962638],[7.878878,45.970179],[7.878097,45.971143],[7.877764,45.972265],[7.878064,45.973402],[7.879069,45.974141],[7.880296,45.974738],[7.883606,45.975751],[7.885725,45.976321],[7.887382,45.976742],[7.888975,45.977136],[7.894657,45.980926],[7.902215,45.98846],[7.906351,45.994125],[7.921702,45.996935],[7.935647,45.997048],[7.954548,45.997046],[7.970966,45.998469],[7.984568,45.996872],[7.986955,45.996236],[7.988171,45.996296],[7.988697,45.996324],[7.992076,45.998693],[7.993375,45.999695],[7.997964,46.006639],[8.007632,46.011385],[8.012959,46.016084],[8.014572,46.022749],[8.014782,46.028817],[8.013957,46.032608],[8.019701,46.037365],[8.021359,46.038612],[8.023651,46.03982],[8.028408,46.041237],[8.030506,46.041732],[8.033204,46.047074],[8.02723,46.057527],[8.026105,46.059776],[8.022581,46.068225],[8.022374,46.069699],[8.022458,46.070807],[8.022953,46.074267],[8.02322,46.075277],[8.02362,46.076028],[8.025868,46.078342],[8.029805,46.085449],[8.031613,46.092962],[8.032813,46.097571],[8.036958,46.100414],[8.045697,46.100695],[8.059355,46.103211],[8.061152,46.104063],[8.062824,46.104688],[8.068701,46.106023],[8.070495,46.106299],[8.074056,46.106229],[8.077787,46.106007],[8.079071,46.105819],[8.083999,46.105814],[8.091299,46.107258],[8.098387,46.109006],[8.107679,46.111591],[8.113206,46.116872],[8.113762,46.117767],[8.114605,46.121652],[8.115055,46.128298],[8.114676,46.129366],[8.114971,46.130313],[8.117437,46.131547],[8.124415,46.134796],[8.125277,46.135127],[8.126424,46.13546],[8.12818,46.13577],[8.133745,46.136676],[8.135181,46.136867],[8.136134,46.136727],[8.136741,46.136637],[8.138026,46.136133],[8.139023,46.135938],[8.139093,46.135925],[8.140205,46.135915],[8.141574,46.136069],[8.143376,46.13674],[8.144661,46.137416],[8.145995,46.138182],[8.147495,46.139165],[8.148506,46.13991],[8.149671,46.140801],[8.150258,46.1413],[8.153463,46.145941],[8.153966,46.146935],[8.154069,46.1478],[8.153274,46.152384],[8.15246,46.153899],[8.152157,46.154365],[8.15193,46.154714],[8.151206,46.155464],[8.150299,46.156396],[8.150127,46.156572],[8.149919,46.157489],[8.149696,46.158495],[8.149528,46.159304],[8.149528,46.160123],[8.149805,46.161484],[8.150113,46.162539],[8.150584,46.163911],[8.151123,46.165103],[8.157426,46.171308],[8.161616,46.175224],[8.163509,46.176003],[8.164705,46.176561],[8.164818,46.176787],[8.164843,46.176841],[8.165093,46.177464],[8.165489,46.178673],[8.165644,46.181284],[8.165451,46.182263],[8.164553,46.183292],[8.163734,46.183981],[8.163555,46.184131],[8.15841,46.188377],[8.15174,46.197418],[8.147928,46.207577],[8.141733,46.218403],[8.141175,46.2201],[8.140866,46.22104],[8.139704,46.224526],[8.13915,46.225934],[8.139003,46.226077],[8.133313,46.226844],[8.12761,46.228313],[8.126238,46.228978],[8.125136,46.229518],[8.12501,46.22958],[8.117371,46.236528],[8.111617,46.243814],[8.107488,46.249932],[8.091056,46.253444],[8.089029,46.253644],[8.087745,46.254089],[8.087607,46.254137],[8.082485,46.257174],[8.08171,46.257707],[8.081326,46.258199],[8.080428,46.260766],[8.091187,46.268484],[8.103809,46.276647],[8.111806,46.280548],[8.115187,46.283161],[8.117823,46.285836],[8.11934,46.289161],[8.11997,46.290354],[8.119998,46.290403],[8.12074,46.291683],[8.121073,46.292018],[8.125086,46.294344],[8.137709,46.301613],[8.141226,46.30244],[8.142187,46.302483],[8.145831,46.301953],[8.147604,46.301516],[8.148674,46.301092],[8.156439,46.297595],[8.163649,46.296442],[8.175037,46.297172],[8.177835,46.297462],[8.178941,46.297641],[8.179235,46.297689],[8.18133,46.298289],[8.182722,46.298991],[8.196564,46.302123],[8.197123,46.302169],[8.197761,46.302221],[8.198309,46.302278],[8.198773,46.302327],[8.203163,46.304266],[8.20388,46.304667],[8.204574,46.30514],[8.208777,46.308121],[8.211715,46.310616],[8.211714,46.311615],[8.211853,46.312849],[8.212638,46.314267],[8.214833,46.317882],[8.216483,46.320593],[8.222579,46.3295],[8.222668,46.330553],[8.225473,46.335126],[8.233737,46.3397],[8.235065,46.340312],[8.236101,46.340553],[8.236766,46.34053],[8.238695,46.340156],[8.249849,46.342282],[8.257718,46.345591],[8.261076,46.347881],[8.264731,46.351495],[8.265333,46.352111],[8.265518,46.352895],[8.264893,46.356878],[8.263209,46.35837],[8.262501,46.358807],[8.261725,46.359477],[8.260868,46.360479],[8.262014,46.362115],[8.262654,46.362893],[8.263398,46.363663],[8.264146,46.364055],[8.266423,46.364871],[8.268441,46.365523],[8.269982,46.365964],[8.27295,46.366703],[8.273381,46.36667],[8.274025,46.36662],[8.274133,46.366612],[8.284824,46.36505],[8.288636,46.367801],[8.291951,46.369765],[8.296395,46.371881],[8.303873,46.375352],[8.305074,46.375318],[8.30662,46.375354],[8.307722,46.375586],[8.311948,46.376557],[8.312348,46.376838],[8.313829,46.378971],[8.317628,46.384933],[8.317248,46.394605],[8.316903,46.39724],[8.316376,46.397705],[8.310408,46.402817],[8.306249,46.402666],[8.301921,46.403387],[8.294128,46.405526],[8.290672,46.407466],[8.29055,46.408735],[8.299071,46.41668],[8.300312,46.419351],[8.301821,46.422447],[8.302328,46.423269],[8.303216,46.423986],[8.306007,46.425632],[8.307038,46.425719],[8.307483,46.425396],[8.308232,46.424854],[8.309436,46.424221],[8.310847,46.423933],[8.312419,46.423888],[8.313633,46.423932],[8.32249,46.425514],[8.330437,46.428648],[8.335381,46.430873],[8.33687,46.431548],[8.338202,46.432212],[8.339405,46.432813],[8.348459,46.439741],[8.352921,46.443195],[8.353891,46.444901],[8.354657,46.446157],[8.356178,46.447461],[8.358093,46.448489],[8.363996,46.45097],[8.364499,46.451144],[8.369988,46.452398],[8.37142,46.452676],[8.373285,46.452992],[8.374298,46.453159],[8.374835,46.45301],[8.376096,46.452355],[8.377922,46.451577],[8.379151,46.451152],[8.379895,46.450931],[8.381587,46.45094],[8.391485,46.45193],[8.404536,46.457191],[8.413122,46.459277],[8.431047,46.463202],[8.43514,46.463997],[8.437324,46.46434],[8.445494,46.463705]]]]}},{"type":"Feature","properties":{"province":"vercelli","geometryId":"uts:2","adminLevel":"province","name":"Vercelli"},"geometry":{"type":"MultiPolygon","coordinates":[[[[8.199342,45.94966],[8.206045,45.946608],[8.208296,45.944283],[8.204705,45.935406],[8.213652,45.924897],[8.214202,45.924293],[8.214524,45.92399],[8.215033,45.923732],[8.21592,45.923329],[8.216535,45.923112],[8.217645,45.922746],[8.218496,45.922491],[8.225225,45.921372],[8.228244,45.921198],[8.229061,45.920925],[8.229121,45.9209],[8.22963,45.920681],[8.234431,45.916337],[8.238479,45.912334],[8.256433,45.907627],[8.266651,45.907409],[8.27244,45.902592],[8.27372,45.89954],[8.278762,45.894901],[8.285571,45.891495],[8.290866,45.889789],[8.291448,45.889872],[8.295476,45.889933],[8.295551,45.88993],[8.295935,45.889914],[8.296137,45.889906],[8.296582,45.889847],[8.296918,45.889803],[8.299166,45.889479],[8.301413,45.888602],[8.302235,45.888274],[8.302981,45.886856],[8.302802,45.886419],[8.302731,45.886252],[8.299219,45.883022],[8.297085,45.881087],[8.295713,45.88039],[8.29534,45.880284],[8.295122,45.880134],[8.294914,45.879278],[8.293934,45.875014],[8.29371,45.87333],[8.293677,45.871926],[8.293679,45.870463],[8.298406,45.869984],[8.302212,45.870345],[8.30584,45.869548],[8.312182,45.865918],[8.316864,45.861559],[8.322861,45.855825],[8.327211,45.855896],[8.327814,45.855841],[8.328216,45.855555],[8.32874,45.855023],[8.334737,45.846801],[8.329467,45.841426],[8.329104,45.841445],[8.328907,45.841455],[8.328389,45.841421],[8.326698,45.841271],[8.325805,45.84119],[8.325207,45.84094],[8.323724,45.840237],[8.322775,45.839329],[8.321619,45.837952],[8.321121,45.837031],[8.32155,45.835439],[8.321851,45.834695],[8.321903,45.834578],[8.323004,45.832557],[8.325725,45.83173],[8.328378,45.830535],[8.329236,45.829944],[8.325158,45.816556],[8.321318,45.808473],[8.319668,45.803319],[8.317843,45.797278],[8.3178,45.792292],[8.318045,45.781803],[8.320234,45.778409],[8.31992,45.776616],[8.319244,45.773825],[8.318101,45.77161],[8.31686,45.769276],[8.316864,45.768974],[8.317004,45.768417],[8.317213,45.76777],[8.317514,45.767461],[8.317675,45.767298],[8.317721,45.767251],[8.317802,45.767172],[8.317903,45.767108],[8.318128,45.766969],[8.318213,45.766917],[8.33481,45.773792],[8.345055,45.772901],[8.349878,45.77237],[8.351935,45.771667],[8.352597,45.771374],[8.357045,45.767686],[8.357139,45.76759],[8.357169,45.767561],[8.356339,45.767066],[8.355974,45.766847],[8.355492,45.766435],[8.354583,45.765441],[8.35452,45.765372],[8.354092,45.764614],[8.353949,45.764257],[8.353476,45.76236],[8.352757,45.758778],[8.353027,45.758267],[8.353417,45.757693],[8.354459,45.756474],[8.356368,45.754532],[8.356941,45.75396],[8.357694,45.753532],[8.366039,45.74816],[8.371708,45.744451],[8.37541,45.737424],[8.378697,45.730399],[8.383668,45.720498],[8.381831,45.714165],[8.381333,45.710682],[8.382704,45.708981],[8.386325,45.706732],[8.391547,45.703704],[8.388561,45.698099],[8.38839,45.697941],[8.388088,45.697732],[8.387928,45.697623],[8.385715,45.696536],[8.385429,45.696477],[8.385176,45.696426],[8.385078,45.696406],[8.384368,45.696376],[8.383884,45.696382],[8.382805,45.696592],[8.374949,45.6986],[8.373639,45.699427],[8.371656,45.701846],[8.370528,45.703901],[8.370449,45.704207],[8.370414,45.704301],[8.370293,45.704629],[8.370235,45.70478],[8.370157,45.704984],[8.370044,45.705209],[8.369924,45.705446],[8.369779,45.70563],[8.36958,45.705881],[8.369207,45.706252],[8.368224,45.706999],[8.367907,45.707145],[8.367547,45.707278],[8.366902,45.707364],[8.364698,45.70742],[8.364508,45.707414],[8.362016,45.707189],[8.359656,45.70696],[8.356447,45.706343],[8.355019,45.706065],[8.349766,45.704221],[8.326332,45.702884],[8.322696,45.703808],[8.321778,45.703946],[8.320214,45.703829],[8.314927,45.702267],[8.312517,45.700372],[8.312347,45.700204],[8.311533,45.699226],[8.311208,45.698761],[8.310989,45.698431],[8.310737,45.698052],[8.310564,45.697187],[8.310573,45.697011],[8.310924,45.696375],[8.31157,45.695555],[8.318956,45.687215],[8.326416,45.680275],[8.332887,45.674074],[8.334547,45.669221],[8.33762,45.66498],[8.339473,45.662633],[8.340573,45.661312],[8.345252,45.656312],[8.351611,45.652788],[8.352281,45.649052],[8.347027,45.645138],[8.354815,45.637798],[8.367152,45.635706],[8.370023,45.635798],[8.371409,45.635792],[8.371664,45.63557],[8.373866,45.633644],[8.383296,45.625383],[8.384462,45.62436],[8.388957,45.620097],[8.389137,45.619879],[8.389325,45.619651],[8.390022,45.618802],[8.390045,45.618774],[8.390074,45.618705],[8.390274,45.618234],[8.390334,45.618052],[8.390529,45.617459],[8.390797,45.616645],[8.390873,45.616321],[8.391436,45.613907],[8.392096,45.607867],[8.392404,45.60408],[8.393567,45.587091],[8.393701,45.583348],[8.393703,45.583222],[8.393505,45.582668],[8.393237,45.581932],[8.393205,45.581864],[8.392651,45.580756],[8.392632,45.580723],[8.392505,45.580513],[8.39222,45.580036],[8.391862,45.57944],[8.39145,45.578754],[8.391314,45.578448],[8.391228,45.578254],[8.391196,45.578181],[8.391173,45.577677],[8.391252,45.576386],[8.391474,45.575145],[8.391753,45.573747],[8.391872,45.573376],[8.392131,45.57257],[8.392637,45.571366],[8.393192,45.570226],[8.393379,45.56987],[8.393943,45.568803],[8.394642,45.567669],[8.397831,45.562654],[8.399318,45.553908],[8.399357,45.553107],[8.39955,45.549148],[8.400029,45.54095],[8.400373,45.536632],[8.403109,45.528608],[8.40324,45.517299],[8.403217,45.500476],[8.401822,45.493169],[8.400746,45.491525],[8.40606,45.484118],[8.408021,45.482376],[8.409559,45.481517],[8.40962,45.48148],[8.411373,45.480432],[8.411449,45.480363],[8.411877,45.479972],[8.413809,45.477285],[8.413948,45.476229],[8.414045,45.475392],[8.414076,45.4751],[8.411666,45.471514],[8.411316,45.471281],[8.40963,45.470838],[8.407864,45.470375],[8.407824,45.470364],[8.405947,45.470108],[8.405637,45.470095],[8.402306,45.464975],[8.401553,45.455377],[8.401681,45.454733],[8.404293,45.45377],[8.407016,45.453492],[8.407925,45.452295],[8.408012,45.45215],[8.40822,45.451797],[8.40836,45.451168],[8.408391,45.45079],[8.408423,45.450335],[8.408404,45.448465],[8.408107,45.447445],[8.405887,45.443761],[8.405062,45.438175],[8.405591,45.429068],[8.406052,45.419081],[8.405238,45.413905],[8.404808,45.411918],[8.404417,45.410187],[8.403788,45.407695],[8.403081,45.406827],[8.402657,45.406379],[8.40204,45.405729],[8.402009,45.405697],[8.401809,45.405178],[8.401262,45.40274],[8.400546,45.399034],[8.400543,45.398945],[8.400513,45.397768],[8.400478,45.396369],[8.40055,45.396197],[8.40742,45.396944],[8.40844,45.397165],[8.409971,45.399415],[8.410683,45.401822],[8.410734,45.404747],[8.418015,45.40821],[8.428764,45.41079],[8.433492,45.409573],[8.438448,45.403681],[8.439781,45.401599],[8.441016,45.39696],[8.44549,45.391897],[8.453389,45.383032],[8.458912,45.380492],[8.47082,45.383344],[8.479925,45.379979],[8.496143,45.374178],[8.496426,45.373058],[8.496459,45.372924],[8.496505,45.37274],[8.497108,45.369979],[8.49842,45.361798],[8.498356,45.358931],[8.498333,45.35868],[8.498251,45.357796],[8.499132,45.350797],[8.499326,45.34951],[8.499344,45.349384],[8.499364,45.349241],[8.499388,45.349069],[8.499466,45.348179],[8.499448,45.347714],[8.499033,45.347223],[8.498577,45.34687],[8.492344,45.344907],[8.475293,45.341243],[8.471721,45.34228],[8.468055,45.339657],[8.467352,45.339124],[8.463122,45.331991],[8.462743,45.330014],[8.462898,45.327234],[8.462966,45.327184],[8.464199,45.3263],[8.464861,45.325825],[8.470888,45.321969],[8.472341,45.321058],[8.47284,45.320799],[8.47487,45.319836],[8.47579,45.321226],[8.476086,45.321993],[8.483061,45.32067],[8.486683,45.317194],[8.490322,45.313303],[8.490963,45.312829],[8.491715,45.312459],[8.492919,45.3121],[8.49408,45.311938],[8.496307,45.312677],[8.497823,45.313287],[8.499783,45.315775],[8.50692,45.319425],[8.510333,45.31786],[8.51279,45.316456],[8.513454,45.314052],[8.513544,45.313278],[8.510365,45.31058],[8.507711,45.307752],[8.507206,45.307101],[8.50005,45.296614],[8.498337,45.292226],[8.499177,45.291748],[8.504415,45.290565],[8.506098,45.290572],[8.510265,45.290887],[8.511997,45.291021],[8.51742,45.286632],[8.515744,45.285186],[8.513569,45.283259],[8.513089,45.282663],[8.512804,45.281744],[8.512822,45.281105],[8.513024,45.275344],[8.513092,45.275268],[8.513423,45.274901],[8.514078,45.274321],[8.517549,45.273768],[8.520606,45.273997],[8.521956,45.274165],[8.523255,45.274368],[8.523825,45.274758],[8.523784,45.275082],[8.522887,45.275654],[8.522584,45.276814],[8.522363,45.278856],[8.522412,45.279136],[8.534021,45.278058],[8.535106,45.277802],[8.535353,45.277226],[8.53543,45.276831],[8.535526,45.276327],[8.536108,45.272216],[8.535678,45.271719],[8.534651,45.271103],[8.532723,45.265334],[8.534604,45.261024],[8.537659,45.256803],[8.539419,45.256657],[8.539514,45.25664],[8.539634,45.256619],[8.54118,45.256349],[8.542083,45.255863],[8.542293,45.25575],[8.542344,45.255713],[8.543011,45.255222],[8.543539,45.254603],[8.543604,45.254102],[8.54362,45.253982],[8.543606,45.253941],[8.543384,45.25328],[8.542727,45.252511],[8.539043,45.249616],[8.536864,45.247996],[8.536014,45.247588],[8.534493,45.24982],[8.534395,45.250365],[8.533601,45.25125],[8.53256,45.252371],[8.531623,45.253277],[8.530906,45.253688],[8.526327,45.254299],[8.524044,45.254514],[8.522768,45.254626],[8.522082,45.249922],[8.522495,45.24924],[8.525178,45.246906],[8.525818,45.246459],[8.527655,45.24583],[8.5278,45.245784],[8.528718,45.24549],[8.536238,45.243513],[8.537795,45.243105],[8.540998,45.242383],[8.542798,45.24209],[8.544533,45.241809],[8.546215,45.241807],[8.549037,45.242385],[8.550347,45.242786],[8.551656,45.243125],[8.553044,45.243346],[8.55405,45.243368],[8.554778,45.243182],[8.556181,45.241396],[8.556325,45.240738],[8.556352,45.240613],[8.556215,45.240199],[8.55536,45.238809],[8.548729,45.237955],[8.548041,45.237925],[8.547209,45.238426],[8.546184,45.239043],[8.545778,45.239307],[8.545174,45.239696],[8.544141,45.239818],[8.542281,45.239784],[8.529098,45.239514],[8.529076,45.239377],[8.528976,45.238748],[8.52962,45.237906],[8.530309,45.237519],[8.530529,45.237396],[8.530816,45.237351],[8.532098,45.23715],[8.533959,45.236969],[8.534268,45.236967],[8.534945,45.236964],[8.535959,45.236959],[8.537665,45.237101],[8.538824,45.237159],[8.540356,45.236824],[8.541722,45.236361],[8.542388,45.235896],[8.54348,45.234739],[8.543652,45.234001],[8.543398,45.233387],[8.543202,45.232919],[8.542495,45.232034],[8.542449,45.232],[8.541634,45.231392],[8.540569,45.230685],[8.540369,45.230607],[8.539172,45.23014],[8.53748,45.229917],[8.535747,45.230036],[8.533861,45.23019],[8.53237,45.230229],[8.531045,45.230224],[8.529736,45.229948],[8.528413,45.229655],[8.528104,45.229539],[8.52708,45.229154],[8.525896,45.22828],[8.525535,45.228013],[8.525322,45.227832],[8.524498,45.227127],[8.523688,45.226063],[8.523667,45.226034],[8.523542,45.225826],[8.523101,45.225087],[8.52306,45.224968],[8.522741,45.224055],[8.522591,45.223305],[8.522582,45.223257],[8.522778,45.222619],[8.522935,45.222278],[8.523001,45.222133],[8.523245,45.221604],[8.523681,45.221091],[8.524094,45.220609],[8.524159,45.220551],[8.52567,45.219292],[8.526657,45.218603],[8.527527,45.218066],[8.529343,45.217146],[8.530391,45.216809],[8.53113,45.216641],[8.532505,45.216592],[8.533702,45.216633],[8.534548,45.216195],[8.534726,45.216101],[8.535543,45.215669],[8.536593,45.214971],[8.537617,45.214228],[8.544624,45.208964],[8.545343,45.208264],[8.546756,45.206694],[8.547307,45.206066],[8.547644,45.205347],[8.547812,45.204866],[8.547892,45.204637],[8.548031,45.204183],[8.548049,45.204125],[8.547985,45.204072],[8.547227,45.203438],[8.543254,45.201864],[8.540626,45.201035],[8.532237,45.199281],[8.531803,45.199334],[8.527604,45.200729],[8.526744,45.201572],[8.525417,45.201989],[8.524769,45.200214],[8.524543,45.198408],[8.52796,45.194592],[8.529407,45.193446],[8.530936,45.193344],[8.544292,45.194532],[8.546479,45.194862],[8.550076,45.19566],[8.551193,45.19598],[8.551929,45.196261],[8.552297,45.196425],[8.552049,45.197207],[8.551085,45.198329],[8.550774,45.199162],[8.550459,45.200286],[8.550605,45.201153],[8.554871,45.204284],[8.556026,45.204856],[8.556876,45.205174],[8.574443,45.207275],[8.575752,45.207658],[8.577644,45.207899],[8.577794,45.207916],[8.58121,45.20221],[8.576843,45.199895],[8.575312,45.199093],[8.57481,45.198905],[8.574577,45.198847],[8.573387,45.198549],[8.572394,45.198653],[8.562406,45.194484],[8.545541,45.182943],[8.544593,45.182138],[8.54395,45.181289],[8.543733,45.180488],[8.543691,45.180333],[8.542902,45.177091],[8.542966,45.173003],[8.543637,45.17253],[8.544695,45.172363],[8.545286,45.172003],[8.545481,45.171884],[8.54559,45.171817],[8.546436,45.170975],[8.547157,45.169924],[8.547173,45.169889],[8.547662,45.168724],[8.547782,45.168151],[8.546113,45.168052],[8.543435,45.170143],[8.540799,45.172713],[8.536487,45.175517],[8.533871,45.175636],[8.525037,45.174686],[8.523215,45.17322],[8.516777,45.171027],[8.516267,45.171017],[8.509985,45.173618],[8.506912,45.175617],[8.504958,45.178624],[8.498458,45.191162],[8.498451,45.192903],[8.497676,45.19709],[8.49762,45.197239],[8.497572,45.197356],[8.497166,45.197939],[8.497149,45.197964],[8.497121,45.198002],[8.497053,45.19806],[8.49694,45.198114],[8.496417,45.198355],[8.496301,45.198381],[8.496213,45.198399],[8.496063,45.198398],[8.495997,45.198398],[8.495901,45.198384],[8.494804,45.198185],[8.493878,45.197961],[8.492278,45.197369],[8.49074,45.196727],[8.484965,45.198308],[8.479915,45.202378],[8.472206,45.204245],[8.471263,45.204461],[8.466976,45.203757],[8.454766,45.202318],[8.445621,45.198605],[8.442646,45.19676],[8.440915,45.195819],[8.439144,45.1955],[8.436671,45.1952],[8.43298,45.194862],[8.432185,45.195057],[8.422692,45.197943],[8.414727,45.198223],[8.409892,45.202082],[8.404784,45.20507],[8.404745,45.205078],[8.404694,45.205088],[8.404473,45.205131],[8.404161,45.205179],[8.403565,45.20527],[8.403385,45.205292],[8.403341,45.205297],[8.403105,45.205322],[8.40212,45.205425],[8.401658,45.205418],[8.397735,45.204804],[8.394387,45.203674],[8.394564,45.203387],[8.394676,45.203203],[8.394902,45.202831],[8.394936,45.202764],[8.390223,45.201096],[8.387821,45.200592],[8.384471,45.200076],[8.382461,45.199888],[8.378967,45.200756],[8.375534,45.201102],[8.375441,45.20111],[8.37528,45.201109],[8.375157,45.201082],[8.374026,45.200823],[8.373383,45.200667],[8.369676,45.199589],[8.363512,45.197601],[8.359215,45.195354],[8.360394,45.193794],[8.361503,45.191555],[8.361089,45.190539],[8.355974,45.186905],[8.352722,45.184943],[8.345805,45.176775],[8.341716,45.172445],[8.337695,45.170612],[8.337315,45.170528],[8.336911,45.170463],[8.33044,45.169444],[8.330174,45.169404],[8.328538,45.169177],[8.328487,45.169172],[8.328407,45.169165],[8.328355,45.169161],[8.328312,45.169157],[8.328265,45.169171],[8.32822,45.169185],[8.327906,45.169312],[8.32563,45.170381],[8.323596,45.17264],[8.321929,45.17379],[8.312908,45.176564],[8.31148,45.176915],[8.306894,45.177864],[8.305298,45.176999],[8.297978,45.174064],[8.293557,45.173786],[8.281581,45.178519],[8.269646,45.181093],[8.267938,45.180907],[8.26723,45.180812],[8.266331,45.18069],[8.264778,45.180477],[8.264036,45.180315],[8.259238,45.179055],[8.253024,45.177007],[8.252194,45.176732],[8.251688,45.176544],[8.251406,45.176439],[8.251152,45.17633],[8.251009,45.176269],[8.250342,45.175976],[8.250074,45.175855],[8.250001,45.175822],[8.249097,45.175366],[8.248765,45.175192],[8.24432,45.172827],[8.24325,45.172177],[8.242349,45.171293],[8.242063,45.170899],[8.240415,45.169552],[8.237546,45.168065],[8.236915,45.167782],[8.236326,45.167535],[8.23611,45.167453],[8.235653,45.167315],[8.23194,45.166327],[8.230707,45.166006],[8.230065,45.165841],[8.229303,45.165661],[8.22736,45.165301],[8.225574,45.165104],[8.215419,45.164],[8.215065,45.164164],[8.214649,45.164616],[8.214438,45.164988],[8.214311,45.165734],[8.214231,45.167286],[8.214149,45.168011],[8.214032,45.169035],[8.213848,45.169614],[8.213366,45.170525],[8.21265,45.171497],[8.211994,45.17224],[8.207084,45.175397],[8.205312,45.176461],[8.204216,45.177119],[8.203677,45.177376],[8.202327,45.178019],[8.201622,45.178158],[8.200359,45.178334],[8.198953,45.178284],[8.198106,45.17803],[8.19656,45.177457],[8.191267,45.174498],[8.189715,45.17356],[8.189884,45.172436],[8.190277,45.169922],[8.186018,45.164659],[8.18557,45.16433],[8.176763,45.16004],[8.176258,45.159799],[8.173416,45.159535],[8.173258,45.159521],[8.1731,45.159528],[8.17207,45.159584],[8.172077,45.159715],[8.172142,45.160354],[8.172215,45.160961],[8.172627,45.164274],[8.172634,45.164301],[8.172661,45.164404],[8.172477,45.170394],[8.15945,45.169624],[8.151852,45.168541],[8.150797,45.168426],[8.150256,45.168367],[8.148104,45.168203],[8.147556,45.168185],[8.146913,45.168234],[8.146306,45.168351],[8.145813,45.168483],[8.144993,45.16894],[8.144803,45.16906],[8.144363,45.169368],[8.143962,45.169671],[8.143788,45.169935],[8.143632,45.170231],[8.143549,45.170641],[8.143534,45.170755],[8.143526,45.170991],[8.14397,45.171647],[8.144595,45.17283],[8.144812,45.173485],[8.144908,45.173868],[8.144876,45.173904],[8.143212,45.175655],[8.14121,45.177116],[8.137711,45.178494],[8.137328,45.178067],[8.136892,45.177577],[8.136741,45.177407],[8.13653,45.177149],[8.136155,45.176692],[8.130658,45.176659],[8.124024,45.178417],[8.122261,45.180677],[8.111204,45.183476],[8.088312,45.185739],[8.074034,45.184262],[8.059061,45.183438],[8.054571,45.183301],[8.051377,45.184466],[8.049665,45.185217],[8.046238,45.187561],[8.045913,45.187886],[8.045837,45.188024],[8.045804,45.188086],[8.04577,45.188147],[8.045717,45.188649],[8.045714,45.1887],[8.045799,45.188923],[8.045871,45.189111],[8.045906,45.189201],[8.045988,45.189306],[8.046445,45.189885],[8.046635,45.190022],[8.046266,45.196616],[8.044171,45.204097],[8.044119,45.204204],[8.044097,45.20425],[8.044014,45.204356],[8.043901,45.20446],[8.04375,45.204571],[8.043607,45.204664],[8.04344,45.204771],[8.041455,45.205789],[8.041205,45.205675],[8.039557,45.204838],[8.03935,45.204728],[8.038969,45.204495],[8.038495,45.20419],[8.037678,45.203507],[8.037453,45.203303],[8.037272,45.203122],[8.036911,45.20261],[8.028868,45.204864],[8.011283,45.212774],[7.999265,45.220816],[7.991553,45.228458],[7.986349,45.238237],[7.986691,45.247957],[7.982561,45.25649],[7.980782,45.260709],[7.985837,45.261433],[7.989395,45.265187],[7.990907,45.272658],[7.991744,45.290216],[7.990726,45.303748],[7.990866,45.305468],[7.990693,45.307006],[7.990145,45.309742],[7.987381,45.312332],[7.977643,45.317147],[7.969633,45.3179],[7.96962,45.314878],[7.968308,45.312607],[7.956184,45.307948],[7.951922,45.306679],[7.951004,45.306407],[7.950694,45.306321],[7.949561,45.306007],[7.949266,45.305925],[7.948589,45.306302],[7.948487,45.306359],[7.947345,45.307184],[7.947293,45.307222],[7.947074,45.307715],[7.946991,45.307921],[7.946935,45.308114],[7.946841,45.308658],[7.947067,45.30883],[7.947575,45.309137],[7.948196,45.30944],[7.948746,45.309696],[7.951515,45.309556],[7.952787,45.311529],[7.953165,45.312897],[7.954132,45.317789],[7.954357,45.323903],[7.960544,45.329603],[7.96173,45.32979],[7.962364,45.330003],[7.963397,45.330457],[7.963863,45.330732],[7.964532,45.33121],[7.964924,45.332222],[7.964975,45.33274],[7.964852,45.333374],[7.964681,45.333966],[7.960999,45.340302],[7.957005,45.343546],[7.958574,45.346152],[7.959232,45.346424],[7.962876,45.346305],[7.976409,45.345044],[7.983677,45.346064],[7.985407,45.346214],[7.988996,45.345759],[7.989932,45.345475],[7.997514,45.343134],[8.002998,45.340779],[8.008025,45.338595],[8.009665,45.337857],[8.01406,45.334402],[8.016064,45.331468],[8.016668,45.330208],[8.017112,45.329535],[8.018239,45.329243],[8.019665,45.329275],[8.021316,45.33054],[8.021656,45.333663],[8.021601,45.33679],[8.021524,45.337784],[8.021452,45.338539],[8.021264,45.339037],[8.02111,45.339428],[8.021015,45.339624],[8.019925,45.341142],[8.019629,45.34154],[8.019451,45.341835],[8.019301,45.342194],[8.019147,45.342611],[8.019002,45.343109],[8.019002,45.343216],[8.019003,45.343276],[8.019004,45.343362],[8.019043,45.343699],[8.019301,45.344804],[8.020451,45.349211],[8.021222,45.350428],[8.021962,45.351587],[8.022595,45.352254],[8.0228,45.352404],[8.023105,45.352568],[8.023291,45.352543],[8.0237,45.352457],[8.023944,45.352378],[8.023911,45.356392],[8.023799,45.36064],[8.022927,45.363256],[8.017905,45.365599],[8.013894,45.366914],[8.011844,45.370699],[8.008157,45.380416],[8.007982,45.386976],[8.009397,45.396602],[8.009906,45.400672],[8.010637,45.405646],[8.01444,45.40666],[8.014665,45.406518],[8.014783,45.406442],[8.014994,45.406094],[8.015437,45.405354],[8.015726,45.404838],[8.015832,45.404552],[8.015866,45.403999],[8.015877,45.403427],[8.016061,45.403055],[8.016528,45.402452],[8.017302,45.401743],[8.018329,45.401054],[8.020529,45.399651],[8.020588,45.399681],[8.027023,45.4031],[8.029247,45.40135],[8.029773,45.40103],[8.030507,45.400636],[8.031365,45.400278],[8.033659,45.399488],[8.041735,45.396973],[8.04434,45.396714],[8.047792,45.397293],[8.052625,45.397731],[8.055324,45.397068],[8.059361,45.395139],[8.059813,45.394823],[8.069027,45.387031],[8.086445,45.384796],[8.093035,45.383617],[8.110557,45.379918],[8.115766,45.378574],[8.117396,45.37814],[8.120057,45.377351],[8.125736,45.381062],[8.134912,45.391393],[8.138375,45.397549],[8.139453,45.400006],[8.149699,45.409182],[8.151872,45.410036],[8.157109,45.410273],[8.168185,45.410957],[8.168652,45.411126],[8.168713,45.411271],[8.170537,45.416383],[8.170656,45.416861],[8.170739,45.417411],[8.170809,45.418996],[8.170788,45.419149],[8.170623,45.419455],[8.170512,45.419604],[8.170214,45.419856],[8.170186,45.419876],[8.170158,45.419896],[8.170129,45.419917],[8.169927,45.420061],[8.16953,45.420256],[8.16936,45.420323],[8.169151,45.420396],[8.169099,45.420414],[8.168906,45.420425],[8.166683,45.421149],[8.163603,45.422724],[8.163282,45.422902],[8.163066,45.423044],[8.161386,45.424237],[8.161362,45.424575],[8.162298,45.426702],[8.1641,45.430793],[8.165994,45.434236],[8.170577,45.437991],[8.182413,45.446268],[8.194158,45.448602],[8.201687,45.446827],[8.203442,45.446695],[8.208166,45.449033],[8.215718,45.453113],[8.219903,45.457277],[8.21772,45.462416],[8.21668,45.469114],[8.21778,45.472416],[8.218919,45.475547],[8.232051,45.478913],[8.23814,45.484098],[8.245467,45.49177],[8.244434,45.493096],[8.24464,45.493417],[8.24823,45.495303],[8.250811,45.496468],[8.25401,45.497745],[8.25671,45.498721],[8.258238,45.4991],[8.258599,45.49921],[8.259095,45.499416],[8.261645,45.500486],[8.262912,45.501084],[8.263031,45.501282],[8.267068,45.510211],[8.267607,45.515896],[8.271399,45.516917],[8.280654,45.517052],[8.291921,45.517732],[8.285028,45.520716],[8.279954,45.522916],[8.279456,45.523147],[8.279091,45.523396],[8.279006,45.523455],[8.278507,45.52445],[8.277402,45.53219],[8.278209,45.532717],[8.283026,45.535771],[8.28644,45.537888],[8.286639,45.538012],[8.286922,45.538185],[8.28825,45.53899],[8.288895,45.539381],[8.292566,45.541657],[8.296454,45.553605],[8.295223,45.554304],[8.294385,45.554775],[8.294148,45.554909],[8.292358,45.555857],[8.291598,45.556253],[8.28665,45.558804],[8.282275,45.560887],[8.279684,45.562055],[8.276289,45.563586],[8.270641,45.575077],[8.270602,45.578051],[8.271089,45.579494],[8.267561,45.588423],[8.2649,45.589792],[8.263829,45.590406],[8.260341,45.593626],[8.259471,45.596715],[8.25849,45.600276],[8.256979,45.607693],[8.257787,45.610336],[8.261704,45.612751],[8.262825,45.613289],[8.26583,45.61465],[8.267098,45.615202],[8.268946,45.615997],[8.271018,45.615997],[8.271707,45.615417],[8.272119,45.614843],[8.277827,45.611726],[8.286718,45.614868],[8.288054,45.615344],[8.288416,45.615477],[8.28968,45.615996],[8.292487,45.61764],[8.294028,45.618962],[8.303666,45.61793],[8.306343,45.616343],[8.306657,45.616201],[8.306745,45.616197],[8.311306,45.620962],[8.311496,45.621568],[8.311998,45.624636],[8.312083,45.625473],[8.312534,45.632038],[8.312314,45.633148],[8.31216,45.633822],[8.311962,45.634604],[8.31183,45.635067],[8.311156,45.63513],[8.299864,45.635984],[8.294822,45.635417],[8.289198,45.63329],[8.287482,45.632397],[8.28733,45.632306],[8.28613,45.631106],[8.284027,45.628964],[8.281169,45.626521],[8.276316,45.62316],[8.263454,45.619962],[8.261036,45.625664],[8.261639,45.632156],[8.264108,45.633419],[8.273221,45.633167],[8.28274,45.634506],[8.291293,45.636795],[8.292342,45.638116],[8.293235,45.639224],[8.29585,45.640896],[8.30471,45.641469],[8.311422,45.641401],[8.318754,45.641818],[8.327001,45.645261],[8.327367,45.645447],[8.327765,45.64598],[8.327803,45.646197],[8.32791,45.646945],[8.327625,45.647141],[8.327023,45.647475],[8.32399,45.648874],[8.323696,45.648913],[8.32327,45.648969],[8.322936,45.649013],[8.322393,45.649084],[8.322247,45.649103],[8.320448,45.649262],[8.312285,45.652289],[8.297629,45.65777],[8.296325,45.661763],[8.292985,45.665941],[8.292118,45.666588],[8.289443,45.66858],[8.288681,45.66879],[8.285327,45.669647],[8.284295,45.66985],[8.284148,45.669878],[8.283852,45.6699],[8.27492,45.677934],[8.253762,45.691952],[8.238091,45.701569],[8.226772,45.705809],[8.224137,45.706635],[8.222642,45.707371],[8.213859,45.713695],[8.211798,45.715787],[8.209985,45.718268],[8.207316,45.721481],[8.200997,45.725306],[8.199887,45.725434],[8.197874,45.725425],[8.197731,45.725374],[8.197315,45.725209],[8.196873,45.724986],[8.19673,45.724904],[8.196303,45.724554],[8.196161,45.724414],[8.191659,45.725206],[8.183891,45.729453],[8.183111,45.730802],[8.180233,45.737861],[8.182704,45.739957],[8.18297,45.740935],[8.182604,45.744256],[8.182417,45.745755],[8.181963,45.749083],[8.181789,45.750171],[8.181524,45.751064],[8.181214,45.752093],[8.181202,45.75212],[8.181157,45.752212],[8.180255,45.752477],[8.180059,45.752503],[8.179878,45.752484],[8.176937,45.752003],[8.174238,45.751336],[8.169827,45.750881],[8.162575,45.750483],[8.156591,45.750244],[8.153964,45.750639],[8.138262,45.753203],[8.131203,45.755742],[8.130981,45.755952],[8.130498,45.756367],[8.129929,45.756826],[8.128534,45.757661],[8.128174,45.757623],[8.122864,45.756916],[8.121173,45.756232],[8.120691,45.756031],[8.119947,45.755696],[8.108171,45.749003],[8.108058,45.74893],[8.107259,45.748407],[8.106626,45.747988],[8.104857,45.746754],[8.1041,45.746213],[8.103776,45.745958],[8.103413,45.745654],[8.102982,45.74529],[8.102581,45.744936],[8.102289,45.74465],[8.101936,45.744296],[8.101206,45.74353],[8.100545,45.742827],[8.088908,45.738775],[8.088284,45.738729],[8.084445,45.738415],[8.08279,45.737223],[8.081034,45.735084],[8.080667,45.734362],[8.079533,45.731985],[8.078418,45.729244],[8.07791,45.725083],[8.077932,45.723683],[8.077957,45.723507],[8.078078,45.723026],[8.078128,45.722898],[8.078325,45.722522],[8.07842,45.722352],[8.073851,45.719257],[8.065844,45.723437],[8.064037,45.729474],[8.064147,45.729936],[8.064239,45.730376],[8.06409,45.73213],[8.063627,45.73547],[8.062973,45.736828],[8.06258,45.737405],[8.062191,45.73787],[8.061729,45.738389],[8.060331,45.739682],[8.059194,45.740617],[8.058411,45.740337],[8.056752,45.739702],[8.054731,45.73878],[8.05092,45.737815],[8.035912,45.735615],[8.026846,45.737034],[8.02235,45.737923],[8.02121,45.737666],[8.021051,45.737579],[8.01505,45.734134],[8.012145,45.729964],[8.009957,45.727011],[8.005982,45.723538],[8.003437,45.72149],[8.002287,45.720581],[8.001227,45.719752],[8.000506,45.719495],[8.000465,45.71948],[7.999759,45.719271],[7.999261,45.719177],[7.998182,45.719019],[7.997077,45.719018],[7.996749,45.719029],[7.996547,45.719036],[7.995869,45.71912],[7.990996,45.719946],[7.984128,45.72087],[7.973011,45.720672],[7.963147,45.720299],[7.962275,45.720085],[7.961344,45.719842],[7.948565,45.72048],[7.944796,45.72258],[7.944163,45.72293],[7.943081,45.723473],[7.942028,45.723828],[7.940196,45.724175],[7.938881,45.724406],[7.937755,45.724557],[7.937504,45.724518],[7.936624,45.724345],[7.932136,45.731882],[7.929188,45.739552],[7.925838,45.741957],[7.906673,45.747815],[7.904866,45.748185],[7.90024,45.749237],[7.894836,45.752823],[7.88548,45.759707],[7.88493,45.760197],[7.884477,45.76103],[7.882185,45.765688],[7.882259,45.769678],[7.877473,45.775524],[7.875963,45.776445],[7.874451,45.777448],[7.873417,45.778292],[7.869998,45.781985],[7.864072,45.790036],[7.86415,45.795061],[7.86625,45.802532],[7.864234,45.81202],[7.86239,45.819559],[7.862332,45.819903],[7.867796,45.824664],[7.86903,45.825406],[7.870874,45.825883],[7.872326,45.826005],[7.870886,45.834165],[7.869507,45.834886],[7.86844,45.835451],[7.867854,45.835787],[7.866836,45.83647],[7.864986,45.838135],[7.864671,45.838438],[7.864301,45.838911],[7.86401,45.839286],[7.863862,45.839583],[7.863955,45.840062],[7.866183,45.847042],[7.866389,45.847665],[7.866712,45.84828],[7.867307,45.84879],[7.868323,45.849484],[7.869227,45.849988],[7.870171,45.850457],[7.87128,45.851035],[7.872158,45.851538],[7.872742,45.851985],[7.873577,45.852695],[7.873941,45.853167],[7.874225,45.853782],[7.874442,45.854549],[7.87558,45.862108],[7.868723,45.868926],[7.866998,45.877325],[7.864141,45.892931],[7.864041,45.900367],[7.86316,45.907547],[7.862323,45.908088],[7.861859,45.908731],[7.861468,45.909564],[7.861373,45.91041],[7.861897,45.91443],[7.862184,45.91492],[7.864046,45.91644],[7.867045,45.919363],[7.874001,45.922942],[7.876965,45.926428],[7.878012,45.927369],[7.882347,45.927384],[7.897423,45.92623],[7.909198,45.925016],[7.922937,45.92124],[7.926961,45.919873],[7.927453,45.919684],[7.929108,45.919048],[7.930746,45.918298],[7.939238,45.912558],[7.941938,45.909411],[7.942174,45.909107],[7.942585,45.907837],[7.953158,45.90397],[7.961285,45.901339],[7.962938,45.901012],[7.9668,45.901726],[7.973952,45.904554],[7.97934,45.907164],[7.993902,45.914263],[7.997589,45.916415],[8.004878,45.920882],[8.008699,45.923487],[8.011956,45.926123],[8.022013,45.929627],[8.028197,45.930019],[8.033836,45.931128],[8.034464,45.931277],[8.037754,45.932255],[8.039799,45.933127],[8.040544,45.933465],[8.041051,45.9337],[8.046704,45.935098],[8.060007,45.936153],[8.060667,45.936085],[8.060921,45.936059],[8.061466,45.936003],[8.06223,45.935838],[8.064368,45.935311],[8.065889,45.934806],[8.066869,45.934337],[8.075642,45.929558],[8.083383,45.923755],[8.083956,45.923418],[8.085309,45.922646],[8.086231,45.922334],[8.086863,45.922173],[8.087727,45.92231],[8.09762,45.923959],[8.098872,45.925177],[8.10107,45.926938],[8.102062,45.927702],[8.105664,45.929742],[8.106853,45.930242],[8.107024,45.9303],[8.107858,45.930578],[8.114196,45.931928],[8.114587,45.931994],[8.115516,45.932037],[8.115798,45.931958],[8.116974,45.931338],[8.117005,45.931321],[8.140754,45.932482],[8.143651,45.932693],[8.150627,45.933285],[8.151537,45.933391],[8.151618,45.933401],[8.151908,45.933435],[8.152132,45.933462],[8.152335,45.933486],[8.152939,45.93359],[8.153136,45.933633],[8.15384,45.933795],[8.153998,45.933831],[8.154037,45.933843],[8.154586,45.934013],[8.154859,45.934099],[8.15681,45.934776],[8.156852,45.934792],[8.157469,45.93503],[8.157656,45.935103],[8.157851,45.935179],[8.158206,45.935346],[8.158911,45.935682],[8.159225,45.935832],[8.159771,45.936093],[8.160025,45.936216],[8.160426,45.936463],[8.162191,45.937564],[8.162767,45.937924],[8.163332,45.938347],[8.164457,45.939194],[8.164501,45.939228],[8.164568,45.939302],[8.164816,45.939575],[8.164976,45.939754],[8.171312,45.943658],[8.179891,45.948417],[8.183898,45.949804],[8.192173,45.950411],[8.193202,45.95046],[8.19691,45.950004],[8.199342,45.94966]]]]}}]}